[0.000000] (-) TimerEvent: {}
[0.000964] (fsae_description) JobQueued: {'identifier': 'fsae_description', 'dependencies': OrderedDict()}
[0.001053] (fsae_interfaces) JobQueued: {'identifier': 'fsae_interfaces', 'dependencies': OrderedDict()}
[0.001306] (fsae_camera) JobQueued: {'identifier': 'fsae_camera', 'dependencies': OrderedDict({'fsae_interfaces': '/home/martin/autonomous_new/install/fsae_interfaces'})}
[0.001765] (fsae_can_bridge) JobQueued: {'identifier': 'fsae_can_bridge', 'dependencies': OrderedDict({'fsae_interfaces': '/home/martin/autonomous_new/install/fsae_interfaces'})}
[0.002006] (fsae_control) JobQueued: {'identifier': 'fsae_control', 'dependencies': OrderedDict({'fsae_interfaces': '/home/martin/autonomous_new/install/fsae_interfaces'})}
[0.002202] (fsae_lidar) JobQueued: {'identifier': 'fsae_lidar', 'dependencies': OrderedDict({'fsae_interfaces': '/home/martin/autonomous_new/install/fsae_interfaces'})}
[0.002292] (fsae_mission_control) JobQueued: {'identifier': 'fsae_mission_control', 'dependencies': OrderedDict({'fsae_interfaces': '/home/martin/autonomous_new/install/fsae_interfaces'})}
[0.002403] (fsae_planning) JobQueued: {'identifier': 'fsae_planning', 'dependencies': OrderedDict({'fsae_interfaces': '/home/martin/autonomous_new/install/fsae_interfaces'})}
[0.002435] (fsae_slam) JobQueued: {'identifier': 'fsae_slam', 'dependencies': OrderedDict({'fsae_interfaces': '/home/martin/autonomous_new/install/fsae_interfaces'})}
[0.002509] (fsae_visualization) JobQueued: {'identifier': 'fsae_visualization', 'dependencies': OrderedDict({'fsae_interfaces': '/home/martin/autonomous_new/install/fsae_interfaces'})}
[0.002619] (fsae_bringup) JobQueued: {'identifier': 'fsae_bringup', 'dependencies': OrderedDict({'fsae_description': '/home/martin/autonomous_new/install/fsae_description', 'fsae_interfaces': '/home/martin/autonomous_new/install/fsae_interfaces', 'fsae_camera': '/home/martin/autonomous_new/install/fsae_camera', 'fsae_can_bridge': '/home/martin/autonomous_new/install/fsae_can_bridge', 'fsae_control': '/home/martin/autonomous_new/install/fsae_control', 'fsae_lidar': '/home/martin/autonomous_new/install/fsae_lidar', 'fsae_mission_control': '/home/martin/autonomous_new/install/fsae_mission_control', 'fsae_planning': '/home/martin/autonomous_new/install/fsae_planning', 'fsae_slam': '/home/martin/autonomous_new/install/fsae_slam', 'fsae_visualization': '/home/martin/autonomous_new/install/fsae_visualization'})}
[0.002747] (fsae_interfaces) JobStarted: {'identifier': 'fsae_interfaces'}
[0.018908] (fsae_description) JobStarted: {'identifier': 'fsae_description'}
[0.034898] (fsae_interfaces) JobProgress: {'identifier': 'fsae_interfaces', 'progress': 'cmake'}
[0.039032] (fsae_interfaces) Command: {'cmd': ['/usr/bin/cmake', '/home/martin/autonomous_new/src/fsae_autonomous/common/fsae_interfaces', '-DCMAKE_INSTALL_PREFIX=/home/martin/autonomous_new/install/fsae_interfaces'], 'cwd': '/home/martin/autonomous_new/build/fsae_interfaces', 'env': OrderedDict({'LESSOPEN': '| /usr/bin/lesspipe %s', 'USER': 'martin', 'GZ_CONFIG_PATH': '/opt/ros/jazzy/opt/sdformat_vendor/share/gz', 'GIT_ASKPASS': '/home/martin/.vscode-server/bin/5264f2156cbcd7aea5fd004d29eaa10209155d66/extensions/git/dist/askpass.sh', 'SHLVL': '2', 'LD_LIBRARY_PATH': '/opt/ros/jazzy/opt/sdformat_vendor/lib:/opt/ros/jazzy/opt/rviz_ogre_vendor/lib:/opt/ros/jazzy/lib/x86_64-linux-gnu:/opt/ros/jazzy/opt/gz_math_vendor/lib:/opt/ros/jazzy/opt/gz_utils_vendor/lib:/opt/ros/jazzy/opt/gz_tools_vendor/lib:/opt/ros/jazzy/opt/gz_cmake_vendor/lib:/opt/ros/jazzy/lib', 'HOME': '/home/martin', 'OLDPWD': '/home/martin', 'TERM_PROGRAM_VERSION': '1.128.1', 'VSCODE_IPC_HOOK_CLI': '/run/user/1000/vscode-ipc-6de7dfac-c000-4f45-8eca-7abf1bf9f1fb.sock', 'ROS_PYTHON_VERSION': '3', 'VSCODE_GIT_ASKPASS_MAIN': '/home/martin/.vscode-server/bin/5264f2156cbcd7aea5fd004d29eaa10209155d66/extensions/git/dist/askpass-main.js', 'VSCODE_GIT_ASKPASS_NODE': '/home/martin/.vscode-server/bin/5264f2156cbcd7aea5fd004d29eaa10209155d66/node', 'VSCODE_PYTHON_AUTOACTIVATE_GUARD': '1', 'DBUS_SESSION_BUS_ADDRESS': 'unix:path=/run/user/1000/bus', 'COLORTERM': 'truecolor', 'WSL_DISTRO_NAME': 'Ubuntu', 'WAYLAND_DISPLAY': 'wayland-0', 'ROS_DISTRO': 'jazzy', 'LOGNAME': 'martin', 'NAME': 'Code', 'WSL_INTEROP': '/run/WSL/759_interop', 'PULSE_SERVER': 'unix:/mnt/wslg/PulseServer', '_': '/usr/bin/colcon', 'ROS_VERSION': '2', 'TERM': 'xterm-256color', 'PATH': '/home/martin/.vscode-server/data/User/globalStorage/github.copilot-chat/debugCommand:/home/martin/.vscode-server/data/User/globalStorage/github.copilot-chat/copilotCli:/home/martin/.vscode-server/bin/5264f2156cbcd7aea5fd004d29eaa10209155d66/bin/remote-cli:/opt/ros/jazzy/opt/gz_tools_vendor/bin:/opt/ros/jazzy/bin:/usr/local/sbin:/usr/local/bin:/usr/sbin:/usr/bin:/sbin:/bin:/usr/games:/usr/local/games:/usr/lib/wsl/lib:/mnt/c/Program Files/WindowsApps/MicrosoftCorporationII.WindowsSubsystemForLinux_2.7.3.0_x64__8wekyb3d8bbwe:/mnt/c/Python314/Scripts/:/mnt/c/Python314/:/mnt/c/Program Files/Common Files/Oracle/Java/javapath:/mnt/c/Program Files (x86)/Common Files/Oracle/Java/java8path:/mnt/c/Program Files (x86)/Common Files/Oracle/Java/javapath:/mnt/c/windows/system32:/mnt/c/windows:/mnt/c/windows/System32/Wbem:/mnt/c/windows/System32/WindowsPowerShell/v1.0/:/mnt/c/windows/System32/OpenSSH/:/mnt/c/Users/Administrator/AppData/Local/Microsoft/WindowsApps:/mnt/c/Program Files/HP/OMEN-Broadcast/Common:/mnt/c/WINDOWS/system32:/mnt/c/WINDOWS:/mnt/c/WINDOWS/System32/Wbem:/mnt/c/WINDOWS/System32/WindowsPowerShell/v1.0/:/mnt/c/WINDOWS/System32/OpenSSH/:/mnt/c/Program Files/NVIDIA Corporation/NVIDIA app/NvDLISR:/mnt/c/Program Files (x86)/NVIDIA Corporation/PhysX/Common:/mnt/c/Program Files/Git/cmd:/mnt/c/Program Files (x86)/Windows Kits/10/Windows Performance Toolkit/:/mnt/c/Program Files/dotnet/:/mnt/c/Users/marti/AppData/Local/Python/pythoncore-3.14-64/Lib/site-packages/pip:/mnt/c/Users/marti/AppData/Local/Python/pythoncore-3.14-64/Scripts/ffmpeg-2025-11-12-git-6cdd2cbe32-full_build/bin:/mnt/c/msys64/mingw64/bin:/mnt/c/Program Files/MATLAB/R2025b/bin:/mnt/c/Users/marti/AppData/Local/Python/pythoncore-3.14-64/Scripts:/mnt/c/Program Files/GitHub CLI/:/mnt/c/Users/marti/Downloads/Tools/ffmpeg/bin:/mnt/c/Program Files/nodejs/:/mnt/c/ProgramData/chocolatey/bin:/mnt/c/Users/marti/AppData/Local/Microsoft/WindowsApps:/mnt/c/Users/marti/AppData/Local/Programs/Microsoft VS Code/bin:/mnt/c/Users/marti/.dotnet/tools:/mnt/c/Users/marti/AppData/Local/Python/bin:/mnt/c/Users/marti/AppData/Local/Python/pythoncore-3.14-64/Lib/site-packages/pip:/mnt/c/Users/marti/AppData/Local/Python/pythoncore-3.14-64/Scripts:/mnt/c/Users/marti/AppData/Local/Python/pythoncore-3.14-64/Scripts/ffmpeg-2025-11-12-git-6cdd2cbe32-full_build/bin:/mnt/c/Users/marti/AppData/Local/Programs/MiKTeX/miktex/bin/x64/:/mnt/c/Users/marti/Downloads/Tools/ffmpeg/bin:/mnt/c/Users/marti/AppData/Roaming/npm:/snap/bin', 'XDG_RUNTIME_DIR': '/run/user/1000', 'DISPLAY': ':0', 'LANG': 'C.UTF-8', 'LS_COLORS': 'rs=0:di=01;34:ln=01;36:mh=00:pi=40;33:so=01;35:do=01;35:bd=40;33;01:cd=40;33;01:or=40;31;01:mi=00:su=37;41:sg=30;43:ca=00:tw=30;42:ow=34;42:st=37;44:ex=01;32:*.tar=01;31:*.tgz=01;31:*.arc=01;31:*.arj=01;31:*.taz=01;31:*.lha=01;31:*.lz4=01;31:*.lzh=01;31:*.lzma=01;31:*.tlz=01;31:*.txz=01;31:*.tzo=01;31:*.t7z=01;31:*.zip=01;31:*.z=01;31:*.dz=01;31:*.gz=01;31:*.lrz=01;31:*.lz=01;31:*.lzo=01;31:*.xz=01;31:*.zst=01;31:*.tzst=01;31:*.bz2=01;31:*.bz=01;31:*.tbz=01;31:*.tbz2=01;31:*.tz=01;31:*.deb=01;31:*.rpm=01;31:*.jar=01;31:*.war=01;31:*.ear=01;31:*.sar=01;31:*.rar=01;31:*.alz=01;31:*.ace=01;31:*.zoo=01;31:*.cpio=01;31:*.7z=01;31:*.rz=01;31:*.cab=01;31:*.wim=01;31:*.swm=01;31:*.dwm=01;31:*.esd=01;31:*.avif=01;35:*.jpg=01;35:*.jpeg=01;35:*.mjpg=01;35:*.mjpeg=01;35:*.gif=01;35:*.bmp=01;35:*.pbm=01;35:*.pgm=01;35:*.ppm=01;35:*.tga=01;35:*.xbm=01;35:*.xpm=01;35:*.tif=01;35:*.tiff=01;35:*.png=01;35:*.svg=01;35:*.svgz=01;35:*.mng=01;35:*.pcx=01;35:*.mov=01;35:*.mpg=01;35:*.mpeg=01;35:*.m2v=01;35:*.mkv=01;35:*.webm=01;35:*.webp=01;35:*.ogm=01;35:*.mp4=01;35:*.m4v=01;35:*.mp4v=01;35:*.vob=01;35:*.qt=01;35:*.nuv=01;35:*.wmv=01;35:*.asf=01;35:*.rm=01;35:*.rmvb=01;35:*.flc=01;35:*.avi=01;35:*.fli=01;35:*.flv=01;35:*.gl=01;35:*.dl=01;35:*.xcf=01;35:*.xwd=01;35:*.yuv=01;35:*.cgm=01;35:*.emf=01;35:*.ogv=01;35:*.ogx=01;35:*.aac=00;36:*.au=00;36:*.flac=00;36:*.m4a=00;36:*.mid=00;36:*.midi=00;36:*.mka=00;36:*.mp3=00;36:*.mpc=00;36:*.ogg=00;36:*.ra=00;36:*.wav=00;36:*.oga=00;36:*.opus=00;36:*.spx=00;36:*.xspf=00;36:*~=00;90:*#=00;90:*.bak=00;90:*.crdownload=00;90:*.dpkg-dist=00;90:*.dpkg-new=00;90:*.dpkg-old=00;90:*.dpkg-tmp=00;90:*.old=00;90:*.orig=00;90:*.part=00;90:*.rej=00;90:*.rpmnew=00;90:*.rpmorig=00;90:*.rpmsave=00;90:*.swp=00;90:*.tmp=00;90:*.ucf-dist=00;90:*.ucf-new=00;90:*.ucf-old=00;90:', 'VSCODE_GIT_IPC_HANDLE': '/run/user/1000/vscode-git-be4e147b20.sock', 'TERM_PROGRAM': 'vscode', 'AMENT_PREFIX_PATH': '/opt/ros/jazzy', 'SHELL': '/bin/bash', 'LESSCLOSE': '/usr/bin/lesspipe %s %s', 'ROS_AUTOMATIC_DISCOVERY_RANGE': 'SUBNET', 'VSCODE_GIT_ASKPASS_EXTRA_ARGS': '', 'PWD': '/home/martin/autonomous_new/build/fsae_interfaces', 'COPILOT_DEBUG_NONCE': 'a0835ffc0f41e7145ddef4c5f08bbb53', 'XDG_DATA_DIRS': '/usr/local/share:/usr/share:/var/lib/snapd/desktop', 'PYTHONPATH': '/opt/ros/jazzy/lib/python3.12/site-packages', 'COLCON': '1', 'WSL2_GUI_APPS_ENABLED': '1', 'HOSTTYPE': 'x86_64', 'CMAKE_PREFIX_PATH': '/opt/ros/jazzy/opt/sdformat_vendor:/opt/ros/jazzy/opt/gz_math_vendor:/opt/ros/jazzy/opt/gz_utils_vendor:/opt/ros/jazzy/opt/gz_tools_vendor:/opt/ros/jazzy/opt/gz_cmake_vendor:/opt/ros/jazzy', 'WSLENV': 'ELECTRON_RUN_AS_NODE/w:'}), 'shell': False}
[0.099582] (-) TimerEvent: {}
[0.200068] (-) TimerEvent: {}
[0.300571] (-) TimerEvent: {}
[0.401136] (-) TimerEvent: {}
[0.501627] (-) TimerEvent: {}
[0.519602] (fsae_interfaces) StdoutLine: {'line': b'-- The C compiler identification is GNU 13.3.0\n'}
[0.601773] (-) TimerEvent: {}
[0.702302] (-) TimerEvent: {}
[0.802764] (-) TimerEvent: {}
[0.903250] (-) TimerEvent: {}
[1.003679] (-) TimerEvent: {}
[1.104171] (-) TimerEvent: {}
[1.204668] (-) TimerEvent: {}
[1.305109] (-) TimerEvent: {}
[1.405510] (-) TimerEvent: {}
[1.505925] (-) TimerEvent: {}
[1.606408] (-) TimerEvent: {}
[1.706937] (-) TimerEvent: {}
[1.802523] (fsae_description) Command: {'cmd': ['/usr/bin/python3', '-W', 'ignore:setup.py install is deprecated', '-W', 'ignore:easy_install command is deprecated', 'setup.py', 'egg_info', '--egg-base', '../../../../build/fsae_description', 'build', '--build-base', '/home/martin/autonomous_new/build/fsae_description/build', 'install', '--record', '/home/martin/autonomous_new/build/fsae_description/install.log', '--single-version-externally-managed', 'install_data'], 'cwd': '/home/martin/autonomous_new/src/fsae_autonomous/common/fsae_description', 'env': {'LESSOPEN': '| /usr/bin/lesspipe %s', 'USER': 'martin', 'GZ_CONFIG_PATH': '/opt/ros/jazzy/opt/sdformat_vendor/share/gz', 'GIT_ASKPASS': '/home/martin/.vscode-server/bin/5264f2156cbcd7aea5fd004d29eaa10209155d66/extensions/git/dist/askpass.sh', 'SHLVL': '2', 'LD_LIBRARY_PATH': '/opt/ros/jazzy/opt/sdformat_vendor/lib:/opt/ros/jazzy/opt/rviz_ogre_vendor/lib:/opt/ros/jazzy/lib/x86_64-linux-gnu:/opt/ros/jazzy/opt/gz_math_vendor/lib:/opt/ros/jazzy/opt/gz_utils_vendor/lib:/opt/ros/jazzy/opt/gz_tools_vendor/lib:/opt/ros/jazzy/opt/gz_cmake_vendor/lib:/opt/ros/jazzy/lib', 'HOME': '/home/martin', 'OLDPWD': '/home/martin', 'TERM_PROGRAM_VERSION': '1.128.1', 'VSCODE_IPC_HOOK_CLI': '/run/user/1000/vscode-ipc-6de7dfac-c000-4f45-8eca-7abf1bf9f1fb.sock', 'ROS_PYTHON_VERSION': '3', 'VSCODE_GIT_ASKPASS_MAIN': '/home/martin/.vscode-server/bin/5264f2156cbcd7aea5fd004d29eaa10209155d66/extensions/git/dist/askpass-main.js', 'VSCODE_GIT_ASKPASS_NODE': '/home/martin/.vscode-server/bin/5264f2156cbcd7aea5fd004d29eaa10209155d66/node', 'VSCODE_PYTHON_AUTOACTIVATE_GUARD': '1', 'DBUS_SESSION_BUS_ADDRESS': 'unix:path=/run/user/1000/bus', 'COLORTERM': 'truecolor', 'WSL_DISTRO_NAME': 'Ubuntu', 'WAYLAND_DISPLAY': 'wayland-0', 'ROS_DISTRO': 'jazzy', 'LOGNAME': 'martin', 'NAME': 'Code', 'WSL_INTEROP': '/run/WSL/759_interop', 'PULSE_SERVER': 'unix:/mnt/wslg/PulseServer', '_': '/usr/bin/colcon', 'ROS_VERSION': '2', 'TERM': 'xterm-256color', 'PATH': '/home/martin/.vscode-server/data/User/globalStorage/github.copilot-chat/debugCommand:/home/martin/.vscode-server/data/User/globalStorage/github.copilot-chat/copilotCli:/home/martin/.vscode-server/bin/5264f2156cbcd7aea5fd004d29eaa10209155d66/bin/remote-cli:/opt/ros/jazzy/opt/gz_tools_vendor/bin:/opt/ros/jazzy/bin:/usr/local/sbin:/usr/local/bin:/usr/sbin:/usr/bin:/sbin:/bin:/usr/games:/usr/local/games:/usr/lib/wsl/lib:/mnt/c/Program Files/WindowsApps/MicrosoftCorporationII.WindowsSubsystemForLinux_2.7.3.0_x64__8wekyb3d8bbwe:/mnt/c/Python314/Scripts/:/mnt/c/Python314/:/mnt/c/Program Files/Common Files/Oracle/Java/javapath:/mnt/c/Program Files (x86)/Common Files/Oracle/Java/java8path:/mnt/c/Program Files (x86)/Common Files/Oracle/Java/javapath:/mnt/c/windows/system32:/mnt/c/windows:/mnt/c/windows/System32/Wbem:/mnt/c/windows/System32/WindowsPowerShell/v1.0/:/mnt/c/windows/System32/OpenSSH/:/mnt/c/Users/Administrator/AppData/Local/Microsoft/WindowsApps:/mnt/c/Program Files/HP/OMEN-Broadcast/Common:/mnt/c/WINDOWS/system32:/mnt/c/WINDOWS:/mnt/c/WINDOWS/System32/Wbem:/mnt/c/WINDOWS/System32/WindowsPowerShell/v1.0/:/mnt/c/WINDOWS/System32/OpenSSH/:/mnt/c/Program Files/NVIDIA Corporation/NVIDIA app/NvDLISR:/mnt/c/Program Files (x86)/NVIDIA Corporation/PhysX/Common:/mnt/c/Program Files/Git/cmd:/mnt/c/Program Files (x86)/Windows Kits/10/Windows Performance Toolkit/:/mnt/c/Program Files/dotnet/:/mnt/c/Users/marti/AppData/Local/Python/pythoncore-3.14-64/Lib/site-packages/pip:/mnt/c/Users/marti/AppData/Local/Python/pythoncore-3.14-64/Scripts/ffmpeg-2025-11-12-git-6cdd2cbe32-full_build/bin:/mnt/c/msys64/mingw64/bin:/mnt/c/Program Files/MATLAB/R2025b/bin:/mnt/c/Users/marti/AppData/Local/Python/pythoncore-3.14-64/Scripts:/mnt/c/Program Files/GitHub CLI/:/mnt/c/Users/marti/Downloads/Tools/ffmpeg/bin:/mnt/c/Program Files/nodejs/:/mnt/c/ProgramData/chocolatey/bin:/mnt/c/Users/marti/AppData/Local/Microsoft/WindowsApps:/mnt/c/Users/marti/AppData/Local/Programs/Microsoft VS Code/bin:/mnt/c/Users/marti/.dotnet/tools:/mnt/c/Users/marti/AppData/Local/Python/bin:/mnt/c/Users/marti/AppData/Local/Python/pythoncore-3.14-64/Lib/site-packages/pip:/mnt/c/Users/marti/AppData/Local/Python/pythoncore-3.14-64/Scripts:/mnt/c/Users/marti/AppData/Local/Python/pythoncore-3.14-64/Scripts/ffmpeg-2025-11-12-git-6cdd2cbe32-full_build/bin:/mnt/c/Users/marti/AppData/Local/Programs/MiKTeX/miktex/bin/x64/:/mnt/c/Users/marti/Downloads/Tools/ffmpeg/bin:/mnt/c/Users/marti/AppData/Roaming/npm:/snap/bin', 'XDG_RUNTIME_DIR': '/run/user/1000', 'DISPLAY': ':0', 'LANG': 'C.UTF-8', 'LS_COLORS': 'rs=0:di=01;34:ln=01;36:mh=00:pi=40;33:so=01;35:do=01;35:bd=40;33;01:cd=40;33;01:or=40;31;01:mi=00:su=37;41:sg=30;43:ca=00:tw=30;42:ow=34;42:st=37;44:ex=01;32:*.tar=01;31:*.tgz=01;31:*.arc=01;31:*.arj=01;31:*.taz=01;31:*.lha=01;31:*.lz4=01;31:*.lzh=01;31:*.lzma=01;31:*.tlz=01;31:*.txz=01;31:*.tzo=01;31:*.t7z=01;31:*.zip=01;31:*.z=01;31:*.dz=01;31:*.gz=01;31:*.lrz=01;31:*.lz=01;31:*.lzo=01;31:*.xz=01;31:*.zst=01;31:*.tzst=01;31:*.bz2=01;31:*.bz=01;31:*.tbz=01;31:*.tbz2=01;31:*.tz=01;31:*.deb=01;31:*.rpm=01;31:*.jar=01;31:*.war=01;31:*.ear=01;31:*.sar=01;31:*.rar=01;31:*.alz=01;31:*.ace=01;31:*.zoo=01;31:*.cpio=01;31:*.7z=01;31:*.rz=01;31:*.cab=01;31:*.wim=01;31:*.swm=01;31:*.dwm=01;31:*.esd=01;31:*.avif=01;35:*.jpg=01;35:*.jpeg=01;35:*.mjpg=01;35:*.mjpeg=01;35:*.gif=01;35:*.bmp=01;35:*.pbm=01;35:*.pgm=01;35:*.ppm=01;35:*.tga=01;35:*.xbm=01;35:*.xpm=01;35:*.tif=01;35:*.tiff=01;35:*.png=01;35:*.svg=01;35:*.svgz=01;35:*.mng=01;35:*.pcx=01;35:*.mov=01;35:*.mpg=01;35:*.mpeg=01;35:*.m2v=01;35:*.mkv=01;35:*.webm=01;35:*.webp=01;35:*.ogm=01;35:*.mp4=01;35:*.m4v=01;35:*.mp4v=01;35:*.vob=01;35:*.qt=01;35:*.nuv=01;35:*.wmv=01;35:*.asf=01;35:*.rm=01;35:*.rmvb=01;35:*.flc=01;35:*.avi=01;35:*.fli=01;35:*.flv=01;35:*.gl=01;35:*.dl=01;35:*.xcf=01;35:*.xwd=01;35:*.yuv=01;35:*.cgm=01;35:*.emf=01;35:*.ogv=01;35:*.ogx=01;35:*.aac=00;36:*.au=00;36:*.flac=00;36:*.m4a=00;36:*.mid=00;36:*.midi=00;36:*.mka=00;36:*.mp3=00;36:*.mpc=00;36:*.ogg=00;36:*.ra=00;36:*.wav=00;36:*.oga=00;36:*.opus=00;36:*.spx=00;36:*.xspf=00;36:*~=00;90:*#=00;90:*.bak=00;90:*.crdownload=00;90:*.dpkg-dist=00;90:*.dpkg-new=00;90:*.dpkg-old=00;90:*.dpkg-tmp=00;90:*.old=00;90:*.orig=00;90:*.part=00;90:*.rej=00;90:*.rpmnew=00;90:*.rpmorig=00;90:*.rpmsave=00;90:*.swp=00;90:*.tmp=00;90:*.ucf-dist=00;90:*.ucf-new=00;90:*.ucf-old=00;90:', 'VSCODE_GIT_IPC_HANDLE': '/run/user/1000/vscode-git-be4e147b20.sock', 'TERM_PROGRAM': 'vscode', 'AMENT_PREFIX_PATH': '/opt/ros/jazzy', 'SHELL': '/bin/bash', 'LESSCLOSE': '/usr/bin/lesspipe %s %s', 'ROS_AUTOMATIC_DISCOVERY_RANGE': 'SUBNET', 'VSCODE_GIT_ASKPASS_EXTRA_ARGS': '', 'PWD': '/home/martin/autonomous_new/build/fsae_description', 'COPILOT_DEBUG_NONCE': 'a0835ffc0f41e7145ddef4c5f08bbb53', 'XDG_DATA_DIRS': '/usr/local/share:/usr/share:/var/lib/snapd/desktop', 'PYTHONPATH': '/home/martin/autonomous_new/build/fsae_description/prefix_override:/usr/lib/python3/dist-packages/colcon_core/task/python/colcon_distutils_commands:/home/martin/autonomous_new/install/fsae_description/lib/python3.12/site-packages:/opt/ros/jazzy/lib/python3.12/site-packages', 'COLCON': '1', 'WSL2_GUI_APPS_ENABLED': '1', 'HOSTTYPE': 'x86_64', 'CMAKE_PREFIX_PATH': '/opt/ros/jazzy/opt/sdformat_vendor:/opt/ros/jazzy/opt/gz_math_vendor:/opt/ros/jazzy/opt/gz_utils_vendor:/opt/ros/jazzy/opt/gz_tools_vendor:/opt/ros/jazzy/opt/gz_cmake_vendor', 'WSLENV': 'ELECTRON_RUN_AS_NODE/w:'}, 'shell': False}
[1.807037] (-) TimerEvent: {}
[1.907480] (-) TimerEvent: {}
[2.007932] (-) TimerEvent: {}
[2.029055] (fsae_interfaces) StdoutLine: {'line': b'-- The CXX compiler identification is GNU 13.3.0\n'}
[2.108101] (-) TimerEvent: {}
[2.208658] (-) TimerEvent: {}
[2.246225] (fsae_description) StdoutLine: {'line': b'running egg_info\n'}
[2.246876] (fsae_description) StdoutLine: {'line': b'creating ../../../../build/fsae_description/fsae_description.egg-info\n'}
[2.280555] (fsae_description) StdoutLine: {'line': b'writing ../../../../build/fsae_description/fsae_description.egg-info/PKG-INFO\n'}
[2.281140] (fsae_description) StdoutLine: {'line': b'writing dependency_links to ../../../../build/fsae_description/fsae_description.egg-info/dependency_links.txt\n'}
[2.281505] (fsae_description) StdoutLine: {'line': b'writing entry points to ../../../../build/fsae_description/fsae_description.egg-info/entry_points.txt\n'}
[2.281930] (fsae_description) StdoutLine: {'line': b'writing requirements to ../../../../build/fsae_description/fsae_description.egg-info/requires.txt\n'}
[2.282300] (fsae_description) StdoutLine: {'line': b'writing top-level names to ../../../../build/fsae_description/fsae_description.egg-info/top_level.txt\n'}
[2.282391] (fsae_description) StdoutLine: {'line': b"writing manifest file '../../../../build/fsae_description/fsae_description.egg-info/SOURCES.txt'\n"}
[2.308808] (-) TimerEvent: {}
[2.359493] (fsae_description) StdoutLine: {'line': b"reading manifest file '../../../../build/fsae_description/fsae_description.egg-info/SOURCES.txt'\n"}
[2.360988] (fsae_description) StdoutLine: {'line': b"writing manifest file '../../../../build/fsae_description/fsae_description.egg-info/SOURCES.txt'\n"}
[2.362251] (fsae_description) StdoutLine: {'line': b'running build\n'}
[2.362958] (fsae_description) StdoutLine: {'line': b'running build_py\n'}
[2.363270] (fsae_description) StdoutLine: {'line': b'creating /home/martin/autonomous_new/build/fsae_description/build\n'}
[2.364275] (fsae_description) StdoutLine: {'line': b'creating /home/martin/autonomous_new/build/fsae_description/build/lib\n'}
[2.365307] (fsae_description) StdoutLine: {'line': b'creating /home/martin/autonomous_new/build/fsae_description/build/lib/fsae_description\n'}
[2.366225] (fsae_description) StdoutLine: {'line': b'copying fsae_description/__init__.py -> /home/martin/autonomous_new/build/fsae_description/build/lib/fsae_description\n'}
[2.366764] (fsae_description) StdoutLine: {'line': b'copying fsae_description/state_publisher.py -> /home/martin/autonomous_new/build/fsae_description/build/lib/fsae_description\n'}
[2.367890] (fsae_description) StdoutLine: {'line': b'running install\n'}
[2.377412] (fsae_description) StdoutLine: {'line': b'running install_lib\n'}
[2.408967] (-) TimerEvent: {}
[2.411717] (fsae_description) StdoutLine: {'line': b'creating /home/martin/autonomous_new/install/fsae_description/lib/python3.12/site-packages/fsae_description\n'}
[2.412657] (fsae_description) StdoutLine: {'line': b'copying /home/martin/autonomous_new/build/fsae_description/build/lib/fsae_description/__init__.py -> /home/martin/autonomous_new/install/fsae_description/lib/python3.12/site-packages/fsae_description\n'}
[2.412938] (fsae_description) StdoutLine: {'line': b'copying /home/martin/autonomous_new/build/fsae_description/build/lib/fsae_description/state_publisher.py -> /home/martin/autonomous_new/install/fsae_description/lib/python3.12/site-packages/fsae_description\n'}
[2.413730] (fsae_description) StdoutLine: {'line': b'byte-compiling /home/martin/autonomous_new/install/fsae_description/lib/python3.12/site-packages/fsae_description/__init__.py to __init__.cpython-312.pyc\n'}
[2.414947] (fsae_description) StdoutLine: {'line': b'byte-compiling /home/martin/autonomous_new/install/fsae_description/lib/python3.12/site-packages/fsae_description/state_publisher.py to state_publisher.cpython-312.pyc\n'}
[2.416023] (fsae_description) StdoutLine: {'line': b'running install_data\n'}
[2.416331] (fsae_description) StdoutLine: {'line': b'creating /home/martin/autonomous_new/install/fsae_description/share/ament_index\n'}
[2.417072] (fsae_description) StdoutLine: {'line': b'creating /home/martin/autonomous_new/install/fsae_description/share/ament_index/resource_index\n'}
[2.417802] (fsae_description) StdoutLine: {'line': b'creating /home/martin/autonomous_new/install/fsae_description/share/ament_index/resource_index/packages\n'}
[2.418684] (fsae_description) StdoutLine: {'line': b'copying resource/fsae_description -> /home/martin/autonomous_new/install/fsae_description/share/ament_index/resource_index/packages\n'}
[2.419088] (fsae_description) StdoutLine: {'line': b'copying package.xml -> /home/martin/autonomous_new/install/fsae_description/share/fsae_description\n'}
[2.419395] (fsae_description) StdoutLine: {'line': b'creating /home/martin/autonomous_new/install/fsae_description/share/fsae_description/launch\n'}
[2.420296] (fsae_description) StdoutLine: {'line': b'copying launch/urdf_model.launch.py -> /home/martin/autonomous_new/install/fsae_description/share/fsae_description/launch\n'}
[2.420986] (fsae_description) StdoutLine: {'line': b'creating /home/martin/autonomous_new/install/fsae_description/share/fsae_description/urdf\n'}
[2.421947] (fsae_description) StdoutLine: {'line': b'copying urdf/urdf.rviz -> /home/martin/autonomous_new/install/fsae_description/share/fsae_description/urdf\n'}
[2.422523] (fsae_description) StdoutLine: {'line': b'copying urdf/trolly.urdf.xml -> /home/martin/autonomous_new/install/fsae_description/share/fsae_description/urdf\n'}
[2.423280] (fsae_description) StdoutLine: {'line': b'copying urdf/gocartv1.urdf.xml -> /home/martin/autonomous_new/install/fsae_description/share/fsae_description/urdf\n'}
[2.423871] (fsae_description) StdoutLine: {'line': b'creating /home/martin/autonomous_new/install/fsae_description/share/fsae_description/meshes\n'}
[2.424598] (fsae_description) StdoutLine: {'line': b'copying meshes/go_cart_camera.stl -> /home/martin/autonomous_new/install/fsae_description/share/fsae_description/meshes\n'}
[2.425989] (fsae_description) StdoutLine: {'line': b'copying meshes/go_cart_base.stl -> /home/martin/autonomous_new/install/fsae_description/share/fsae_description/meshes\n'}
[2.456818] (fsae_description) StdoutLine: {'line': b'copying meshes/trolly_base.stl -> /home/martin/autonomous_new/install/fsae_description/share/fsae_description/meshes\n'}
[2.459796] (fsae_description) StdoutLine: {'line': b'copying meshes/trolly_camera.stl -> /home/martin/autonomous_new/install/fsae_description/share/fsae_description/meshes\n'}
[2.461138] (fsae_description) StdoutLine: {'line': b'copying meshes/go_cart_lidar.stl -> /home/martin/autonomous_new/install/fsae_description/share/fsae_description/meshes\n'}
[2.461893] (fsae_description) StdoutLine: {'line': b'running install_egg_info\n'}
[2.501368] (fsae_description) StdoutLine: {'line': b'Copying ../../../../build/fsae_description/fsae_description.egg-info to /home/martin/autonomous_new/install/fsae_description/lib/python3.12/site-packages/fsae_description-0.1.0-py3.12.egg-info\n'}
[2.505476] (fsae_description) StdoutLine: {'line': b'running install_scripts\n'}
[2.509078] (-) TimerEvent: {}
[2.609512] (-) TimerEvent: {}
[2.705669] (fsae_description) StdoutLine: {'line': b'Installing state_publisher script to /home/martin/autonomous_new/install/fsae_description/lib/fsae_description\n'}
[2.706866] (fsae_description) StdoutLine: {'line': b"writing list of installed files to '/home/martin/autonomous_new/build/fsae_description/install.log'\n"}
[2.709607] (-) TimerEvent: {}
[2.757378] (fsae_description) CommandEnded: {'returncode': 0}
[2.780004] (fsae_description) JobEnded: {'identifier': 'fsae_description', 'rc': 0}
[2.809760] (-) TimerEvent: {}
[2.910168] (-) TimerEvent: {}
[3.010617] (-) TimerEvent: {}
[3.110998] (-) TimerEvent: {}
[3.200296] (fsae_interfaces) StdoutLine: {'line': b'-- Detecting C compiler ABI info\n'}
[3.211143] (-) TimerEvent: {}
[3.311583] (-) TimerEvent: {}
[3.412056] (-) TimerEvent: {}
[3.512443] (-) TimerEvent: {}
[3.612929] (-) TimerEvent: {}
[3.713442] (-) TimerEvent: {}
[3.732667] (fsae_interfaces) StdoutLine: {'line': b'-- Detecting C compiler ABI info - done\n'}
[3.744526] (fsae_interfaces) StdoutLine: {'line': b'-- Check for working C compiler: /usr/bin/cc - skipped\n'}
[3.746904] (fsae_interfaces) StdoutLine: {'line': b'-- Detecting C compile features\n'}
[3.747957] (fsae_interfaces) StdoutLine: {'line': b'-- Detecting C compile features - done\n'}
[3.813606] (-) TimerEvent: {}
[3.914118] (-) TimerEvent: {}
[3.941591] (fsae_interfaces) StdoutLine: {'line': b'-- Detecting CXX compiler ABI info\n'}
[4.014285] (-) TimerEvent: {}
[4.114819] (-) TimerEvent: {}
[4.215251] (-) TimerEvent: {}
[4.315667] (-) TimerEvent: {}
[4.416170] (-) TimerEvent: {}
[4.489973] (fsae_interfaces) StdoutLine: {'line': b'-- Detecting CXX compiler ABI info - done\n'}
[4.504230] (fsae_interfaces) StdoutLine: {'line': b'-- Check for working CXX compiler: /usr/bin/c++ - skipped\n'}
[4.504847] (fsae_interfaces) StdoutLine: {'line': b'-- Detecting CXX compile features\n'}
[4.505575] (fsae_interfaces) StdoutLine: {'line': b'-- Detecting CXX compile features - done\n'}
[4.516292] (-) TimerEvent: {}
[4.534434] (fsae_interfaces) StdoutLine: {'line': b'-- Found ament_cmake: 2.5.6 (/opt/ros/jazzy/share/ament_cmake/cmake)\n'}
[4.616459] (-) TimerEvent: {}
[4.716889] (-) TimerEvent: {}
[4.754122] (fsae_interfaces) StdoutLine: {'line': b'-- Found Python3: /usr/bin/python3 (found version "3.12.3") found components: Interpreter \n'}
[4.817014] (-) TimerEvent: {}
[4.917462] (-) TimerEvent: {}
[4.959534] (fsae_interfaces) StdoutLine: {'line': b'-- Found std_msgs: 5.3.7 (/opt/ros/jazzy/share/std_msgs/cmake)\n'}
[5.017601] (-) TimerEvent: {}
[5.117982] (-) TimerEvent: {}
[5.218477] (-) TimerEvent: {}
[5.316743] (fsae_interfaces) StdoutLine: {'line': b'-- Found rosidl_generator_c: 4.6.7 (/opt/ros/jazzy/share/rosidl_generator_c/cmake)\n'}
[5.318593] (-) TimerEvent: {}
[5.345956] (fsae_interfaces) StdoutLine: {'line': b'-- Found rosidl_generator_cpp: 4.6.7 (/opt/ros/jazzy/share/rosidl_generator_cpp/cmake)\n'}
[5.383729] (fsae_interfaces) StdoutLine: {'line': b'-- Using all available rosidl_typesupport_c: rosidl_typesupport_fastrtps_c;rosidl_typesupport_introspection_c\n'}
[5.418775] (-) TimerEvent: {}
[5.425407] (fsae_interfaces) StdoutLine: {'line': b'-- Using all available rosidl_typesupport_cpp: rosidl_typesupport_fastrtps_cpp;rosidl_typesupport_introspection_cpp\n'}
[5.500981] (fsae_interfaces) StdoutLine: {'line': b'-- Found geometry_msgs: 5.3.7 (/opt/ros/jazzy/share/geometry_msgs/cmake)\n'}
[5.518929] (-) TimerEvent: {}
[5.536270] (fsae_interfaces) StdoutLine: {'line': b'-- Found rosidl_default_generators: 1.6.0 (/opt/ros/jazzy/share/rosidl_default_generators/cmake)\n'}
[5.613931] (fsae_interfaces) StdoutLine: {'line': b'-- Found rosidl_adapter: 4.6.7 (/opt/ros/jazzy/share/rosidl_adapter/cmake)\n'}
[5.619080] (-) TimerEvent: {}
[5.719477] (-) TimerEvent: {}
[5.819841] (-) TimerEvent: {}
[5.920315] (-) TimerEvent: {}
[6.020888] (-) TimerEvent: {}
[6.121375] (-) TimerEvent: {}
[6.222143] (-) TimerEvent: {}
[6.322679] (-) TimerEvent: {}
[6.423157] (-) TimerEvent: {}
[6.456860] (fsae_interfaces) StdoutLine: {'line': b'-- Found ament_cmake_ros: 0.12.0 (/opt/ros/jazzy/share/ament_cmake_ros/cmake)\n'}
[6.523322] (-) TimerEvent: {}
[6.623800] (-) TimerEvent: {}
[6.724286] (-) TimerEvent: {}
[6.824703] (-) TimerEvent: {}
[6.925167] (-) TimerEvent: {}
[7.025669] (-) TimerEvent: {}
[7.126133] (-) TimerEvent: {}
[7.226522] (-) TimerEvent: {}
[7.326989] (-) TimerEvent: {}
[7.427481] (-) TimerEvent: {}
[7.527950] (-) TimerEvent: {}
[7.628380] (-) TimerEvent: {}
[7.729045] (-) TimerEvent: {}
[7.732956] (fsae_interfaces) StdoutLine: {'line': b'-- Using all available rosidl_typesupport_c: rosidl_typesupport_fastrtps_c;rosidl_typesupport_introspection_c\n'}
[7.829193] (-) TimerEvent: {}
[7.929770] (-) TimerEvent: {}
[8.030182] (-) TimerEvent: {}
[8.130718] (-) TimerEvent: {}
[8.220325] (fsae_interfaces) StdoutLine: {'line': b'-- Using all available rosidl_typesupport_cpp: rosidl_typesupport_fastrtps_cpp;rosidl_typesupport_introspection_cpp\n'}
[8.230660] (fsae_interfaces) StdoutLine: {'line': b'-- Found python_cmake_module: 0.11.1 (/opt/ros/jazzy/share/python_cmake_module/cmake)\n'}
[8.231096] (-) TimerEvent: {}
[8.331437] (-) TimerEvent: {}
[8.431890] (-) TimerEvent: {}
[8.456685] (fsae_interfaces) StdoutLine: {'line': b'-- Found PythonExtra: /usr/bin/python3  \n'}
[8.532030] (-) TimerEvent: {}
[8.632389] (-) TimerEvent: {}
[8.732776] (-) TimerEvent: {}
[8.833579] (-) TimerEvent: {}
[8.934087] (-) TimerEvent: {}
[9.034511] (-) TimerEvent: {}
[9.134947] (-) TimerEvent: {}
[9.235438] (-) TimerEvent: {}
[9.314267] (fsae_interfaces) StdoutLine: {'line': b'-- Found Python3: /usr/bin/python3 (found version "3.12.3") found components: Interpreter Development NumPy Development.Module Development.Embed \n'}
[9.335622] (-) TimerEvent: {}
[9.435979] (-) TimerEvent: {}
[9.510478] (fsae_interfaces) StdoutLine: {'line': b'-- Found Python3: /usr/bin/python3 (found version "3.12.3") found components: Interpreter \n'}
[9.536124] (-) TimerEvent: {}
[9.536547] (fsae_interfaces) StdoutLine: {'line': b'-- Configuring done (9.4s)\n'}
[9.636304] (-) TimerEvent: {}
[9.680713] (fsae_interfaces) StdoutLine: {'line': b'-- Generating done (0.1s)\n'}
[9.701478] (fsae_interfaces) StdoutLine: {'line': b'-- Build files have been written to: /home/martin/autonomous_new/build/fsae_interfaces\n'}
[9.719637] (fsae_interfaces) CommandEnded: {'returncode': 0}
[9.721446] (fsae_interfaces) JobProgress: {'identifier': 'fsae_interfaces', 'progress': 'build'}
[9.721548] (fsae_interfaces) Command: {'cmd': ['/usr/bin/cmake', '--build', '/home/martin/autonomous_new/build/fsae_interfaces', '--', '-j12', '-l12'], 'cwd': '/home/martin/autonomous_new/build/fsae_interfaces', 'env': OrderedDict({'LESSOPEN': '| /usr/bin/lesspipe %s', 'USER': 'martin', 'GZ_CONFIG_PATH': '/opt/ros/jazzy/opt/sdformat_vendor/share/gz', 'GIT_ASKPASS': '/home/martin/.vscode-server/bin/5264f2156cbcd7aea5fd004d29eaa10209155d66/extensions/git/dist/askpass.sh', 'SHLVL': '2', 'LD_LIBRARY_PATH': '/opt/ros/jazzy/opt/sdformat_vendor/lib:/opt/ros/jazzy/opt/rviz_ogre_vendor/lib:/opt/ros/jazzy/lib/x86_64-linux-gnu:/opt/ros/jazzy/opt/gz_math_vendor/lib:/opt/ros/jazzy/opt/gz_utils_vendor/lib:/opt/ros/jazzy/opt/gz_tools_vendor/lib:/opt/ros/jazzy/opt/gz_cmake_vendor/lib:/opt/ros/jazzy/lib', 'HOME': '/home/martin', 'OLDPWD': '/home/martin', 'TERM_PROGRAM_VERSION': '1.128.1', 'VSCODE_IPC_HOOK_CLI': '/run/user/1000/vscode-ipc-6de7dfac-c000-4f45-8eca-7abf1bf9f1fb.sock', 'ROS_PYTHON_VERSION': '3', 'VSCODE_GIT_ASKPASS_MAIN': '/home/martin/.vscode-server/bin/5264f2156cbcd7aea5fd004d29eaa10209155d66/extensions/git/dist/askpass-main.js', 'VSCODE_GIT_ASKPASS_NODE': '/home/martin/.vscode-server/bin/5264f2156cbcd7aea5fd004d29eaa10209155d66/node', 'VSCODE_PYTHON_AUTOACTIVATE_GUARD': '1', 'DBUS_SESSION_BUS_ADDRESS': 'unix:path=/run/user/1000/bus', 'COLORTERM': 'truecolor', 'WSL_DISTRO_NAME': 'Ubuntu', 'WAYLAND_DISPLAY': 'wayland-0', 'ROS_DISTRO': 'jazzy', 'LOGNAME': 'martin', 'NAME': 'Code', 'WSL_INTEROP': '/run/WSL/759_interop', 'PULSE_SERVER': 'unix:/mnt/wslg/PulseServer', '_': '/usr/bin/colcon', 'ROS_VERSION': '2', 'TERM': 'xterm-256color', 'PATH': '/home/martin/.vscode-server/data/User/globalStorage/github.copilot-chat/debugCommand:/home/martin/.vscode-server/data/User/globalStorage/github.copilot-chat/copilotCli:/home/martin/.vscode-server/bin/5264f2156cbcd7aea5fd004d29eaa10209155d66/bin/remote-cli:/opt/ros/jazzy/opt/gz_tools_vendor/bin:/opt/ros/jazzy/bin:/usr/local/sbin:/usr/local/bin:/usr/sbin:/usr/bin:/sbin:/bin:/usr/games:/usr/local/games:/usr/lib/wsl/lib:/mnt/c/Program Files/WindowsApps/MicrosoftCorporationII.WindowsSubsystemForLinux_2.7.3.0_x64__8wekyb3d8bbwe:/mnt/c/Python314/Scripts/:/mnt/c/Python314/:/mnt/c/Program Files/Common Files/Oracle/Java/javapath:/mnt/c/Program Files (x86)/Common Files/Oracle/Java/java8path:/mnt/c/Program Files (x86)/Common Files/Oracle/Java/javapath:/mnt/c/windows/system32:/mnt/c/windows:/mnt/c/windows/System32/Wbem:/mnt/c/windows/System32/WindowsPowerShell/v1.0/:/mnt/c/windows/System32/OpenSSH/:/mnt/c/Users/Administrator/AppData/Local/Microsoft/WindowsApps:/mnt/c/Program Files/HP/OMEN-Broadcast/Common:/mnt/c/WINDOWS/system32:/mnt/c/WINDOWS:/mnt/c/WINDOWS/System32/Wbem:/mnt/c/WINDOWS/System32/WindowsPowerShell/v1.0/:/mnt/c/WINDOWS/System32/OpenSSH/:/mnt/c/Program Files/NVIDIA Corporation/NVIDIA app/NvDLISR:/mnt/c/Program Files (x86)/NVIDIA Corporation/PhysX/Common:/mnt/c/Program Files/Git/cmd:/mnt/c/Program Files (x86)/Windows Kits/10/Windows Performance Toolkit/:/mnt/c/Program Files/dotnet/:/mnt/c/Users/marti/AppData/Local/Python/pythoncore-3.14-64/Lib/site-packages/pip:/mnt/c/Users/marti/AppData/Local/Python/pythoncore-3.14-64/Scripts/ffmpeg-2025-11-12-git-6cdd2cbe32-full_build/bin:/mnt/c/msys64/mingw64/bin:/mnt/c/Program Files/MATLAB/R2025b/bin:/mnt/c/Users/marti/AppData/Local/Python/pythoncore-3.14-64/Scripts:/mnt/c/Program Files/GitHub CLI/:/mnt/c/Users/marti/Downloads/Tools/ffmpeg/bin:/mnt/c/Program Files/nodejs/:/mnt/c/ProgramData/chocolatey/bin:/mnt/c/Users/marti/AppData/Local/Microsoft/WindowsApps:/mnt/c/Users/marti/AppData/Local/Programs/Microsoft VS Code/bin:/mnt/c/Users/marti/.dotnet/tools:/mnt/c/Users/marti/AppData/Local/Python/bin:/mnt/c/Users/marti/AppData/Local/Python/pythoncore-3.14-64/Lib/site-packages/pip:/mnt/c/Users/marti/AppData/Local/Python/pythoncore-3.14-64/Scripts:/mnt/c/Users/marti/AppData/Local/Python/pythoncore-3.14-64/Scripts/ffmpeg-2025-11-12-git-6cdd2cbe32-full_build/bin:/mnt/c/Users/marti/AppData/Local/Programs/MiKTeX/miktex/bin/x64/:/mnt/c/Users/marti/Downloads/Tools/ffmpeg/bin:/mnt/c/Users/marti/AppData/Roaming/npm:/snap/bin', 'XDG_RUNTIME_DIR': '/run/user/1000', 'DISPLAY': ':0', 'LANG': 'C.UTF-8', 'LS_COLORS': 'rs=0:di=01;34:ln=01;36:mh=00:pi=40;33:so=01;35:do=01;35:bd=40;33;01:cd=40;33;01:or=40;31;01:mi=00:su=37;41:sg=30;43:ca=00:tw=30;42:ow=34;42:st=37;44:ex=01;32:*.tar=01;31:*.tgz=01;31:*.arc=01;31:*.arj=01;31:*.taz=01;31:*.lha=01;31:*.lz4=01;31:*.lzh=01;31:*.lzma=01;31:*.tlz=01;31:*.txz=01;31:*.tzo=01;31:*.t7z=01;31:*.zip=01;31:*.z=01;31:*.dz=01;31:*.gz=01;31:*.lrz=01;31:*.lz=01;31:*.lzo=01;31:*.xz=01;31:*.zst=01;31:*.tzst=01;31:*.bz2=01;31:*.bz=01;31:*.tbz=01;31:*.tbz2=01;31:*.tz=01;31:*.deb=01;31:*.rpm=01;31:*.jar=01;31:*.war=01;31:*.ear=01;31:*.sar=01;31:*.rar=01;31:*.alz=01;31:*.ace=01;31:*.zoo=01;31:*.cpio=01;31:*.7z=01;31:*.rz=01;31:*.cab=01;31:*.wim=01;31:*.swm=01;31:*.dwm=01;31:*.esd=01;31:*.avif=01;35:*.jpg=01;35:*.jpeg=01;35:*.mjpg=01;35:*.mjpeg=01;35:*.gif=01;35:*.bmp=01;35:*.pbm=01;35:*.pgm=01;35:*.ppm=01;35:*.tga=01;35:*.xbm=01;35:*.xpm=01;35:*.tif=01;35:*.tiff=01;35:*.png=01;35:*.svg=01;35:*.svgz=01;35:*.mng=01;35:*.pcx=01;35:*.mov=01;35:*.mpg=01;35:*.mpeg=01;35:*.m2v=01;35:*.mkv=01;35:*.webm=01;35:*.webp=01;35:*.ogm=01;35:*.mp4=01;35:*.m4v=01;35:*.mp4v=01;35:*.vob=01;35:*.qt=01;35:*.nuv=01;35:*.wmv=01;35:*.asf=01;35:*.rm=01;35:*.rmvb=01;35:*.flc=01;35:*.avi=01;35:*.fli=01;35:*.flv=01;35:*.gl=01;35:*.dl=01;35:*.xcf=01;35:*.xwd=01;35:*.yuv=01;35:*.cgm=01;35:*.emf=01;35:*.ogv=01;35:*.ogx=01;35:*.aac=00;36:*.au=00;36:*.flac=00;36:*.m4a=00;36:*.mid=00;36:*.midi=00;36:*.mka=00;36:*.mp3=00;36:*.mpc=00;36:*.ogg=00;36:*.ra=00;36:*.wav=00;36:*.oga=00;36:*.opus=00;36:*.spx=00;36:*.xspf=00;36:*~=00;90:*#=00;90:*.bak=00;90:*.crdownload=00;90:*.dpkg-dist=00;90:*.dpkg-new=00;90:*.dpkg-old=00;90:*.dpkg-tmp=00;90:*.old=00;90:*.orig=00;90:*.part=00;90:*.rej=00;90:*.rpmnew=00;90:*.rpmorig=00;90:*.rpmsave=00;90:*.swp=00;90:*.tmp=00;90:*.ucf-dist=00;90:*.ucf-new=00;90:*.ucf-old=00;90:', 'VSCODE_GIT_IPC_HANDLE': '/run/user/1000/vscode-git-be4e147b20.sock', 'TERM_PROGRAM': 'vscode', 'AMENT_PREFIX_PATH': '/opt/ros/jazzy', 'SHELL': '/bin/bash', 'LESSCLOSE': '/usr/bin/lesspipe %s %s', 'ROS_AUTOMATIC_DISCOVERY_RANGE': 'SUBNET', 'VSCODE_GIT_ASKPASS_EXTRA_ARGS': '', 'PWD': '/home/martin/autonomous_new/build/fsae_interfaces', 'COPILOT_DEBUG_NONCE': 'a0835ffc0f41e7145ddef4c5f08bbb53', 'XDG_DATA_DIRS': '/usr/local/share:/usr/share:/var/lib/snapd/desktop', 'PYTHONPATH': '/opt/ros/jazzy/lib/python3.12/site-packages', 'COLCON': '1', 'WSL2_GUI_APPS_ENABLED': '1', 'HOSTTYPE': 'x86_64', 'CMAKE_PREFIX_PATH': '/opt/ros/jazzy/opt/sdformat_vendor:/opt/ros/jazzy/opt/gz_math_vendor:/opt/ros/jazzy/opt/gz_utils_vendor:/opt/ros/jazzy/opt/gz_tools_vendor:/opt/ros/jazzy/opt/gz_cmake_vendor:/opt/ros/jazzy', 'WSLENV': 'ELECTRON_RUN_AS_NODE/w:'}), 'shell': False}
[9.736444] (-) TimerEvent: {}
[9.809266] (fsae_interfaces) StdoutLine: {'line': b'[  1%] \x1b[34m\x1b[1mGenerating Rust code for ROS interfaces\x1b[0m\n'}
[9.815491] (fsae_interfaces) StdoutLine: {'line': b'[  2%] \x1b[34m\x1b[1mGenerating type hashes for ROS interfaces\x1b[0m\n'}
[9.824409] (fsae_interfaces) StdoutLine: {'line': b'[  2%] Built target ament_cmake_python_copy_fsae_interfaces\n'}
[9.836616] (-) TimerEvent: {}
[9.937135] (-) TimerEvent: {}
[10.037548] (-) TimerEvent: {}
[10.136725] (fsae_interfaces) StdoutLine: {'line': b'running egg_info\n'}
[10.137657] (-) TimerEvent: {}
[10.138118] (fsae_interfaces) StdoutLine: {'line': b'creating fsae_interfaces.egg-info\n'}
[10.182903] (fsae_interfaces) StdoutLine: {'line': b'writing fsae_interfaces.egg-info/PKG-INFO\n'}
[10.183364] (fsae_interfaces) StdoutLine: {'line': b'writing dependency_links to fsae_interfaces.egg-info/dependency_links.txt\n'}
[10.183672] (fsae_interfaces) StdoutLine: {'line': b'writing top-level names to fsae_interfaces.egg-info/top_level.txt\n'}
[10.183946] (fsae_interfaces) StdoutLine: {'line': b"writing manifest file 'fsae_interfaces.egg-info/SOURCES.txt'\n"}
[10.199758] (fsae_interfaces) StdoutLine: {'line': b'[  2%] Built target fsae_interfaces__rosidl_generator_type_description\n'}
[10.218077] (fsae_interfaces) StdoutLine: {'line': b'[  3%] \x1b[34m\x1b[1mGenerating C code for ROS interfaces\x1b[0m\n'}
[10.235444] (fsae_interfaces) StdoutLine: {'line': b'[  3%] \x1b[34m\x1b[1mGenerating C++ code for ROS interfaces\x1b[0m\n'}
[10.236220] (fsae_interfaces) StdoutLine: {'line': b'[  3%] Built target fsae_interfaces__rs\n'}
[10.237792] (-) TimerEvent: {}
[10.274010] (fsae_interfaces) StdoutLine: {'line': b"reading manifest file 'fsae_interfaces.egg-info/SOURCES.txt'\n"}
[10.274836] (fsae_interfaces) StdoutLine: {'line': b"writing manifest file 'fsae_interfaces.egg-info/SOURCES.txt'\n"}
[10.311521] (fsae_interfaces) StdoutLine: {'line': b'[  3%] Built target ament_cmake_python_build_fsae_interfaces_egg\n'}
[10.337969] (-) TimerEvent: {}
[10.438521] (-) TimerEvent: {}
[10.538901] (-) TimerEvent: {}
[10.639276] (-) TimerEvent: {}
[10.739831] (-) TimerEvent: {}
[10.840703] (-) TimerEvent: {}
[10.870275] (fsae_interfaces) StdoutLine: {'line': b'[  3%] Built target fsae_interfaces__cpp\n'}
[10.940933] (-) TimerEvent: {}
[11.041462] (-) TimerEvent: {}
[11.072172] (fsae_interfaces) StdoutLine: {'line': b'[  5%] \x1b[32mBuilding C object CMakeFiles/fsae_interfaces__rosidl_generator_c.dir/rosidl_generator_c/fsae_interfaces/msg/detail/all_trajectories__description.c.o\x1b[0m\n'}
[11.072990] (fsae_interfaces) StdoutLine: {'line': b'[  5%] \x1b[32mBuilding C object CMakeFiles/fsae_interfaces__rosidl_generator_c.dir/rosidl_generator_c/fsae_interfaces/msg/detail/all_trajectories__functions.c.o\x1b[0m\n'}
[11.073424] (fsae_interfaces) StdoutLine: {'line': b'[  5%] \x1b[32mBuilding C object CMakeFiles/fsae_interfaces__rosidl_generator_c.dir/rosidl_generator_c/fsae_interfaces/msg/detail/can__functions.c.o\x1b[0m\n'}
[11.073735] (fsae_interfaces) StdoutLine: {'line': b'[  8%] \x1b[32mBuilding C object CMakeFiles/fsae_interfaces__rosidl_generator_c.dir/rosidl_generator_c/fsae_interfaces/msg/detail/can_stamped__description.c.o\x1b[0m\n'}
[11.074104] (fsae_interfaces) StdoutLine: {'line': b'[  8%] \x1b[32mBuilding C object CMakeFiles/fsae_interfaces__rosidl_generator_c.dir/rosidl_generator_c/fsae_interfaces/msg/detail/all_trajectories__type_support.c.o\x1b[0m\n'}
[11.074393] (fsae_interfaces) StdoutLine: {'line': b'[  8%] \x1b[32mBuilding C object CMakeFiles/fsae_interfaces__rosidl_generator_c.dir/rosidl_generator_c/fsae_interfaces/msg/detail/can__type_support.c.o\x1b[0m\n'}
[11.074660] (fsae_interfaces) StdoutLine: {'line': b'[  9%] \x1b[32mBuilding C object CMakeFiles/fsae_interfaces__rosidl_generator_c.dir/rosidl_generator_c/fsae_interfaces/msg/detail/can_stamped__functions.c.o\x1b[0m\n'}
[11.074997] (fsae_interfaces) StdoutLine: {'line': b'[ 10%] \x1b[32mBuilding C object CMakeFiles/fsae_interfaces__rosidl_generator_c.dir/rosidl_generator_c/fsae_interfaces/msg/detail/can_stamped__type_support.c.o\x1b[0m\n'}
[11.075180] (fsae_interfaces) StdoutLine: {'line': b'[ 11%] \x1b[32mBuilding C object CMakeFiles/fsae_interfaces__rosidl_generator_c.dir/rosidl_generator_c/fsae_interfaces/msg/detail/cone_detection__description.c.o\x1b[0m\n'}
[11.075304] (fsae_interfaces) StdoutLine: {'line': b'[ 12%] \x1b[32mBuilding C object CMakeFiles/fsae_interfaces__rosidl_generator_c.dir/rosidl_generator_c/fsae_interfaces/msg/detail/can__description.c.o\x1b[0m\n'}
[11.080356] (fsae_interfaces) StdoutLine: {'line': b'[ 14%] \x1b[32mBuilding C object CMakeFiles/fsae_interfaces__rosidl_generator_c.dir/rosidl_generator_c/fsae_interfaces/msg/detail/cone_detection__type_support.c.o\x1b[0m\n'}
[11.080734] (fsae_interfaces) StdoutLine: {'line': b'[ 14%] \x1b[32mBuilding C object CMakeFiles/fsae_interfaces__rosidl_generator_c.dir/rosidl_generator_c/fsae_interfaces/msg/detail/cone_detection__functions.c.o\x1b[0m\n'}
[11.141646] (-) TimerEvent: {}
[11.154331] (fsae_interfaces) StdoutLine: {'line': b'[ 14%] \x1b[32mBuilding C object CMakeFiles/fsae_interfaces__rosidl_generator_c.dir/rosidl_generator_c/fsae_interfaces/msg/detail/hardware_states__description.c.o\x1b[0m\n'}
[11.154785] (fsae_interfaces) StdoutLine: {'line': b'[ 15%] \x1b[32mBuilding C object CMakeFiles/fsae_interfaces__rosidl_generator_c.dir/rosidl_generator_c/fsae_interfaces/msg/detail/hardware_states__functions.c.o\x1b[0m\n'}
[11.157647] (fsae_interfaces) StdoutLine: {'line': b'[ 16%] \x1b[32mBuilding C object CMakeFiles/fsae_interfaces__rosidl_generator_c.dir/rosidl_generator_c/fsae_interfaces/msg/detail/hardware_states_stamped__description.c.o\x1b[0m\n'}
[11.166302] (fsae_interfaces) StdoutLine: {'line': b'[ 17%] \x1b[32mBuilding C object CMakeFiles/fsae_interfaces__rosidl_generator_c.dir/rosidl_generator_c/fsae_interfaces/msg/detail/hardware_states__type_support.c.o\x1b[0m\n'}
[11.177727] (fsae_interfaces) StdoutLine: {'line': b'[ 19%] \x1b[32mBuilding C object CMakeFiles/fsae_interfaces__rosidl_generator_c.dir/rosidl_generator_c/fsae_interfaces/msg/detail/hardware_states_stamped__functions.c.o\x1b[0m\n'}
[11.178530] (fsae_interfaces) StdoutLine: {'line': b'[ 19%] \x1b[32mBuilding C object CMakeFiles/fsae_interfaces__rosidl_generator_c.dir/rosidl_generator_c/fsae_interfaces/msg/detail/hardware_states_stamped__type_support.c.o\x1b[0m\n'}
[11.190226] (fsae_interfaces) StdoutLine: {'line': b'[ 20%] \x1b[32mBuilding C object CMakeFiles/fsae_interfaces__rosidl_generator_c.dir/rosidl_generator_c/fsae_interfaces/msg/detail/mission_states__functions.c.o\x1b[0m\n'}
[11.190579] (fsae_interfaces) StdoutLine: {'line': b'[ 21%] \x1b[32mBuilding C object CMakeFiles/fsae_interfaces__rosidl_generator_c.dir/rosidl_generator_c/fsae_interfaces/msg/detail/mission_states__description.c.o\x1b[0m\n'}
[11.194016] (fsae_interfaces) StdoutLine: {'line': b'[ 21%] \x1b[32mBuilding C object CMakeFiles/fsae_interfaces__rosidl_generator_c.dir/rosidl_generator_c/fsae_interfaces/msg/detail/mission_states__type_support.c.o\x1b[0m\n'}
[11.194558] (fsae_interfaces) StdoutLine: {'line': b'[ 22%] \x1b[32mBuilding C object CMakeFiles/fsae_interfaces__rosidl_generator_c.dir/rosidl_generator_c/fsae_interfaces/msg/detail/mission_states_stamped__description.c.o\x1b[0m\n'}
[11.195973] (fsae_interfaces) StdoutLine: {'line': b'[ 23%] \x1b[32mBuilding C object CMakeFiles/fsae_interfaces__rosidl_generator_c.dir/rosidl_generator_c/fsae_interfaces/msg/detail/mission_states_stamped__functions.c.o\x1b[0m\n'}
[11.202874] (fsae_interfaces) StdoutLine: {'line': b'[ 24%] \x1b[32mBuilding C object CMakeFiles/fsae_interfaces__rosidl_generator_c.dir/rosidl_generator_c/fsae_interfaces/msg/detail/mission_states_stamped__type_support.c.o\x1b[0m\n'}
[11.225819] (fsae_interfaces) StdoutLine: {'line': b'[ 25%] \x1b[32mBuilding C object CMakeFiles/fsae_interfaces__rosidl_generator_c.dir/rosidl_generator_c/fsae_interfaces/msg/detail/track__description.c.o\x1b[0m\n'}
[11.227970] (fsae_interfaces) StdoutLine: {'line': b'[ 26%] \x1b[32mBuilding C object CMakeFiles/fsae_interfaces__rosidl_generator_c.dir/rosidl_generator_c/fsae_interfaces/msg/detail/track__functions.c.o\x1b[0m\n'}
[11.233860] (fsae_interfaces) StdoutLine: {'line': b'[ 27%] \x1b[32mBuilding C object CMakeFiles/fsae_interfaces__rosidl_generator_c.dir/rosidl_generator_c/fsae_interfaces/msg/detail/track__type_support.c.o\x1b[0m\n'}
[11.241792] (-) TimerEvent: {}
[11.298993] (fsae_interfaces) StdoutLine: {'line': b'[ 27%] \x1b[32m\x1b[1mLinking C shared library libfsae_interfaces__rosidl_generator_c.so\x1b[0m\n'}
[11.341933] (-) TimerEvent: {}
[11.442365] (-) TimerEvent: {}
[11.515593] (fsae_interfaces) StdoutLine: {'line': b'[ 27%] Built target fsae_interfaces__rosidl_generator_c\n'}
[11.534341] (fsae_interfaces) StdoutLine: {'line': b'[ 30%] \x1b[34m\x1b[1mGenerating C type support for eProsima Fast-RTPS\x1b[0m\n'}
[11.535213] (fsae_interfaces) StdoutLine: {'line': b'[ 30%] \x1b[34m\x1b[1mGenerating C type support dispatch for ROS interfaces\x1b[0m\n'}
[11.535422] (fsae_interfaces) StdoutLine: {'line': b'[ 30%] \x1b[34m\x1b[1mGenerating C introspection for ROS interfaces\x1b[0m\n'}
[11.535679] (fsae_interfaces) StdoutLine: {'line': b'[ 31%] \x1b[34m\x1b[1mGenerating C++ introspection for ROS interfaces\x1b[0m\n'}
[11.535818] (fsae_interfaces) StdoutLine: {'line': b'[ 31%] \x1b[34m\x1b[1mGenerating C++ type support dispatch for ROS interfaces\x1b[0m\n'}
[11.536269] (fsae_interfaces) StdoutLine: {'line': b'[ 32%] \x1b[34m\x1b[1mGenerating C++ type support for eProsima Fast-RTPS\x1b[0m\n'}
[11.542514] (-) TimerEvent: {}
[11.642936] (-) TimerEvent: {}
[11.743341] (-) TimerEvent: {}
[11.843729] (-) TimerEvent: {}
[11.944114] (-) TimerEvent: {}
[12.041957] (fsae_interfaces) StdoutLine: {'line': b'[ 33%] \x1b[32mBuilding CXX object CMakeFiles/fsae_interfaces__rosidl_typesupport_cpp.dir/rosidl_typesupport_cpp/fsae_interfaces/msg/can__type_support.cpp.o\x1b[0m\n'}
[12.042345] (fsae_interfaces) StdoutLine: {'line': b'[ 34%] \x1b[32mBuilding CXX object CMakeFiles/fsae_interfaces__rosidl_typesupport_cpp.dir/rosidl_typesupport_cpp/fsae_interfaces/msg/all_trajectories__type_support.cpp.o\x1b[0m\n'}
[12.042556] (fsae_interfaces) StdoutLine: {'line': b'[ 35%] \x1b[32mBuilding CXX object CMakeFiles/fsae_interfaces__rosidl_typesupport_cpp.dir/rosidl_typesupport_cpp/fsae_interfaces/msg/hardware_states__type_support.cpp.o\x1b[0m\n'}
[12.042752] (fsae_interfaces) StdoutLine: {'line': b'[ 36%] \x1b[32mBuilding CXX object CMakeFiles/fsae_interfaces__rosidl_typesupport_cpp.dir/rosidl_typesupport_cpp/fsae_interfaces/msg/can_stamped__type_support.cpp.o\x1b[0m\n'}
[12.042980] (fsae_interfaces) StdoutLine: {'line': b'[ 37%] \x1b[32mBuilding CXX object CMakeFiles/fsae_interfaces__rosidl_typesupport_cpp.dir/rosidl_typesupport_cpp/fsae_interfaces/msg/hardware_states_stamped__type_support.cpp.o\x1b[0m\n'}
[12.043110] (fsae_interfaces) StdoutLine: {'line': b'[ 38%] \x1b[32mBuilding CXX object CMakeFiles/fsae_interfaces__rosidl_typesupport_cpp.dir/rosidl_typesupport_cpp/fsae_interfaces/msg/cone_detection__type_support.cpp.o\x1b[0m\n'}
[12.044223] (-) TimerEvent: {}
[12.046261] (fsae_interfaces) StdoutLine: {'line': b'[ 39%] \x1b[32mBuilding CXX object CMakeFiles/fsae_interfaces__rosidl_typesupport_cpp.dir/rosidl_typesupport_cpp/fsae_interfaces/msg/mission_states__type_support.cpp.o\x1b[0m\n'}
[12.067113] (fsae_interfaces) StdoutLine: {'line': b'[ 40%] \x1b[32mBuilding CXX object CMakeFiles/fsae_interfaces__rosidl_typesupport_c.dir/rosidl_typesupport_c/fsae_interfaces/msg/all_trajectories__type_support.cpp.o\x1b[0m\n'}
[12.144399] (-) TimerEvent: {}
[12.164110] (fsae_interfaces) StdoutLine: {'line': b'[ 41%] \x1b[32mBuilding CXX object CMakeFiles/fsae_interfaces__rosidl_typesupport_c.dir/rosidl_typesupport_c/fsae_interfaces/msg/can__type_support.cpp.o\x1b[0m\n'}
[12.244551] (-) TimerEvent: {}
[12.248634] (fsae_interfaces) StdoutLine: {'line': b'[ 42%] \x1b[32mBuilding CXX object CMakeFiles/fsae_interfaces__rosidl_typesupport_c.dir/rosidl_typesupport_c/fsae_interfaces/msg/can_stamped__type_support.cpp.o\x1b[0m\n'}
[12.346204] (-) TimerEvent: {}
[12.353510] (fsae_interfaces) StdoutLine: {'line': b'[ 42%] \x1b[32mBuilding CXX object CMakeFiles/fsae_interfaces__rosidl_typesupport_c.dir/rosidl_typesupport_c/fsae_interfaces/msg/cone_detection__type_support.cpp.o\x1b[0m\n'}
[12.446966] (-) TimerEvent: {}
[12.459335] (fsae_interfaces) StdoutLine: {'line': b'[ 43%] \x1b[32mBuilding C object CMakeFiles/fsae_interfaces__rosidl_typesupport_introspection_c.dir/rosidl_typesupport_introspection_c/fsae_interfaces/msg/detail/all_trajectories__type_support.c.o\x1b[0m\n'}
[12.461594] (fsae_interfaces) StdoutLine: {'line': b'[ 44%] \x1b[32mBuilding CXX object CMakeFiles/fsae_interfaces__rosidl_typesupport_c.dir/rosidl_typesupport_c/fsae_interfaces/msg/hardware_states__type_support.cpp.o\x1b[0m\n'}
[12.465350] (fsae_interfaces) StdoutLine: {'line': b'[ 45%] \x1b[32mBuilding CXX object CMakeFiles/fsae_interfaces__rosidl_typesupport_introspection_cpp.dir/rosidl_typesupport_introspection_cpp/fsae_interfaces/msg/detail/all_trajectories__type_support.cpp.o\x1b[0m\n'}
[12.547928] (-) TimerEvent: {}
[12.581533] (fsae_interfaces) StdoutLine: {'line': b'[ 47%] \x1b[32mBuilding CXX object CMakeFiles/fsae_interfaces__rosidl_typesupport_c.dir/rosidl_typesupport_c/fsae_interfaces/msg/hardware_states_stamped__type_support.cpp.o\x1b[0m\n'}
[12.586386] (fsae_interfaces) StdoutLine: {'line': b'[ 47%] \x1b[32mBuilding C object CMakeFiles/fsae_interfaces__rosidl_typesupport_introspection_c.dir/rosidl_typesupport_introspection_c/fsae_interfaces/msg/detail/can__type_support.c.o\x1b[0m\n'}
[12.648059] (-) TimerEvent: {}
[12.684128] (fsae_interfaces) StdoutLine: {'line': b'[ 48%] \x1b[32mBuilding CXX object CMakeFiles/fsae_interfaces__rosidl_typesupport_c.dir/rosidl_typesupport_c/fsae_interfaces/msg/mission_states__type_support.cpp.o\x1b[0m\n'}
[12.714732] (fsae_interfaces) StdoutLine: {'line': b'[ 49%] \x1b[32mBuilding C object CMakeFiles/fsae_interfaces__rosidl_typesupport_introspection_c.dir/rosidl_typesupport_introspection_c/fsae_interfaces/msg/detail/can_stamped__type_support.c.o\x1b[0m\n'}
[12.748207] (-) TimerEvent: {}
[12.748750] (fsae_interfaces) StdoutLine: {'line': b'[ 50%] \x1b[32mBuilding C object CMakeFiles/fsae_interfaces__rosidl_typesupport_introspection_c.dir/rosidl_typesupport_introspection_c/fsae_interfaces/msg/detail/cone_detection__type_support.c.o\x1b[0m\n'}
[12.756558] (fsae_interfaces) StdoutLine: {'line': b'[ 51%] \x1b[32mBuilding CXX object CMakeFiles/fsae_interfaces__rosidl_typesupport_cpp.dir/rosidl_typesupport_cpp/fsae_interfaces/msg/mission_states_stamped__type_support.cpp.o\x1b[0m\n'}
[12.757012] (fsae_interfaces) StdoutLine: {'line': b'[ 51%] \x1b[32mBuilding CXX object CMakeFiles/fsae_interfaces__rosidl_typesupport_fastrtps_c.dir/rosidl_typesupport_fastrtps_c/fsae_interfaces/msg/detail/all_trajectories__type_support_c.cpp.o\x1b[0m\n'}
[12.762394] (fsae_interfaces) StdoutLine: {'line': b'[ 51%] \x1b[32mBuilding CXX object CMakeFiles/fsae_interfaces__rosidl_typesupport_introspection_cpp.dir/rosidl_typesupport_introspection_cpp/fsae_interfaces/msg/detail/can__type_support.cpp.o\x1b[0m\n'}
[12.763705] (fsae_interfaces) StdoutLine: {'line': b'[ 52%] \x1b[32mBuilding CXX object CMakeFiles/fsae_interfaces__rosidl_typesupport_fastrtps_c.dir/rosidl_typesupport_fastrtps_c/fsae_interfaces/msg/detail/can__type_support_c.cpp.o\x1b[0m\n'}
[12.764572] (fsae_interfaces) StdoutLine: {'line': b'[ 53%] \x1b[32mBuilding CXX object CMakeFiles/fsae_interfaces__rosidl_typesupport_cpp.dir/rosidl_typesupport_cpp/fsae_interfaces/msg/track__type_support.cpp.o\x1b[0m\n'}
[12.768887] (fsae_interfaces) StdoutLine: {'line': b'[ 54%] \x1b[32mBuilding CXX object CMakeFiles/fsae_interfaces__rosidl_typesupport_c.dir/rosidl_typesupport_c/fsae_interfaces/msg/mission_states_stamped__type_support.cpp.o\x1b[0m\n'}
[12.774620] (fsae_interfaces) StdoutLine: {'line': b'[ 55%] \x1b[32mBuilding CXX object CMakeFiles/fsae_interfaces__rosidl_typesupport_fastrtps_cpp.dir/rosidl_typesupport_fastrtps_cpp/fsae_interfaces/msg/detail/dds_fastrtps/all_trajectories__type_support.cpp.o\x1b[0m\n'}
[12.775593] (fsae_interfaces) StdoutLine: {'line': b'[ 55%] \x1b[32mBuilding CXX object CMakeFiles/fsae_interfaces__rosidl_typesupport_fastrtps_c.dir/rosidl_typesupport_fastrtps_c/fsae_interfaces/msg/detail/can_stamped__type_support_c.cpp.o\x1b[0m\n'}
[12.790182] (fsae_interfaces) StdoutLine: {'line': b'[ 56%] \x1b[32mBuilding CXX object CMakeFiles/fsae_interfaces__rosidl_typesupport_fastrtps_c.dir/rosidl_typesupport_fastrtps_c/fsae_interfaces/msg/detail/cone_detection__type_support_c.cpp.o\x1b[0m\n'}
[12.808191] (fsae_interfaces) StdoutLine: {'line': b'[ 57%] \x1b[32mBuilding CXX object CMakeFiles/fsae_interfaces__rosidl_typesupport_c.dir/rosidl_typesupport_c/fsae_interfaces/msg/track__type_support.cpp.o\x1b[0m\n'}
[12.848596] (-) TimerEvent: {}
[12.858198] (fsae_interfaces) StdoutLine: {'line': b'[ 58%] \x1b[32mBuilding C object CMakeFiles/fsae_interfaces__rosidl_typesupport_introspection_c.dir/rosidl_typesupport_introspection_c/fsae_interfaces/msg/detail/hardware_states__type_support.c.o\x1b[0m\n'}
[12.875766] (fsae_interfaces) StdoutLine: {'line': b'[ 58%] \x1b[32mBuilding CXX object CMakeFiles/fsae_interfaces__rosidl_typesupport_fastrtps_c.dir/rosidl_typesupport_fastrtps_c/fsae_interfaces/msg/detail/hardware_states__type_support_c.cpp.o\x1b[0m\n'}
[12.905203] (fsae_interfaces) StdoutLine: {'line': b'[ 59%] \x1b[32m\x1b[1mLinking CXX shared library libfsae_interfaces__rosidl_typesupport_c.so\x1b[0m\n'}
[12.945348] (fsae_interfaces) StdoutLine: {'line': b'[ 59%] \x1b[32mBuilding C object CMakeFiles/fsae_interfaces__rosidl_typesupport_introspection_c.dir/rosidl_typesupport_introspection_c/fsae_interfaces/msg/detail/hardware_states_stamped__type_support.c.o\x1b[0m\n'}
[12.948715] (-) TimerEvent: {}
[13.042432] (fsae_interfaces) StdoutLine: {'line': b'[ 60%] \x1b[32mBuilding C object CMakeFiles/fsae_interfaces__rosidl_typesupport_introspection_c.dir/rosidl_typesupport_introspection_c/fsae_interfaces/msg/detail/mission_states__type_support.c.o\x1b[0m\n'}
[13.050141] (-) TimerEvent: {}
[13.142305] (fsae_interfaces) StdoutLine: {'line': b'[ 61%] \x1b[32mBuilding C object CMakeFiles/fsae_interfaces__rosidl_typesupport_introspection_c.dir/rosidl_typesupport_introspection_c/fsae_interfaces/msg/detail/mission_states_stamped__type_support.c.o\x1b[0m\n'}
[13.150278] (-) TimerEvent: {}
[13.243968] (fsae_interfaces) StdoutLine: {'line': b'[ 62%] \x1b[32mBuilding C object CMakeFiles/fsae_interfaces__rosidl_typesupport_introspection_c.dir/rosidl_typesupport_introspection_c/fsae_interfaces/msg/detail/track__type_support.c.o\x1b[0m\n'}
[13.250413] (-) TimerEvent: {}
[13.347895] (fsae_interfaces) StdoutLine: {'line': b'[ 63%] \x1b[32m\x1b[1mLinking C shared library libfsae_interfaces__rosidl_typesupport_introspection_c.so\x1b[0m\n'}
[13.350523] (-) TimerEvent: {}
[13.358123] (fsae_interfaces) StdoutLine: {'line': b'[ 63%] Built target fsae_interfaces__rosidl_typesupport_c\n'}
[13.359768] (fsae_interfaces) StdoutLine: {'line': b'[ 64%] \x1b[32mBuilding CXX object CMakeFiles/fsae_interfaces__rosidl_typesupport_introspection_cpp.dir/rosidl_typesupport_introspection_cpp/fsae_interfaces/msg/detail/can_stamped__type_support.cpp.o\x1b[0m\n'}
[13.379172] (fsae_interfaces) StdoutLine: {'line': b'[ 65%] \x1b[32mBuilding CXX object CMakeFiles/fsae_interfaces__rosidl_typesupport_introspection_cpp.dir/rosidl_typesupport_introspection_cpp/fsae_interfaces/msg/detail/cone_detection__type_support.cpp.o\x1b[0m\n'}
[13.439528] (fsae_interfaces) StdoutLine: {'line': b'[ 66%] \x1b[32mBuilding CXX object CMakeFiles/fsae_interfaces__rosidl_typesupport_fastrtps_cpp.dir/rosidl_typesupport_fastrtps_cpp/fsae_interfaces/msg/detail/dds_fastrtps/can__type_support.cpp.o\x1b[0m\n'}
[13.450669] (-) TimerEvent: {}
[13.458121] (fsae_interfaces) StdoutLine: {'line': b'[ 67%] \x1b[32mBuilding CXX object CMakeFiles/fsae_interfaces__rosidl_typesupport_fastrtps_c.dir/rosidl_typesupport_fastrtps_c/fsae_interfaces/msg/detail/hardware_states_stamped__type_support_c.cpp.o\x1b[0m\n'}
[13.474174] (fsae_interfaces) StdoutLine: {'line': b'[ 68%] \x1b[32m\x1b[1mLinking CXX shared library libfsae_interfaces__rosidl_typesupport_cpp.so\x1b[0m\n'}
[13.550798] (-) TimerEvent: {}
[13.651264] (-) TimerEvent: {}
[13.751790] (-) TimerEvent: {}
[13.777745] (fsae_interfaces) StdoutLine: {'line': b'[ 68%] Built target fsae_interfaces__rosidl_typesupport_introspection_c\n'}
[13.809402] (fsae_interfaces) StdoutLine: {'line': b'[ 69%] \x1b[32mBuilding CXX object CMakeFiles/fsae_interfaces__rosidl_typesupport_fastrtps_cpp.dir/rosidl_typesupport_fastrtps_cpp/fsae_interfaces/msg/detail/dds_fastrtps/can_stamped__type_support.cpp.o\x1b[0m\n'}
[13.816065] (fsae_interfaces) StdoutLine: {'line': b'[ 70%] \x1b[32mBuilding CXX object CMakeFiles/fsae_interfaces__rosidl_typesupport_introspection_cpp.dir/rosidl_typesupport_introspection_cpp/fsae_interfaces/msg/detail/hardware_states__type_support.cpp.o\x1b[0m\n'}
[13.818484] (fsae_interfaces) StdoutLine: {'line': b'[ 71%] \x1b[32mBuilding CXX object CMakeFiles/fsae_interfaces__rosidl_typesupport_fastrtps_c.dir/rosidl_typesupport_fastrtps_c/fsae_interfaces/msg/detail/mission_states__type_support_c.cpp.o\x1b[0m\n'}
[13.855704] (-) TimerEvent: {}
[13.863472] (fsae_interfaces) StdoutLine: {'line': b'[ 72%] \x1b[32mBuilding CXX object CMakeFiles/fsae_interfaces__rosidl_typesupport_introspection_cpp.dir/rosidl_typesupport_introspection_cpp/fsae_interfaces/msg/detail/hardware_states_stamped__type_support.cpp.o\x1b[0m\n'}
[13.918121] (fsae_interfaces) StdoutLine: {'line': b'[ 73%] \x1b[32mBuilding CXX object CMakeFiles/fsae_interfaces__rosidl_typesupport_fastrtps_cpp.dir/rosidl_typesupport_fastrtps_cpp/fsae_interfaces/msg/detail/dds_fastrtps/cone_detection__type_support.cpp.o\x1b[0m\n'}
[13.928005] (fsae_interfaces) StdoutLine: {'line': b'[ 74%] \x1b[32mBuilding CXX object CMakeFiles/fsae_interfaces__rosidl_typesupport_fastrtps_cpp.dir/rosidl_typesupport_fastrtps_cpp/fsae_interfaces/msg/detail/dds_fastrtps/hardware_states__type_support.cpp.o\x1b[0m\n'}
[13.955796] (-) TimerEvent: {}
[13.985272] (fsae_interfaces) StdoutLine: {'line': b'[ 74%] Built target fsae_interfaces__rosidl_typesupport_cpp\n'}
[14.010160] (fsae_interfaces) StdoutLine: {'line': b'[ 75%] \x1b[32mBuilding CXX object CMakeFiles/fsae_interfaces__rosidl_typesupport_fastrtps_c.dir/rosidl_typesupport_fastrtps_c/fsae_interfaces/msg/detail/mission_states_stamped__type_support_c.cpp.o\x1b[0m\n'}
[14.038122] (fsae_interfaces) StdoutLine: {'line': b'[ 76%] \x1b[32mBuilding CXX object CMakeFiles/fsae_interfaces__rosidl_typesupport_introspection_cpp.dir/rosidl_typesupport_introspection_cpp/fsae_interfaces/msg/detail/mission_states__type_support.cpp.o\x1b[0m\n'}
[14.055939] (-) TimerEvent: {}
[14.084772] (fsae_interfaces) StdoutLine: {'line': b'[ 77%] \x1b[32mBuilding CXX object CMakeFiles/fsae_interfaces__rosidl_typesupport_fastrtps_c.dir/rosidl_typesupport_fastrtps_c/fsae_interfaces/msg/detail/track__type_support_c.cpp.o\x1b[0m\n'}
[14.156087] (-) TimerEvent: {}
[14.196190] (fsae_interfaces) StdoutLine: {'line': b'[ 78%] \x1b[32mBuilding CXX object CMakeFiles/fsae_interfaces__rosidl_typesupport_fastrtps_cpp.dir/rosidl_typesupport_fastrtps_cpp/fsae_interfaces/msg/detail/dds_fastrtps/hardware_states_stamped__type_support.cpp.o\x1b[0m\n'}
[14.258214] (-) TimerEvent: {}
[14.358659] (-) TimerEvent: {}
[14.459140] (-) TimerEvent: {}
[14.485723] (fsae_interfaces) StdoutLine: {'line': b'[ 79%] \x1b[32mBuilding CXX object CMakeFiles/fsae_interfaces__rosidl_typesupport_introspection_cpp.dir/rosidl_typesupport_introspection_cpp/fsae_interfaces/msg/detail/mission_states_stamped__type_support.cpp.o\x1b[0m\n'}
[14.502130] (fsae_interfaces) StdoutLine: {'line': b'[ 80%] \x1b[32mBuilding CXX object CMakeFiles/fsae_interfaces__rosidl_typesupport_fastrtps_cpp.dir/rosidl_typesupport_fastrtps_cpp/fsae_interfaces/msg/detail/dds_fastrtps/mission_states__type_support.cpp.o\x1b[0m\n'}
[14.513118] (fsae_interfaces) StdoutLine: {'line': b'[ 81%] \x1b[32mBuilding CXX object CMakeFiles/fsae_interfaces__rosidl_typesupport_fastrtps_cpp.dir/rosidl_typesupport_fastrtps_cpp/fsae_interfaces/msg/detail/dds_fastrtps/mission_states_stamped__type_support.cpp.o\x1b[0m\n'}
[14.559301] (-) TimerEvent: {}
[14.603770] (fsae_interfaces) StdoutLine: {'line': b'[ 81%] \x1b[32mBuilding CXX object CMakeFiles/fsae_interfaces__rosidl_typesupport_fastrtps_cpp.dir/rosidl_typesupport_fastrtps_cpp/fsae_interfaces/msg/detail/dds_fastrtps/track__type_support.cpp.o\x1b[0m\n'}
[14.657355] (fsae_interfaces) StdoutLine: {'line': b'[ 82%] \x1b[32mBuilding CXX object CMakeFiles/fsae_interfaces__rosidl_typesupport_introspection_cpp.dir/rosidl_typesupport_introspection_cpp/fsae_interfaces/msg/detail/track__type_support.cpp.o\x1b[0m\n'}
[14.659390] (-) TimerEvent: {}
[14.759741] (-) TimerEvent: {}
[14.860198] (-) TimerEvent: {}
[14.961105] (-) TimerEvent: {}
[15.002153] (fsae_interfaces) StdoutLine: {'line': b'[ 83%] \x1b[32m\x1b[1mLinking CXX shared library libfsae_interfaces__rosidl_typesupport_fastrtps_c.so\x1b[0m\n'}
[15.061274] (-) TimerEvent: {}
[15.161771] (-) TimerEvent: {}
[15.243473] (fsae_interfaces) StdoutLine: {'line': b'[ 83%] \x1b[32m\x1b[1mLinking CXX shared library libfsae_interfaces__rosidl_typesupport_introspection_cpp.so\x1b[0m\n'}
[15.261950] (-) TimerEvent: {}
[15.277232] (fsae_interfaces) StdoutLine: {'line': b'[ 83%] Built target fsae_interfaces__rosidl_typesupport_fastrtps_c\n'}
[15.362208] (-) TimerEvent: {}
[15.434214] (fsae_interfaces) StdoutLine: {'line': b'[ 84%] \x1b[32m\x1b[1mLinking CXX shared library libfsae_interfaces__rosidl_typesupport_fastrtps_cpp.so\x1b[0m\n'}
[15.462405] (-) TimerEvent: {}
[15.529742] (fsae_interfaces) StdoutLine: {'line': b'[ 84%] Built target fsae_interfaces__rosidl_typesupport_introspection_cpp\n'}
[15.562534] (-) TimerEvent: {}
[15.663028] (-) TimerEvent: {}
[15.714445] (fsae_interfaces) StdoutLine: {'line': b'[ 84%] Built target fsae_interfaces__rosidl_typesupport_fastrtps_cpp\n'}
[15.743828] (fsae_interfaces) StdoutLine: {'line': b'[ 84%] Built target fsae_interfaces\n'}
[15.763222] (-) TimerEvent: {}
[15.774662] (fsae_interfaces) StdoutLine: {'line': b'[ 85%] \x1b[34m\x1b[1mGenerating Python code for ROS interfaces\x1b[0m\n'}
[15.863417] (-) TimerEvent: {}
[15.963942] (-) TimerEvent: {}
[16.064412] (-) TimerEvent: {}
[16.164794] (-) TimerEvent: {}
[16.265162] (-) TimerEvent: {}
[16.365630] (-) TimerEvent: {}
[16.466153] (-) TimerEvent: {}
[16.566578] (-) TimerEvent: {}
[16.666945] (-) TimerEvent: {}
[16.741518] (fsae_interfaces) StdoutLine: {'line': b'[ 85%] Built target fsae_interfaces__py\n'}
[16.767194] (-) TimerEvent: {}
[16.774749] (fsae_interfaces) StdoutLine: {'line': b'[ 90%] \x1b[32mBuilding C object CMakeFiles/fsae_interfaces__rosidl_generator_py.dir/rosidl_generator_py/fsae_interfaces/msg/_can_stamped_s.c.o\x1b[0m\n'}
[16.775192] (fsae_interfaces) StdoutLine: {'line': b'[ 90%] \x1b[32mBuilding C object CMakeFiles/fsae_interfaces__rosidl_generator_py.dir/rosidl_generator_py/fsae_interfaces/msg/_cone_detection_s.c.o\x1b[0m\n'}
[16.775334] (fsae_interfaces) StdoutLine: {'line': b'[ 90%] \x1b[32mBuilding C object CMakeFiles/fsae_interfaces__rosidl_generator_py.dir/rosidl_generator_py/fsae_interfaces/msg/_can_s.c.o\x1b[0m\n'}
[16.775494] (fsae_interfaces) StdoutLine: {'line': b'[ 90%] \x1b[32mBuilding C object CMakeFiles/fsae_interfaces__rosidl_generator_py.dir/rosidl_generator_py/fsae_interfaces/msg/_mission_states_s.c.o\x1b[0m\n'}
[16.776693] (fsae_interfaces) StdoutLine: {'line': b'[ 90%] \x1b[32mBuilding C object CMakeFiles/fsae_interfaces__rosidl_generator_py.dir/rosidl_generator_py/fsae_interfaces/msg/_all_trajectories_s.c.o\x1b[0m\n'}
[16.777018] (fsae_interfaces) StdoutLine: {'line': b'[ 91%] \x1b[32mBuilding C object CMakeFiles/fsae_interfaces__rosidl_generator_py.dir/rosidl_generator_py/fsae_interfaces/msg/_hardware_states_s.c.o\x1b[0m\n'}
[16.777206] (fsae_interfaces) StdoutLine: {'line': b'[ 91%] \x1b[32mBuilding C object CMakeFiles/fsae_interfaces__rosidl_generator_py.dir/rosidl_generator_py/fsae_interfaces/msg/_mission_states_stamped_s.c.o\x1b[0m\n'}
[16.777391] (fsae_interfaces) StdoutLine: {'line': b'[ 92%] \x1b[32mBuilding C object CMakeFiles/fsae_interfaces__rosidl_generator_py.dir/rosidl_generator_py/fsae_interfaces/msg/_hardware_states_stamped_s.c.o\x1b[0m\n'}
[16.777630] (fsae_interfaces) StdoutLine: {'line': b'[ 93%] \x1b[32mBuilding C object CMakeFiles/fsae_interfaces__rosidl_generator_py.dir/rosidl_generator_py/fsae_interfaces/msg/_track_s.c.o\x1b[0m\n'}
[16.869370] (-) TimerEvent: {}
[16.969832] (-) TimerEvent: {}
[17.070377] (-) TimerEvent: {}
[17.076250] (fsae_interfaces) StdoutLine: {'line': b'[ 94%] \x1b[32m\x1b[1mLinking C shared library libfsae_interfaces__rosidl_generator_py.so\x1b[0m\n'}
[17.170518] (-) TimerEvent: {}
[17.271004] (-) TimerEvent: {}
[17.303787] (fsae_interfaces) StdoutLine: {'line': b'[ 94%] Built target fsae_interfaces__rosidl_generator_py\n'}
[17.336931] (fsae_interfaces) StdoutLine: {'line': b'[ 96%] \x1b[32mBuilding C object CMakeFiles/fsae_interfaces_s__rosidl_typesupport_introspection_c.dir/rosidl_generator_py/fsae_interfaces/_fsae_interfaces_s.ep.rosidl_typesupport_introspection_c.c.o\x1b[0m\n'}
[17.337329] (fsae_interfaces) StdoutLine: {'line': b'[ 96%] \x1b[32mBuilding C object CMakeFiles/fsae_interfaces_s__rosidl_typesupport_c.dir/rosidl_generator_py/fsae_interfaces/_fsae_interfaces_s.ep.rosidl_typesupport_c.c.o\x1b[0m\n'}
[17.337439] (fsae_interfaces) StdoutLine: {'line': b'[ 97%] \x1b[32mBuilding C object CMakeFiles/fsae_interfaces_s__rosidl_typesupport_fastrtps_c.dir/rosidl_generator_py/fsae_interfaces/_fsae_interfaces_s.ep.rosidl_typesupport_fastrtps_c.c.o\x1b[0m\n'}
[17.371159] (-) TimerEvent: {}
[17.471666] (-) TimerEvent: {}
[17.531133] (fsae_interfaces) StdoutLine: {'line': b'[ 99%] \x1b[32m\x1b[1mLinking C shared module rosidl_generator_py/fsae_interfaces/fsae_interfaces_s__rosidl_typesupport_c.so\x1b[0m\n'}
[17.531470] (fsae_interfaces) StdoutLine: {'line': b'[ 99%] \x1b[32m\x1b[1mLinking C shared module rosidl_generator_py/fsae_interfaces/fsae_interfaces_s__rosidl_typesupport_introspection_c.so\x1b[0m\n'}
[17.541417] (fsae_interfaces) StdoutLine: {'line': b'[100%] \x1b[32m\x1b[1mLinking C shared module rosidl_generator_py/fsae_interfaces/fsae_interfaces_s__rosidl_typesupport_fastrtps_c.so\x1b[0m\n'}
[17.571827] (-) TimerEvent: {}
[17.672254] (-) TimerEvent: {}
[17.705378] (fsae_interfaces) StdoutLine: {'line': b'[100%] Built target fsae_interfaces_s__rosidl_typesupport_c\n'}
[17.709222] (fsae_interfaces) StdoutLine: {'line': b'[100%] Built target fsae_interfaces_s__rosidl_typesupport_introspection_c\n'}
[17.766658] (fsae_interfaces) StdoutLine: {'line': b'[100%] Built target fsae_interfaces_s__rosidl_typesupport_fastrtps_c\n'}
[17.772432] (-) TimerEvent: {}
[17.791250] (fsae_interfaces) CommandEnded: {'returncode': 0}
[17.792465] (fsae_interfaces) JobProgress: {'identifier': 'fsae_interfaces', 'progress': 'install'}
[17.806506] (fsae_interfaces) Command: {'cmd': ['/usr/bin/cmake', '--install', '/home/martin/autonomous_new/build/fsae_interfaces'], 'cwd': '/home/martin/autonomous_new/build/fsae_interfaces', 'env': OrderedDict({'LESSOPEN': '| /usr/bin/lesspipe %s', 'USER': 'martin', 'GZ_CONFIG_PATH': '/opt/ros/jazzy/opt/sdformat_vendor/share/gz', 'GIT_ASKPASS': '/home/martin/.vscode-server/bin/5264f2156cbcd7aea5fd004d29eaa10209155d66/extensions/git/dist/askpass.sh', 'SHLVL': '2', 'LD_LIBRARY_PATH': '/opt/ros/jazzy/opt/sdformat_vendor/lib:/opt/ros/jazzy/opt/rviz_ogre_vendor/lib:/opt/ros/jazzy/lib/x86_64-linux-gnu:/opt/ros/jazzy/opt/gz_math_vendor/lib:/opt/ros/jazzy/opt/gz_utils_vendor/lib:/opt/ros/jazzy/opt/gz_tools_vendor/lib:/opt/ros/jazzy/opt/gz_cmake_vendor/lib:/opt/ros/jazzy/lib', 'HOME': '/home/martin', 'OLDPWD': '/home/martin', 'TERM_PROGRAM_VERSION': '1.128.1', 'VSCODE_IPC_HOOK_CLI': '/run/user/1000/vscode-ipc-6de7dfac-c000-4f45-8eca-7abf1bf9f1fb.sock', 'ROS_PYTHON_VERSION': '3', 'VSCODE_GIT_ASKPASS_MAIN': '/home/martin/.vscode-server/bin/5264f2156cbcd7aea5fd004d29eaa10209155d66/extensions/git/dist/askpass-main.js', 'VSCODE_GIT_ASKPASS_NODE': '/home/martin/.vscode-server/bin/5264f2156cbcd7aea5fd004d29eaa10209155d66/node', 'VSCODE_PYTHON_AUTOACTIVATE_GUARD': '1', 'DBUS_SESSION_BUS_ADDRESS': 'unix:path=/run/user/1000/bus', 'COLORTERM': 'truecolor', 'WSL_DISTRO_NAME': 'Ubuntu', 'WAYLAND_DISPLAY': 'wayland-0', 'ROS_DISTRO': 'jazzy', 'LOGNAME': 'martin', 'NAME': 'Code', 'WSL_INTEROP': '/run/WSL/759_interop', 'PULSE_SERVER': 'unix:/mnt/wslg/PulseServer', '_': '/usr/bin/colcon', 'ROS_VERSION': '2', 'TERM': 'xterm-256color', 'PATH': '/home/martin/.vscode-server/data/User/globalStorage/github.copilot-chat/debugCommand:/home/martin/.vscode-server/data/User/globalStorage/github.copilot-chat/copilotCli:/home/martin/.vscode-server/bin/5264f2156cbcd7aea5fd004d29eaa10209155d66/bin/remote-cli:/opt/ros/jazzy/opt/gz_tools_vendor/bin:/opt/ros/jazzy/bin:/usr/local/sbin:/usr/local/bin:/usr/sbin:/usr/bin:/sbin:/bin:/usr/games:/usr/local/games:/usr/lib/wsl/lib:/mnt/c/Program Files/WindowsApps/MicrosoftCorporationII.WindowsSubsystemForLinux_2.7.3.0_x64__8wekyb3d8bbwe:/mnt/c/Python314/Scripts/:/mnt/c/Python314/:/mnt/c/Program Files/Common Files/Oracle/Java/javapath:/mnt/c/Program Files (x86)/Common Files/Oracle/Java/java8path:/mnt/c/Program Files (x86)/Common Files/Oracle/Java/javapath:/mnt/c/windows/system32:/mnt/c/windows:/mnt/c/windows/System32/Wbem:/mnt/c/windows/System32/WindowsPowerShell/v1.0/:/mnt/c/windows/System32/OpenSSH/:/mnt/c/Users/Administrator/AppData/Local/Microsoft/WindowsApps:/mnt/c/Program Files/HP/OMEN-Broadcast/Common:/mnt/c/WINDOWS/system32:/mnt/c/WINDOWS:/mnt/c/WINDOWS/System32/Wbem:/mnt/c/WINDOWS/System32/WindowsPowerShell/v1.0/:/mnt/c/WINDOWS/System32/OpenSSH/:/mnt/c/Program Files/NVIDIA Corporation/NVIDIA app/NvDLISR:/mnt/c/Program Files (x86)/NVIDIA Corporation/PhysX/Common:/mnt/c/Program Files/Git/cmd:/mnt/c/Program Files (x86)/Windows Kits/10/Windows Performance Toolkit/:/mnt/c/Program Files/dotnet/:/mnt/c/Users/marti/AppData/Local/Python/pythoncore-3.14-64/Lib/site-packages/pip:/mnt/c/Users/marti/AppData/Local/Python/pythoncore-3.14-64/Scripts/ffmpeg-2025-11-12-git-6cdd2cbe32-full_build/bin:/mnt/c/msys64/mingw64/bin:/mnt/c/Program Files/MATLAB/R2025b/bin:/mnt/c/Users/marti/AppData/Local/Python/pythoncore-3.14-64/Scripts:/mnt/c/Program Files/GitHub CLI/:/mnt/c/Users/marti/Downloads/Tools/ffmpeg/bin:/mnt/c/Program Files/nodejs/:/mnt/c/ProgramData/chocolatey/bin:/mnt/c/Users/marti/AppData/Local/Microsoft/WindowsApps:/mnt/c/Users/marti/AppData/Local/Programs/Microsoft VS Code/bin:/mnt/c/Users/marti/.dotnet/tools:/mnt/c/Users/marti/AppData/Local/Python/bin:/mnt/c/Users/marti/AppData/Local/Python/pythoncore-3.14-64/Lib/site-packages/pip:/mnt/c/Users/marti/AppData/Local/Python/pythoncore-3.14-64/Scripts:/mnt/c/Users/marti/AppData/Local/Python/pythoncore-3.14-64/Scripts/ffmpeg-2025-11-12-git-6cdd2cbe32-full_build/bin:/mnt/c/Users/marti/AppData/Local/Programs/MiKTeX/miktex/bin/x64/:/mnt/c/Users/marti/Downloads/Tools/ffmpeg/bin:/mnt/c/Users/marti/AppData/Roaming/npm:/snap/bin', 'XDG_RUNTIME_DIR': '/run/user/1000', 'DISPLAY': ':0', 'LANG': 'C.UTF-8', 'LS_COLORS': 'rs=0:di=01;34:ln=01;36:mh=00:pi=40;33:so=01;35:do=01;35:bd=40;33;01:cd=40;33;01:or=40;31;01:mi=00:su=37;41:sg=30;43:ca=00:tw=30;42:ow=34;42:st=37;44:ex=01;32:*.tar=01;31:*.tgz=01;31:*.arc=01;31:*.arj=01;31:*.taz=01;31:*.lha=01;31:*.lz4=01;31:*.lzh=01;31:*.lzma=01;31:*.tlz=01;31:*.txz=01;31:*.tzo=01;31:*.t7z=01;31:*.zip=01;31:*.z=01;31:*.dz=01;31:*.gz=01;31:*.lrz=01;31:*.lz=01;31:*.lzo=01;31:*.xz=01;31:*.zst=01;31:*.tzst=01;31:*.bz2=01;31:*.bz=01;31:*.tbz=01;31:*.tbz2=01;31:*.tz=01;31:*.deb=01;31:*.rpm=01;31:*.jar=01;31:*.war=01;31:*.ear=01;31:*.sar=01;31:*.rar=01;31:*.alz=01;31:*.ace=01;31:*.zoo=01;31:*.cpio=01;31:*.7z=01;31:*.rz=01;31:*.cab=01;31:*.wim=01;31:*.swm=01;31:*.dwm=01;31:*.esd=01;31:*.avif=01;35:*.jpg=01;35:*.jpeg=01;35:*.mjpg=01;35:*.mjpeg=01;35:*.gif=01;35:*.bmp=01;35:*.pbm=01;35:*.pgm=01;35:*.ppm=01;35:*.tga=01;35:*.xbm=01;35:*.xpm=01;35:*.tif=01;35:*.tiff=01;35:*.png=01;35:*.svg=01;35:*.svgz=01;35:*.mng=01;35:*.pcx=01;35:*.mov=01;35:*.mpg=01;35:*.mpeg=01;35:*.m2v=01;35:*.mkv=01;35:*.webm=01;35:*.webp=01;35:*.ogm=01;35:*.mp4=01;35:*.m4v=01;35:*.mp4v=01;35:*.vob=01;35:*.qt=01;35:*.nuv=01;35:*.wmv=01;35:*.asf=01;35:*.rm=01;35:*.rmvb=01;35:*.flc=01;35:*.avi=01;35:*.fli=01;35:*.flv=01;35:*.gl=01;35:*.dl=01;35:*.xcf=01;35:*.xwd=01;35:*.yuv=01;35:*.cgm=01;35:*.emf=01;35:*.ogv=01;35:*.ogx=01;35:*.aac=00;36:*.au=00;36:*.flac=00;36:*.m4a=00;36:*.mid=00;36:*.midi=00;36:*.mka=00;36:*.mp3=00;36:*.mpc=00;36:*.ogg=00;36:*.ra=00;36:*.wav=00;36:*.oga=00;36:*.opus=00;36:*.spx=00;36:*.xspf=00;36:*~=00;90:*#=00;90:*.bak=00;90:*.crdownload=00;90:*.dpkg-dist=00;90:*.dpkg-new=00;90:*.dpkg-old=00;90:*.dpkg-tmp=00;90:*.old=00;90:*.orig=00;90:*.part=00;90:*.rej=00;90:*.rpmnew=00;90:*.rpmorig=00;90:*.rpmsave=00;90:*.swp=00;90:*.tmp=00;90:*.ucf-dist=00;90:*.ucf-new=00;90:*.ucf-old=00;90:', 'VSCODE_GIT_IPC_HANDLE': '/run/user/1000/vscode-git-be4e147b20.sock', 'TERM_PROGRAM': 'vscode', 'AMENT_PREFIX_PATH': '/opt/ros/jazzy', 'SHELL': '/bin/bash', 'LESSCLOSE': '/usr/bin/lesspipe %s %s', 'ROS_AUTOMATIC_DISCOVERY_RANGE': 'SUBNET', 'VSCODE_GIT_ASKPASS_EXTRA_ARGS': '', 'PWD': '/home/martin/autonomous_new/build/fsae_interfaces', 'COPILOT_DEBUG_NONCE': 'a0835ffc0f41e7145ddef4c5f08bbb53', 'XDG_DATA_DIRS': '/usr/local/share:/usr/share:/var/lib/snapd/desktop', 'PYTHONPATH': '/opt/ros/jazzy/lib/python3.12/site-packages', 'COLCON': '1', 'WSL2_GUI_APPS_ENABLED': '1', 'HOSTTYPE': 'x86_64', 'CMAKE_PREFIX_PATH': '/opt/ros/jazzy/opt/sdformat_vendor:/opt/ros/jazzy/opt/gz_math_vendor:/opt/ros/jazzy/opt/gz_utils_vendor:/opt/ros/jazzy/opt/gz_tools_vendor:/opt/ros/jazzy/opt/gz_cmake_vendor:/opt/ros/jazzy', 'WSLENV': 'ELECTRON_RUN_AS_NODE/w:'}), 'shell': False}
[17.818919] (fsae_interfaces) StdoutLine: {'line': b'-- Install configuration: ""\n'}
[17.821694] (fsae_interfaces) StdoutLine: {'line': b'-- Installing: /home/martin/autonomous_new/install/fsae_interfaces/share/ament_index/resource_index/rosidl_interfaces/fsae_interfaces\n'}
[17.823150] (fsae_interfaces) StdoutLine: {'line': b'-- Installing: /home/martin/autonomous_new/install/fsae_interfaces/share/fsae_interfaces/msg/AllTrajectories.json\n'}
[17.823577] (fsae_interfaces) StdoutLine: {'line': b'-- Installing: /home/martin/autonomous_new/install/fsae_interfaces/share/fsae_interfaces/msg/CAN.json\n'}
[17.823861] (fsae_interfaces) StdoutLine: {'line': b'-- Installing: /home/martin/autonomous_new/install/fsae_interfaces/share/fsae_interfaces/msg/CANStamped.json\n'}
[17.824216] (fsae_interfaces) StdoutLine: {'line': b'-- Installing: /home/martin/autonomous_new/install/fsae_interfaces/share/fsae_interfaces/msg/ConeDetection.json\n'}
[17.824472] (fsae_interfaces) StdoutLine: {'line': b'-- Installing: /home/martin/autonomous_new/install/fsae_interfaces/share/fsae_interfaces/msg/HardwareStates.json\n'}
[17.824713] (fsae_interfaces) StdoutLine: {'line': b'-- Installing: /home/martin/autonomous_new/install/fsae_interfaces/share/fsae_interfaces/msg/HardwareStatesStamped.json\n'}
[17.825027] (fsae_interfaces) StdoutLine: {'line': b'-- Installing: /home/martin/autonomous_new/install/fsae_interfaces/share/fsae_interfaces/msg/MissionStates.json\n'}
[17.825309] (fsae_interfaces) StdoutLine: {'line': b'-- Installing: /home/martin/autonomous_new/install/fsae_interfaces/share/fsae_interfaces/msg/MissionStatesStamped.json\n'}
[17.825583] (fsae_interfaces) StdoutLine: {'line': b'-- Installing: /home/martin/autonomous_new/install/fsae_interfaces/share/fsae_interfaces/msg/Track.json\n'}
[17.825880] (fsae_interfaces) StdoutLine: {'line': b'-- Installing: /home/martin/autonomous_new/install/fsae_interfaces/include/fsae_interfaces/fsae_interfaces\n'}
[17.827575] (fsae_interfaces) StdoutLine: {'line': b'-- Installing: /home/martin/autonomous_new/install/fsae_interfaces/include/fsae_interfaces/fsae_interfaces/msg\n'}
[17.828212] (fsae_interfaces) StdoutLine: {'line': b'-- Installing: /home/martin/autonomous_new/install/fsae_interfaces/include/fsae_interfaces/fsae_interfaces/msg/rosidl_generator_c__visibility_control.h\n'}
[17.828520] (fsae_interfaces) StdoutLine: {'line': b'-- Installing: /home/martin/autonomous_new/install/fsae_interfaces/include/fsae_interfaces/fsae_interfaces/msg/hardware_states_stamped.h\n'}
[17.828802] (fsae_interfaces) StdoutLine: {'line': b'-- Installing: /home/martin/autonomous_new/install/fsae_interfaces/include/fsae_interfaces/fsae_interfaces/msg/all_trajectories.h\n'}
[17.829038] (fsae_interfaces) StdoutLine: {'line': b'-- Installing: /home/martin/autonomous_new/install/fsae_interfaces/include/fsae_interfaces/fsae_interfaces/msg/hardware_states.h\n'}
[17.829285] (fsae_interfaces) StdoutLine: {'line': b'-- Installing: /home/martin/autonomous_new/install/fsae_interfaces/include/fsae_interfaces/fsae_interfaces/msg/mission_states_stamped.h\n'}
[17.829679] (fsae_interfaces) StdoutLine: {'line': b'-- Installing: /home/martin/autonomous_new/install/fsae_interfaces/include/fsae_interfaces/fsae_interfaces/msg/can_stamped.h\n'}
[17.829829] (fsae_interfaces) StdoutLine: {'line': b'-- Installing: /home/martin/autonomous_new/install/fsae_interfaces/include/fsae_interfaces/fsae_interfaces/msg/cone_detection.h\n'}
[17.830000] (fsae_interfaces) StdoutLine: {'line': b'-- Installing: /home/martin/autonomous_new/install/fsae_interfaces/include/fsae_interfaces/fsae_interfaces/msg/detail\n'}
[17.830638] (fsae_interfaces) StdoutLine: {'line': b'-- Installing: /home/martin/autonomous_new/install/fsae_interfaces/include/fsae_interfaces/fsae_interfaces/msg/detail/can__functions.c\n'}
[17.830980] (fsae_interfaces) StdoutLine: {'line': b'-- Installing: /home/martin/autonomous_new/install/fsae_interfaces/include/fsae_interfaces/fsae_interfaces/msg/detail/mission_states_stamped__functions.c\n'}
[17.831213] (fsae_interfaces) StdoutLine: {'line': b'-- Installing: /home/martin/autonomous_new/install/fsae_interfaces/include/fsae_interfaces/fsae_interfaces/msg/detail/mission_states_stamped__type_support.c\n'}
[17.831478] (fsae_interfaces) StdoutLine: {'line': b'-- Installing: /home/martin/autonomous_new/install/fsae_interfaces/include/fsae_interfaces/fsae_interfaces/msg/detail/can_stamped__struct.h\n'}
[17.831820] (fsae_interfaces) StdoutLine: {'line': b'-- Installing: /home/martin/autonomous_new/install/fsae_interfaces/include/fsae_interfaces/fsae_interfaces/msg/detail/all_trajectories__struct.h\n'}
[17.832101] (fsae_interfaces) StdoutLine: {'line': b'-- Installing: /home/martin/autonomous_new/install/fsae_interfaces/include/fsae_interfaces/fsae_interfaces/msg/detail/can_stamped__functions.c\n'}
[17.832480] (fsae_interfaces) StdoutLine: {'line': b'-- Installing: /home/martin/autonomous_new/install/fsae_interfaces/include/fsae_interfaces/fsae_interfaces/msg/detail/track__struct.h\n'}
[17.832589] (fsae_interfaces) StdoutLine: {'line': b'-- Installing: /home/martin/autonomous_new/install/fsae_interfaces/include/fsae_interfaces/fsae_interfaces/msg/detail/track__description.c\n'}
[17.832795] (fsae_interfaces) StdoutLine: {'line': b'-- Installing: /home/martin/autonomous_new/install/fsae_interfaces/include/fsae_interfaces/fsae_interfaces/msg/detail/mission_states__struct.h\n'}
[17.833136] (fsae_interfaces) StdoutLine: {'line': b'-- Installing: /home/martin/autonomous_new/install/fsae_interfaces/include/fsae_interfaces/fsae_interfaces/msg/detail/hardware_states_stamped__functions.c\n'}
[17.833240] (fsae_interfaces) StdoutLine: {'line': b'-- Installing: /home/martin/autonomous_new/install/fsae_interfaces/include/fsae_interfaces/fsae_interfaces/msg/detail/hardware_states_stamped__description.c\n'}
[17.833447] (fsae_interfaces) StdoutLine: {'line': b'-- Installing: /home/martin/autonomous_new/install/fsae_interfaces/include/fsae_interfaces/fsae_interfaces/msg/detail/cone_detection__description.c\n'}
[17.833740] (fsae_interfaces) StdoutLine: {'line': b'-- Installing: /home/martin/autonomous_new/install/fsae_interfaces/include/fsae_interfaces/fsae_interfaces/msg/detail/mission_states__functions.h\n'}
[17.834023] (fsae_interfaces) StdoutLine: {'line': b'-- Installing: /home/martin/autonomous_new/install/fsae_interfaces/include/fsae_interfaces/fsae_interfaces/msg/detail/can__functions.h\n'}
[17.834419] (fsae_interfaces) StdoutLine: {'line': b'-- Installing: /home/martin/autonomous_new/install/fsae_interfaces/include/fsae_interfaces/fsae_interfaces/msg/detail/cone_detection__type_support.h\n'}
[17.834796] (fsae_interfaces) StdoutLine: {'line': b'-- Installing: /home/martin/autonomous_new/install/fsae_interfaces/include/fsae_interfaces/fsae_interfaces/msg/detail/cone_detection__functions.c\n'}
[17.835125] (fsae_interfaces) StdoutLine: {'line': b'-- Installing: /home/martin/autonomous_new/install/fsae_interfaces/include/fsae_interfaces/fsae_interfaces/msg/detail/hardware_states__type_support.c\n'}
[17.835473] (fsae_interfaces) StdoutLine: {'line': b'-- Installing: /home/martin/autonomous_new/install/fsae_interfaces/include/fsae_interfaces/fsae_interfaces/msg/detail/mission_states__description.c\n'}
[17.835783] (fsae_interfaces) StdoutLine: {'line': b'-- Installing: /home/martin/autonomous_new/install/fsae_interfaces/include/fsae_interfaces/fsae_interfaces/msg/detail/cone_detection__type_support.c\n'}
[17.836079] (fsae_interfaces) StdoutLine: {'line': b'-- Installing: /home/martin/autonomous_new/install/fsae_interfaces/include/fsae_interfaces/fsae_interfaces/msg/detail/track__functions.h\n'}
[17.836365] (fsae_interfaces) StdoutLine: {'line': b'-- Installing: /home/martin/autonomous_new/install/fsae_interfaces/include/fsae_interfaces/fsae_interfaces/msg/detail/hardware_states__description.c\n'}
[17.836645] (fsae_interfaces) StdoutLine: {'line': b'-- Installing: /home/martin/autonomous_new/install/fsae_interfaces/include/fsae_interfaces/fsae_interfaces/msg/detail/track__functions.c\n'}
[17.836947] (fsae_interfaces) StdoutLine: {'line': b'-- Installing: /home/martin/autonomous_new/install/fsae_interfaces/include/fsae_interfaces/fsae_interfaces/msg/detail/hardware_states_stamped__type_support.h\n'}
[17.837224] (fsae_interfaces) StdoutLine: {'line': b'-- Installing: /home/martin/autonomous_new/install/fsae_interfaces/include/fsae_interfaces/fsae_interfaces/msg/detail/mission_states_stamped__type_support.h\n'}
[17.837530] (fsae_interfaces) StdoutLine: {'line': b'-- Installing: /home/martin/autonomous_new/install/fsae_interfaces/include/fsae_interfaces/fsae_interfaces/msg/detail/hardware_states__functions.h\n'}
[17.837830] (fsae_interfaces) StdoutLine: {'line': b'-- Installing: /home/martin/autonomous_new/install/fsae_interfaces/include/fsae_interfaces/fsae_interfaces/msg/detail/mission_states__functions.c\n'}
[17.838144] (fsae_interfaces) StdoutLine: {'line': b'-- Installing: /home/martin/autonomous_new/install/fsae_interfaces/include/fsae_interfaces/fsae_interfaces/msg/detail/all_trajectories__functions.c\n'}
[17.838450] (fsae_interfaces) StdoutLine: {'line': b'-- Installing: /home/martin/autonomous_new/install/fsae_interfaces/include/fsae_interfaces/fsae_interfaces/msg/detail/hardware_states_stamped__type_support.c\n'}
[17.838749] (fsae_interfaces) StdoutLine: {'line': b'-- Installing: /home/martin/autonomous_new/install/fsae_interfaces/include/fsae_interfaces/fsae_interfaces/msg/detail/hardware_states__functions.c\n'}
[17.839092] (fsae_interfaces) StdoutLine: {'line': b'-- Installing: /home/martin/autonomous_new/install/fsae_interfaces/include/fsae_interfaces/fsae_interfaces/msg/detail/track__type_support.c\n'}
[17.839319] (fsae_interfaces) StdoutLine: {'line': b'-- Installing: /home/martin/autonomous_new/install/fsae_interfaces/include/fsae_interfaces/fsae_interfaces/msg/detail/can_stamped__type_support.h\n'}
[17.839599] (fsae_interfaces) StdoutLine: {'line': b'-- Installing: /home/martin/autonomous_new/install/fsae_interfaces/include/fsae_interfaces/fsae_interfaces/msg/detail/track__type_support.h\n'}
[17.839878] (fsae_interfaces) StdoutLine: {'line': b'-- Installing: /home/martin/autonomous_new/install/fsae_interfaces/include/fsae_interfaces/fsae_interfaces/msg/detail/all_trajectories__description.c\n'}
[17.840150] (fsae_interfaces) StdoutLine: {'line': b'-- Installing: /home/martin/autonomous_new/install/fsae_interfaces/include/fsae_interfaces/fsae_interfaces/msg/detail/hardware_states__type_support.h\n'}
[17.840422] (fsae_interfaces) StdoutLine: {'line': b'-- Installing: /home/martin/autonomous_new/install/fsae_interfaces/include/fsae_interfaces/fsae_interfaces/msg/detail/mission_states_stamped__struct.h\n'}
[17.840777] (fsae_interfaces) StdoutLine: {'line': b'-- Installing: /home/martin/autonomous_new/install/fsae_interfaces/include/fsae_interfaces/fsae_interfaces/msg/detail/mission_states__type_support.h\n'}
[17.841041] (fsae_interfaces) StdoutLine: {'line': b'-- Installing: /home/martin/autonomous_new/install/fsae_interfaces/include/fsae_interfaces/fsae_interfaces/msg/detail/all_trajectories__type_support.h\n'}
[17.841332] (fsae_interfaces) StdoutLine: {'line': b'-- Installing: /home/martin/autonomous_new/install/fsae_interfaces/include/fsae_interfaces/fsae_interfaces/msg/detail/can__type_support.h\n'}
[17.841594] (fsae_interfaces) StdoutLine: {'line': b'-- Installing: /home/martin/autonomous_new/install/fsae_interfaces/include/fsae_interfaces/fsae_interfaces/msg/detail/can_stamped__type_support.c\n'}
[17.842018] (fsae_interfaces) StdoutLine: {'line': b'-- Installing: /home/martin/autonomous_new/install/fsae_interfaces/include/fsae_interfaces/fsae_interfaces/msg/detail/all_trajectories__functions.h\n'}
[17.842434] (fsae_interfaces) StdoutLine: {'line': b'-- Installing: /home/martin/autonomous_new/install/fsae_interfaces/include/fsae_interfaces/fsae_interfaces/msg/detail/hardware_states_stamped__functions.h\n'}
[17.842774] (fsae_interfaces) StdoutLine: {'line': b'-- Installing: /home/martin/autonomous_new/install/fsae_interfaces/include/fsae_interfaces/fsae_interfaces/msg/detail/cone_detection__struct.h\n'}
[17.843089] (fsae_interfaces) StdoutLine: {'line': b'-- Installing: /home/martin/autonomous_new/install/fsae_interfaces/include/fsae_interfaces/fsae_interfaces/msg/detail/hardware_states__struct.h\n'}
[17.843409] (fsae_interfaces) StdoutLine: {'line': b'-- Installing: /home/martin/autonomous_new/install/fsae_interfaces/include/fsae_interfaces/fsae_interfaces/msg/detail/can__struct.h\n'}
[17.843760] (fsae_interfaces) StdoutLine: {'line': b'-- Installing: /home/martin/autonomous_new/install/fsae_interfaces/include/fsae_interfaces/fsae_interfaces/msg/detail/can__description.c\n'}
[17.844075] (fsae_interfaces) StdoutLine: {'line': b'-- Installing: /home/martin/autonomous_new/install/fsae_interfaces/include/fsae_interfaces/fsae_interfaces/msg/detail/can_stamped__description.c\n'}
[17.844397] (fsae_interfaces) StdoutLine: {'line': b'-- Installing: /home/martin/autonomous_new/install/fsae_interfaces/include/fsae_interfaces/fsae_interfaces/msg/detail/hardware_states_stamped__struct.h\n'}
[17.844663] (fsae_interfaces) StdoutLine: {'line': b'-- Installing: /home/martin/autonomous_new/install/fsae_interfaces/include/fsae_interfaces/fsae_interfaces/msg/detail/can__type_support.c\n'}
[17.844928] (fsae_interfaces) StdoutLine: {'line': b'-- Installing: /home/martin/autonomous_new/install/fsae_interfaces/include/fsae_interfaces/fsae_interfaces/msg/detail/all_trajectories__type_support.c\n'}
[17.845199] (fsae_interfaces) StdoutLine: {'line': b'-- Installing: /home/martin/autonomous_new/install/fsae_interfaces/include/fsae_interfaces/fsae_interfaces/msg/detail/mission_states__type_support.c\n'}
[17.845513] (fsae_interfaces) StdoutLine: {'line': b'-- Installing: /home/martin/autonomous_new/install/fsae_interfaces/include/fsae_interfaces/fsae_interfaces/msg/detail/cone_detection__functions.h\n'}
[17.845781] (fsae_interfaces) StdoutLine: {'line': b'-- Installing: /home/martin/autonomous_new/install/fsae_interfaces/include/fsae_interfaces/fsae_interfaces/msg/detail/mission_states_stamped__functions.h\n'}
[17.846141] (fsae_interfaces) StdoutLine: {'line': b'-- Installing: /home/martin/autonomous_new/install/fsae_interfaces/include/fsae_interfaces/fsae_interfaces/msg/detail/can_stamped__functions.h\n'}
[17.846444] (fsae_interfaces) StdoutLine: {'line': b'-- Installing: /home/martin/autonomous_new/install/fsae_interfaces/include/fsae_interfaces/fsae_interfaces/msg/detail/mission_states_stamped__description.c\n'}
[17.846759] (fsae_interfaces) StdoutLine: {'line': b'-- Installing: /home/martin/autonomous_new/install/fsae_interfaces/include/fsae_interfaces/fsae_interfaces/msg/mission_states.h\n'}
[17.846986] (fsae_interfaces) StdoutLine: {'line': b'-- Installing: /home/martin/autonomous_new/install/fsae_interfaces/include/fsae_interfaces/fsae_interfaces/msg/can.h\n'}
[17.847250] (fsae_interfaces) StdoutLine: {'line': b'-- Installing: /home/martin/autonomous_new/install/fsae_interfaces/include/fsae_interfaces/fsae_interfaces/msg/track.h\n'}
[17.848365] (fsae_interfaces) StdoutLine: {'line': b'-- Installing: /home/martin/autonomous_new/install/fsae_interfaces/share/fsae_interfaces/environment/library_path.sh\n'}
[17.848653] (fsae_interfaces) StdoutLine: {'line': b'-- Installing: /home/martin/autonomous_new/install/fsae_interfaces/share/fsae_interfaces/environment/library_path.dsv\n'}
[17.849429] (fsae_interfaces) StdoutLine: {'line': b'-- Installing: /home/martin/autonomous_new/install/fsae_interfaces/lib/libfsae_interfaces__rosidl_generator_c.so\n'}
[17.850373] (fsae_interfaces) StdoutLine: {'line': b'-- Set non-toolchain portion of runtime path of "/home/martin/autonomous_new/install/fsae_interfaces/lib/libfsae_interfaces__rosidl_generator_c.so" to ""\n'}
[17.850737] (fsae_interfaces) StdoutLine: {'line': b'-- Up-to-date: /home/martin/autonomous_new/install/fsae_interfaces/include/fsae_interfaces/fsae_interfaces\n'}
[17.850818] (fsae_interfaces) StdoutLine: {'line': b'-- Up-to-date: /home/martin/autonomous_new/install/fsae_interfaces/include/fsae_interfaces/fsae_interfaces/msg\n'}
[17.850890] (fsae_interfaces) StdoutLine: {'line': b'-- Installing: /home/martin/autonomous_new/install/fsae_interfaces/include/fsae_interfaces/fsae_interfaces/msg/rosidl_typesupport_fastrtps_c__visibility_control.h\n'}
[17.851078] (fsae_interfaces) StdoutLine: {'line': b'-- Up-to-date: /home/martin/autonomous_new/install/fsae_interfaces/include/fsae_interfaces/fsae_interfaces/msg/detail\n'}
[17.851175] (fsae_interfaces) StdoutLine: {'line': b'-- Installing: /home/martin/autonomous_new/install/fsae_interfaces/include/fsae_interfaces/fsae_interfaces/msg/detail/mission_states_stamped__rosidl_typesupport_fastrtps_c.h\n'}
[17.851325] (fsae_interfaces) StdoutLine: {'line': b'-- Installing: /home/martin/autonomous_new/install/fsae_interfaces/include/fsae_interfaces/fsae_interfaces/msg/detail/hardware_states__rosidl_typesupport_fastrtps_c.h\n'}
[17.851510] (fsae_interfaces) StdoutLine: {'line': b'-- Installing: /home/martin/autonomous_new/install/fsae_interfaces/include/fsae_interfaces/fsae_interfaces/msg/detail/can__rosidl_typesupport_fastrtps_c.h\n'}
[17.851781] (fsae_interfaces) StdoutLine: {'line': b'-- Installing: /home/martin/autonomous_new/install/fsae_interfaces/include/fsae_interfaces/fsae_interfaces/msg/detail/track__rosidl_typesupport_fastrtps_c.h\n'}
[17.852049] (fsae_interfaces) StdoutLine: {'line': b'-- Installing: /home/martin/autonomous_new/install/fsae_interfaces/include/fsae_interfaces/fsae_interfaces/msg/detail/can_stamped__rosidl_typesupport_fastrtps_c.h\n'}
[17.852382] (fsae_interfaces) StdoutLine: {'line': b'-- Installing: /home/martin/autonomous_new/install/fsae_interfaces/include/fsae_interfaces/fsae_interfaces/msg/detail/mission_states__rosidl_typesupport_fastrtps_c.h\n'}
[17.852655] (fsae_interfaces) StdoutLine: {'line': b'-- Installing: /home/martin/autonomous_new/install/fsae_interfaces/include/fsae_interfaces/fsae_interfaces/msg/detail/hardware_states_stamped__rosidl_typesupport_fastrtps_c.h\n'}
[17.852922] (fsae_interfaces) StdoutLine: {'line': b'-- Installing: /home/martin/autonomous_new/install/fsae_interfaces/include/fsae_interfaces/fsae_interfaces/msg/detail/cone_detection__rosidl_typesupport_fastrtps_c.h\n'}
[17.853123] (fsae_interfaces) StdoutLine: {'line': b'-- Installing: /home/martin/autonomous_new/install/fsae_interfaces/include/fsae_interfaces/fsae_interfaces/msg/detail/all_trajectories__rosidl_typesupport_fastrtps_c.h\n'}
[17.853422] (fsae_interfaces) StdoutLine: {'line': b'-- Installing: /home/martin/autonomous_new/install/fsae_interfaces/lib/libfsae_interfaces__rosidl_typesupport_fastrtps_c.so\n'}
[17.854248] (fsae_interfaces) StdoutLine: {'line': b'-- Set non-toolchain portion of runtime path of "/home/martin/autonomous_new/install/fsae_interfaces/lib/libfsae_interfaces__rosidl_typesupport_fastrtps_c.so" to ""\n'}
[17.854605] (fsae_interfaces) StdoutLine: {'line': b'-- Up-to-date: /home/martin/autonomous_new/install/fsae_interfaces/include/fsae_interfaces/fsae_interfaces\n'}
[17.854710] (fsae_interfaces) StdoutLine: {'line': b'-- Up-to-date: /home/martin/autonomous_new/install/fsae_interfaces/include/fsae_interfaces/fsae_interfaces/msg\n'}
[17.854793] (fsae_interfaces) StdoutLine: {'line': b'-- Installing: /home/martin/autonomous_new/install/fsae_interfaces/include/fsae_interfaces/fsae_interfaces/msg/cone_detection.hpp\n'}
[17.854972] (fsae_interfaces) StdoutLine: {'line': b'-- Installing: /home/martin/autonomous_new/install/fsae_interfaces/include/fsae_interfaces/fsae_interfaces/msg/all_trajectories.hpp\n'}
[17.855297] (fsae_interfaces) StdoutLine: {'line': b'-- Up-to-date: /home/martin/autonomous_new/install/fsae_interfaces/include/fsae_interfaces/fsae_interfaces/msg/detail\n'}
[17.855516] (fsae_interfaces) StdoutLine: {'line': b'-- Installing: /home/martin/autonomous_new/install/fsae_interfaces/include/fsae_interfaces/fsae_interfaces/msg/detail/all_trajectories__builder.hpp\n'}
[17.855594] (fsae_interfaces) StdoutLine: {'line': b'-- Installing: /home/martin/autonomous_new/install/fsae_interfaces/include/fsae_interfaces/fsae_interfaces/msg/detail/track__type_support.hpp\n'}
[17.855753] (fsae_interfaces) StdoutLine: {'line': b'-- Installing: /home/martin/autonomous_new/install/fsae_interfaces/include/fsae_interfaces/fsae_interfaces/msg/detail/mission_states__builder.hpp\n'}
[17.856037] (fsae_interfaces) StdoutLine: {'line': b'-- Installing: /home/martin/autonomous_new/install/fsae_interfaces/include/fsae_interfaces/fsae_interfaces/msg/detail/can__struct.hpp\n'}
[17.856308] (fsae_interfaces) StdoutLine: {'line': b'-- Installing: /home/martin/autonomous_new/install/fsae_interfaces/include/fsae_interfaces/fsae_interfaces/msg/detail/can_stamped__traits.hpp\n'}
[17.856602] (fsae_interfaces) StdoutLine: {'line': b'-- Installing: /home/martin/autonomous_new/install/fsae_interfaces/include/fsae_interfaces/fsae_interfaces/msg/detail/cone_detection__struct.hpp\n'}
[17.856876] (fsae_interfaces) StdoutLine: {'line': b'-- Installing: /home/martin/autonomous_new/install/fsae_interfaces/include/fsae_interfaces/fsae_interfaces/msg/detail/cone_detection__type_support.hpp\n'}
[17.857143] (fsae_interfaces) StdoutLine: {'line': b'-- Installing: /home/martin/autonomous_new/install/fsae_interfaces/include/fsae_interfaces/fsae_interfaces/msg/detail/can_stamped__builder.hpp\n'}
[17.857421] (fsae_interfaces) StdoutLine: {'line': b'-- Installing: /home/martin/autonomous_new/install/fsae_interfaces/include/fsae_interfaces/fsae_interfaces/msg/detail/mission_states_stamped__struct.hpp\n'}
[17.857673] (fsae_interfaces) StdoutLine: {'line': b'-- Installing: /home/martin/autonomous_new/install/fsae_interfaces/include/fsae_interfaces/fsae_interfaces/msg/detail/hardware_states_stamped__struct.hpp\n'}
[17.857985] (fsae_interfaces) StdoutLine: {'line': b'-- Installing: /home/martin/autonomous_new/install/fsae_interfaces/include/fsae_interfaces/fsae_interfaces/msg/detail/track__struct.hpp\n'}
[17.858291] (fsae_interfaces) StdoutLine: {'line': b'-- Installing: /home/martin/autonomous_new/install/fsae_interfaces/include/fsae_interfaces/fsae_interfaces/msg/detail/hardware_states_stamped__type_support.hpp\n'}
[17.858491] (fsae_interfaces) StdoutLine: {'line': b'-- Installing: /home/martin/autonomous_new/install/fsae_interfaces/include/fsae_interfaces/fsae_interfaces/msg/detail/track__traits.hpp\n'}
[17.858719] (fsae_interfaces) StdoutLine: {'line': b'-- Installing: /home/martin/autonomous_new/install/fsae_interfaces/include/fsae_interfaces/fsae_interfaces/msg/detail/can__traits.hpp\n'}
[17.859011] (fsae_interfaces) StdoutLine: {'line': b'-- Installing: /home/martin/autonomous_new/install/fsae_interfaces/include/fsae_interfaces/fsae_interfaces/msg/detail/can__type_support.hpp\n'}
[17.859250] (fsae_interfaces) StdoutLine: {'line': b'-- Installing: /home/martin/autonomous_new/install/fsae_interfaces/include/fsae_interfaces/fsae_interfaces/msg/detail/cone_detection__builder.hpp\n'}
[17.859513] (fsae_interfaces) StdoutLine: {'line': b'-- Installing: /home/martin/autonomous_new/install/fsae_interfaces/include/fsae_interfaces/fsae_interfaces/msg/detail/hardware_states__builder.hpp\n'}
[17.859788] (fsae_interfaces) StdoutLine: {'line': b'-- Installing: /home/martin/autonomous_new/install/fsae_interfaces/include/fsae_interfaces/fsae_interfaces/msg/detail/track__builder.hpp\n'}
[17.860058] (fsae_interfaces) StdoutLine: {'line': b'-- Installing: /home/martin/autonomous_new/install/fsae_interfaces/include/fsae_interfaces/fsae_interfaces/msg/detail/mission_states_stamped__builder.hpp\n'}
[17.860326] (fsae_interfaces) StdoutLine: {'line': b'-- Installing: /home/martin/autonomous_new/install/fsae_interfaces/include/fsae_interfaces/fsae_interfaces/msg/detail/hardware_states_stamped__builder.hpp\n'}
[17.860636] (fsae_interfaces) StdoutLine: {'line': b'-- Installing: /home/martin/autonomous_new/install/fsae_interfaces/include/fsae_interfaces/fsae_interfaces/msg/detail/can_stamped__type_support.hpp\n'}
[17.860912] (fsae_interfaces) StdoutLine: {'line': b'-- Installing: /home/martin/autonomous_new/install/fsae_interfaces/include/fsae_interfaces/fsae_interfaces/msg/detail/all_trajectories__struct.hpp\n'}
[17.861165] (fsae_interfaces) StdoutLine: {'line': b'-- Installing: /home/martin/autonomous_new/install/fsae_interfaces/include/fsae_interfaces/fsae_interfaces/msg/detail/mission_states__struct.hpp\n'}
[17.861394] (fsae_interfaces) StdoutLine: {'line': b'-- Installing: /home/martin/autonomous_new/install/fsae_interfaces/include/fsae_interfaces/fsae_interfaces/msg/detail/mission_states__traits.hpp\n'}
[17.861633] (fsae_interfaces) StdoutLine: {'line': b'-- Installing: /home/martin/autonomous_new/install/fsae_interfaces/include/fsae_interfaces/fsae_interfaces/msg/detail/hardware_states__struct.hpp\n'}
[17.861870] (fsae_interfaces) StdoutLine: {'line': b'-- Installing: /home/martin/autonomous_new/install/fsae_interfaces/include/fsae_interfaces/fsae_interfaces/msg/detail/can__builder.hpp\n'}
[17.862139] (fsae_interfaces) StdoutLine: {'line': b'-- Installing: /home/martin/autonomous_new/install/fsae_interfaces/include/fsae_interfaces/fsae_interfaces/msg/detail/can_stamped__struct.hpp\n'}
[17.862458] (fsae_interfaces) StdoutLine: {'line': b'-- Installing: /home/martin/autonomous_new/install/fsae_interfaces/include/fsae_interfaces/fsae_interfaces/msg/detail/mission_states__type_support.hpp\n'}
[17.862709] (fsae_interfaces) StdoutLine: {'line': b'-- Installing: /home/martin/autonomous_new/install/fsae_interfaces/include/fsae_interfaces/fsae_interfaces/msg/detail/mission_states_stamped__type_support.hpp\n'}
[17.862971] (fsae_interfaces) StdoutLine: {'line': b'-- Installing: /home/martin/autonomous_new/install/fsae_interfaces/include/fsae_interfaces/fsae_interfaces/msg/detail/mission_states_stamped__traits.hpp\n'}
[17.863235] (fsae_interfaces) StdoutLine: {'line': b'-- Installing: /home/martin/autonomous_new/install/fsae_interfaces/include/fsae_interfaces/fsae_interfaces/msg/detail/all_trajectories__traits.hpp\n'}
[17.863513] (fsae_interfaces) StdoutLine: {'line': b'-- Installing: /home/martin/autonomous_new/install/fsae_interfaces/include/fsae_interfaces/fsae_interfaces/msg/detail/hardware_states__traits.hpp\n'}
[17.863784] (fsae_interfaces) StdoutLine: {'line': b'-- Installing: /home/martin/autonomous_new/install/fsae_interfaces/include/fsae_interfaces/fsae_interfaces/msg/detail/hardware_states_stamped__traits.hpp\n'}
[17.864046] (fsae_interfaces) StdoutLine: {'line': b'-- Installing: /home/martin/autonomous_new/install/fsae_interfaces/include/fsae_interfaces/fsae_interfaces/msg/detail/hardware_states__type_support.hpp\n'}
[17.864363] (fsae_interfaces) StdoutLine: {'line': b'-- Installing: /home/martin/autonomous_new/install/fsae_interfaces/include/fsae_interfaces/fsae_interfaces/msg/detail/all_trajectories__type_support.hpp\n'}
[17.864620] (fsae_interfaces) StdoutLine: {'line': b'-- Installing: /home/martin/autonomous_new/install/fsae_interfaces/include/fsae_interfaces/fsae_interfaces/msg/detail/cone_detection__traits.hpp\n'}
[17.864881] (fsae_interfaces) StdoutLine: {'line': b'-- Installing: /home/martin/autonomous_new/install/fsae_interfaces/include/fsae_interfaces/fsae_interfaces/msg/rosidl_generator_cpp__visibility_control.hpp\n'}
[17.865142] (fsae_interfaces) StdoutLine: {'line': b'-- Installing: /home/martin/autonomous_new/install/fsae_interfaces/include/fsae_interfaces/fsae_interfaces/msg/mission_states_stamped.hpp\n'}
[17.865410] (fsae_interfaces) StdoutLine: {'line': b'-- Installing: /home/martin/autonomous_new/install/fsae_interfaces/include/fsae_interfaces/fsae_interfaces/msg/track.hpp\n'}
[17.865655] (fsae_interfaces) StdoutLine: {'line': b'-- Installing: /home/martin/autonomous_new/install/fsae_interfaces/include/fsae_interfaces/fsae_interfaces/msg/can_stamped.hpp\n'}
[17.865961] (fsae_interfaces) StdoutLine: {'line': b'-- Installing: /home/martin/autonomous_new/install/fsae_interfaces/include/fsae_interfaces/fsae_interfaces/msg/hardware_states.hpp\n'}
[17.866283] (fsae_interfaces) StdoutLine: {'line': b'-- Installing: /home/martin/autonomous_new/install/fsae_interfaces/include/fsae_interfaces/fsae_interfaces/msg/mission_states.hpp\n'}
[17.866695] (fsae_interfaces) StdoutLine: {'line': b'-- Installing: /home/martin/autonomous_new/install/fsae_interfaces/include/fsae_interfaces/fsae_interfaces/msg/can.hpp\n'}
[17.866799] (fsae_interfaces) StdoutLine: {'line': b'-- Installing: /home/martin/autonomous_new/install/fsae_interfaces/include/fsae_interfaces/fsae_interfaces/msg/hardware_states_stamped.hpp\n'}
[17.867168] (fsae_interfaces) StdoutLine: {'line': b'-- Up-to-date: /home/martin/autonomous_new/install/fsae_interfaces/include/fsae_interfaces/fsae_interfaces\n'}
[17.867297] (fsae_interfaces) StdoutLine: {'line': b'-- Up-to-date: /home/martin/autonomous_new/install/fsae_interfaces/include/fsae_interfaces/fsae_interfaces/msg\n'}
[17.867613] (fsae_interfaces) StdoutLine: {'line': b'-- Installing: /home/martin/autonomous_new/install/fsae_interfaces/include/fsae_interfaces/fsae_interfaces/msg/rosidl_typesupport_fastrtps_cpp__visibility_control.h\n'}
[17.867885] (fsae_interfaces) StdoutLine: {'line': b'-- Up-to-date: /home/martin/autonomous_new/install/fsae_interfaces/include/fsae_interfaces/fsae_interfaces/msg/detail\n'}
[17.868163] (fsae_interfaces) StdoutLine: {'line': b'-- Installing: /home/martin/autonomous_new/install/fsae_interfaces/include/fsae_interfaces/fsae_interfaces/msg/detail/track__rosidl_typesupport_fastrtps_cpp.hpp\n'}
[17.868430] (fsae_interfaces) StdoutLine: {'line': b'-- Installing: /home/martin/autonomous_new/install/fsae_interfaces/include/fsae_interfaces/fsae_interfaces/msg/detail/can_stamped__rosidl_typesupport_fastrtps_cpp.hpp\n'}
[17.868727] (fsae_interfaces) StdoutLine: {'line': b'-- Installing: /home/martin/autonomous_new/install/fsae_interfaces/include/fsae_interfaces/fsae_interfaces/msg/detail/mission_states__rosidl_typesupport_fastrtps_cpp.hpp\n'}
[17.868980] (fsae_interfaces) StdoutLine: {'line': b'-- Installing: /home/martin/autonomous_new/install/fsae_interfaces/include/fsae_interfaces/fsae_interfaces/msg/detail/mission_states_stamped__rosidl_typesupport_fastrtps_cpp.hpp\n'}
[17.869142] (fsae_interfaces) StdoutLine: {'line': b'-- Installing: /home/martin/autonomous_new/install/fsae_interfaces/include/fsae_interfaces/fsae_interfaces/msg/detail/all_trajectories__rosidl_typesupport_fastrtps_cpp.hpp\n'}
[17.869338] (fsae_interfaces) StdoutLine: {'line': b'-- Installing: /home/martin/autonomous_new/install/fsae_interfaces/include/fsae_interfaces/fsae_interfaces/msg/detail/hardware_states__rosidl_typesupport_fastrtps_cpp.hpp\n'}
[17.869546] (fsae_interfaces) StdoutLine: {'line': b'-- Installing: /home/martin/autonomous_new/install/fsae_interfaces/include/fsae_interfaces/fsae_interfaces/msg/detail/dds_fastrtps\n'}
[17.870262] (fsae_interfaces) StdoutLine: {'line': b'-- Installing: /home/martin/autonomous_new/install/fsae_interfaces/include/fsae_interfaces/fsae_interfaces/msg/detail/can__rosidl_typesupport_fastrtps_cpp.hpp\n'}
[17.870561] (fsae_interfaces) StdoutLine: {'line': b'-- Installing: /home/martin/autonomous_new/install/fsae_interfaces/include/fsae_interfaces/fsae_interfaces/msg/detail/hardware_states_stamped__rosidl_typesupport_fastrtps_cpp.hpp\n'}
[17.870854] (fsae_interfaces) StdoutLine: {'line': b'-- Installing: /home/martin/autonomous_new/install/fsae_interfaces/include/fsae_interfaces/fsae_interfaces/msg/detail/cone_detection__rosidl_typesupport_fastrtps_cpp.hpp\n'}
[17.871292] (fsae_interfaces) StdoutLine: {'line': b'-- Installing: /home/martin/autonomous_new/install/fsae_interfaces/lib/libfsae_interfaces__rosidl_typesupport_fastrtps_cpp.so\n'}
[17.872293] (fsae_interfaces) StdoutLine: {'line': b'-- Set non-toolchain portion of runtime path of "/home/martin/autonomous_new/install/fsae_interfaces/lib/libfsae_interfaces__rosidl_typesupport_fastrtps_cpp.so" to ""\n'}
[17.872688] (-) TimerEvent: {}
[17.872831] (fsae_interfaces) StdoutLine: {'line': b'-- Up-to-date: /home/martin/autonomous_new/install/fsae_interfaces/include/fsae_interfaces/fsae_interfaces\n'}
[17.873161] (fsae_interfaces) StdoutLine: {'line': b'-- Up-to-date: /home/martin/autonomous_new/install/fsae_interfaces/include/fsae_interfaces/fsae_interfaces/msg\n'}
[17.873268] (fsae_interfaces) StdoutLine: {'line': b'-- Installing: /home/martin/autonomous_new/install/fsae_interfaces/include/fsae_interfaces/fsae_interfaces/msg/rosidl_typesupport_introspection_c__visibility_control.h\n'}
[17.873340] (fsae_interfaces) StdoutLine: {'line': b'-- Up-to-date: /home/martin/autonomous_new/install/fsae_interfaces/include/fsae_interfaces/fsae_interfaces/msg/detail\n'}
[17.873521] (fsae_interfaces) StdoutLine: {'line': b'-- Installing: /home/martin/autonomous_new/install/fsae_interfaces/include/fsae_interfaces/fsae_interfaces/msg/detail/mission_states_stamped__type_support.c\n'}
[17.873930] (fsae_interfaces) StdoutLine: {'line': b'-- Installing: /home/martin/autonomous_new/install/fsae_interfaces/include/fsae_interfaces/fsae_interfaces/msg/detail/track__rosidl_typesupport_introspection_c.h\n'}
[17.874209] (fsae_interfaces) StdoutLine: {'line': b'-- Installing: /home/martin/autonomous_new/install/fsae_interfaces/include/fsae_interfaces/fsae_interfaces/msg/detail/can__rosidl_typesupport_introspection_c.h\n'}
[17.874348] (fsae_interfaces) StdoutLine: {'line': b'-- Installing: /home/martin/autonomous_new/install/fsae_interfaces/include/fsae_interfaces/fsae_interfaces/msg/detail/hardware_states__rosidl_typesupport_introspection_c.h\n'}
[17.874703] (fsae_interfaces) StdoutLine: {'line': b'-- Installing: /home/martin/autonomous_new/install/fsae_interfaces/include/fsae_interfaces/fsae_interfaces/msg/detail/cone_detection__rosidl_typesupport_introspection_c.h\n'}
[17.874816] (fsae_interfaces) StdoutLine: {'line': b'-- Installing: /home/martin/autonomous_new/install/fsae_interfaces/include/fsae_interfaces/fsae_interfaces/msg/detail/hardware_states__type_support.c\n'}
[17.875060] (fsae_interfaces) StdoutLine: {'line': b'-- Installing: /home/martin/autonomous_new/install/fsae_interfaces/include/fsae_interfaces/fsae_interfaces/msg/detail/cone_detection__type_support.c\n'}
[17.875425] (fsae_interfaces) StdoutLine: {'line': b'-- Installing: /home/martin/autonomous_new/install/fsae_interfaces/include/fsae_interfaces/fsae_interfaces/msg/detail/mission_states_stamped__rosidl_typesupport_introspection_c.h\n'}
[17.875681] (fsae_interfaces) StdoutLine: {'line': b'-- Installing: /home/martin/autonomous_new/install/fsae_interfaces/include/fsae_interfaces/fsae_interfaces/msg/detail/all_trajectories__rosidl_typesupport_introspection_c.h\n'}
[17.875981] (fsae_interfaces) StdoutLine: {'line': b'-- Installing: /home/martin/autonomous_new/install/fsae_interfaces/include/fsae_interfaces/fsae_interfaces/msg/detail/hardware_states_stamped__rosidl_typesupport_introspection_c.h\n'}
[17.876251] (fsae_interfaces) StdoutLine: {'line': b'-- Installing: /home/martin/autonomous_new/install/fsae_interfaces/include/fsae_interfaces/fsae_interfaces/msg/detail/hardware_states_stamped__type_support.c\n'}
[17.876517] (fsae_interfaces) StdoutLine: {'line': b'-- Installing: /home/martin/autonomous_new/install/fsae_interfaces/include/fsae_interfaces/fsae_interfaces/msg/detail/can_stamped__rosidl_typesupport_introspection_c.h\n'}
[17.876783] (fsae_interfaces) StdoutLine: {'line': b'-- Installing: /home/martin/autonomous_new/install/fsae_interfaces/include/fsae_interfaces/fsae_interfaces/msg/detail/track__type_support.c\n'}
[17.877088] (fsae_interfaces) StdoutLine: {'line': b'-- Installing: /home/martin/autonomous_new/install/fsae_interfaces/include/fsae_interfaces/fsae_interfaces/msg/detail/mission_states__rosidl_typesupport_introspection_c.h\n'}
[17.877426] (fsae_interfaces) StdoutLine: {'line': b'-- Installing: /home/martin/autonomous_new/install/fsae_interfaces/include/fsae_interfaces/fsae_interfaces/msg/detail/can_stamped__type_support.c\n'}
[17.877737] (fsae_interfaces) StdoutLine: {'line': b'-- Installing: /home/martin/autonomous_new/install/fsae_interfaces/include/fsae_interfaces/fsae_interfaces/msg/detail/can__type_support.c\n'}
[17.878029] (fsae_interfaces) StdoutLine: {'line': b'-- Installing: /home/martin/autonomous_new/install/fsae_interfaces/include/fsae_interfaces/fsae_interfaces/msg/detail/all_trajectories__type_support.c\n'}
[17.878401] (fsae_interfaces) StdoutLine: {'line': b'-- Installing: /home/martin/autonomous_new/install/fsae_interfaces/include/fsae_interfaces/fsae_interfaces/msg/detail/mission_states__type_support.c\n'}
[17.878790] (fsae_interfaces) StdoutLine: {'line': b'-- Installing: /home/martin/autonomous_new/install/fsae_interfaces/lib/libfsae_interfaces__rosidl_typesupport_introspection_c.so\n'}
[17.879720] (fsae_interfaces) StdoutLine: {'line': b'-- Set non-toolchain portion of runtime path of "/home/martin/autonomous_new/install/fsae_interfaces/lib/libfsae_interfaces__rosidl_typesupport_introspection_c.so" to ""\n'}
[17.880062] (fsae_interfaces) StdoutLine: {'line': b'-- Installing: /home/martin/autonomous_new/install/fsae_interfaces/lib/libfsae_interfaces__rosidl_typesupport_c.so\n'}
[17.880830] (fsae_interfaces) StdoutLine: {'line': b'-- Set non-toolchain portion of runtime path of "/home/martin/autonomous_new/install/fsae_interfaces/lib/libfsae_interfaces__rosidl_typesupport_c.so" to ""\n'}
[17.881304] (fsae_interfaces) StdoutLine: {'line': b'-- Up-to-date: /home/martin/autonomous_new/install/fsae_interfaces/include/fsae_interfaces/fsae_interfaces\n'}
[17.881477] (fsae_interfaces) StdoutLine: {'line': b'-- Up-to-date: /home/martin/autonomous_new/install/fsae_interfaces/include/fsae_interfaces/fsae_interfaces/msg\n'}
[17.881558] (fsae_interfaces) StdoutLine: {'line': b'-- Up-to-date: /home/martin/autonomous_new/install/fsae_interfaces/include/fsae_interfaces/fsae_interfaces/msg/detail\n'}
[17.881817] (fsae_interfaces) StdoutLine: {'line': b'-- Installing: /home/martin/autonomous_new/install/fsae_interfaces/include/fsae_interfaces/fsae_interfaces/msg/detail/hardware_states_stamped__rosidl_typesupport_introspection_cpp.hpp\n'}
[17.882376] (fsae_interfaces) StdoutLine: {'line': b'-- Installing: /home/martin/autonomous_new/install/fsae_interfaces/include/fsae_interfaces/fsae_interfaces/msg/detail/mission_states__type_support.cpp\n'}
[17.882587] (fsae_interfaces) StdoutLine: {'line': b'-- Installing: /home/martin/autonomous_new/install/fsae_interfaces/include/fsae_interfaces/fsae_interfaces/msg/detail/track__type_support.cpp\n'}
[17.882938] (fsae_interfaces) StdoutLine: {'line': b'-- Installing: /home/martin/autonomous_new/install/fsae_interfaces/include/fsae_interfaces/fsae_interfaces/msg/detail/hardware_states__type_support.cpp\n'}
[17.883073] (fsae_interfaces) StdoutLine: {'line': b'-- Installing: /home/martin/autonomous_new/install/fsae_interfaces/include/fsae_interfaces/fsae_interfaces/msg/detail/hardware_states_stamped__type_support.cpp\n'}
[17.883240] (fsae_interfaces) StdoutLine: {'line': b'-- Installing: /home/martin/autonomous_new/install/fsae_interfaces/include/fsae_interfaces/fsae_interfaces/msg/detail/can_stamped__type_support.cpp\n'}
[17.883571] (fsae_interfaces) StdoutLine: {'line': b'-- Installing: /home/martin/autonomous_new/install/fsae_interfaces/include/fsae_interfaces/fsae_interfaces/msg/detail/mission_states_stamped__rosidl_typesupport_introspection_cpp.hpp\n'}
[17.883940] (fsae_interfaces) StdoutLine: {'line': b'-- Installing: /home/martin/autonomous_new/install/fsae_interfaces/include/fsae_interfaces/fsae_interfaces/msg/detail/can__type_support.cpp\n'}
[17.884277] (fsae_interfaces) StdoutLine: {'line': b'-- Installing: /home/martin/autonomous_new/install/fsae_interfaces/include/fsae_interfaces/fsae_interfaces/msg/detail/mission_states__rosidl_typesupport_introspection_cpp.hpp\n'}
[17.884636] (fsae_interfaces) StdoutLine: {'line': b'-- Installing: /home/martin/autonomous_new/install/fsae_interfaces/include/fsae_interfaces/fsae_interfaces/msg/detail/all_trajectories__type_support.cpp\n'}
[17.884957] (fsae_interfaces) StdoutLine: {'line': b'-- Installing: /home/martin/autonomous_new/install/fsae_interfaces/include/fsae_interfaces/fsae_interfaces/msg/detail/mission_states_stamped__type_support.cpp\n'}
[17.885316] (fsae_interfaces) StdoutLine: {'line': b'-- Installing: /home/martin/autonomous_new/install/fsae_interfaces/include/fsae_interfaces/fsae_interfaces/msg/detail/can__rosidl_typesupport_introspection_cpp.hpp\n'}
[17.885643] (fsae_interfaces) StdoutLine: {'line': b'-- Installing: /home/martin/autonomous_new/install/fsae_interfaces/include/fsae_interfaces/fsae_interfaces/msg/detail/hardware_states__rosidl_typesupport_introspection_cpp.hpp\n'}
[17.885994] (fsae_interfaces) StdoutLine: {'line': b'-- Installing: /home/martin/autonomous_new/install/fsae_interfaces/include/fsae_interfaces/fsae_interfaces/msg/detail/cone_detection__type_support.cpp\n'}
[17.886395] (fsae_interfaces) StdoutLine: {'line': b'-- Installing: /home/martin/autonomous_new/install/fsae_interfaces/include/fsae_interfaces/fsae_interfaces/msg/detail/cone_detection__rosidl_typesupport_introspection_cpp.hpp\n'}
[17.886753] (fsae_interfaces) StdoutLine: {'line': b'-- Installing: /home/martin/autonomous_new/install/fsae_interfaces/include/fsae_interfaces/fsae_interfaces/msg/detail/all_trajectories__rosidl_typesupport_introspection_cpp.hpp\n'}
[17.887067] (fsae_interfaces) StdoutLine: {'line': b'-- Installing: /home/martin/autonomous_new/install/fsae_interfaces/include/fsae_interfaces/fsae_interfaces/msg/detail/can_stamped__rosidl_typesupport_introspection_cpp.hpp\n'}
[17.887510] (fsae_interfaces) StdoutLine: {'line': b'-- Installing: /home/martin/autonomous_new/install/fsae_interfaces/include/fsae_interfaces/fsae_interfaces/msg/detail/track__rosidl_typesupport_introspection_cpp.hpp\n'}
[17.888577] (fsae_interfaces) StdoutLine: {'line': b'-- Installing: /home/martin/autonomous_new/install/fsae_interfaces/lib/libfsae_interfaces__rosidl_typesupport_introspection_cpp.so\n'}
[17.889759] (fsae_interfaces) StdoutLine: {'line': b'-- Set non-toolchain portion of runtime path of "/home/martin/autonomous_new/install/fsae_interfaces/lib/libfsae_interfaces__rosidl_typesupport_introspection_cpp.so" to ""\n'}
[17.890543] (fsae_interfaces) StdoutLine: {'line': b'-- Installing: /home/martin/autonomous_new/install/fsae_interfaces/lib/libfsae_interfaces__rosidl_typesupport_cpp.so\n'}
[17.891397] (fsae_interfaces) StdoutLine: {'line': b'-- Set non-toolchain portion of runtime path of "/home/martin/autonomous_new/install/fsae_interfaces/lib/libfsae_interfaces__rosidl_typesupport_cpp.so" to ""\n'}
[17.891833] (fsae_interfaces) StdoutLine: {'line': b'-- Installing: /home/martin/autonomous_new/install/fsae_interfaces/share/fsae_interfaces/environment/pythonpath.sh\n'}
[17.891941] (fsae_interfaces) StdoutLine: {'line': b'-- Installing: /home/martin/autonomous_new/install/fsae_interfaces/share/fsae_interfaces/environment/pythonpath.dsv\n'}
[17.892270] (fsae_interfaces) StdoutLine: {'line': b'-- Installing: /home/martin/autonomous_new/install/fsae_interfaces/lib/python3.12/site-packages/fsae_interfaces-0.1.0-py3.12.egg-info\n'}
[17.894573] (fsae_interfaces) StdoutLine: {'line': b'-- Installing: /home/martin/autonomous_new/install/fsae_interfaces/lib/python3.12/site-packages/fsae_interfaces-0.1.0-py3.12.egg-info/PKG-INFO\n'}
[17.894937] (fsae_interfaces) StdoutLine: {'line': b'-- Installing: /home/martin/autonomous_new/install/fsae_interfaces/lib/python3.12/site-packages/fsae_interfaces-0.1.0-py3.12.egg-info/SOURCES.txt\n'}
[17.895262] (fsae_interfaces) StdoutLine: {'line': b'-- Installing: /home/martin/autonomous_new/install/fsae_interfaces/lib/python3.12/site-packages/fsae_interfaces-0.1.0-py3.12.egg-info/top_level.txt\n'}
[17.895679] (fsae_interfaces) StdoutLine: {'line': b'-- Installing: /home/martin/autonomous_new/install/fsae_interfaces/lib/python3.12/site-packages/fsae_interfaces-0.1.0-py3.12.egg-info/dependency_links.txt\n'}
[17.896067] (fsae_interfaces) StdoutLine: {'line': b'-- Installing: /home/martin/autonomous_new/install/fsae_interfaces/lib/python3.12/site-packages/fsae_interfaces\n'}
[17.896936] (fsae_interfaces) StdoutLine: {'line': b'-- Installing: /home/martin/autonomous_new/install/fsae_interfaces/lib/python3.12/site-packages/fsae_interfaces/msg\n'}
[17.897638] (fsae_interfaces) StdoutLine: {'line': b'-- Installing: /home/martin/autonomous_new/install/fsae_interfaces/lib/python3.12/site-packages/fsae_interfaces/msg/_mission_states_stamped.py\n'}
[17.897995] (fsae_interfaces) StdoutLine: {'line': b'-- Installing: /home/martin/autonomous_new/install/fsae_interfaces/lib/python3.12/site-packages/fsae_interfaces/msg/_hardware_states_stamped.py\n'}
[17.898429] (fsae_interfaces) StdoutLine: {'line': b'-- Installing: /home/martin/autonomous_new/install/fsae_interfaces/lib/python3.12/site-packages/fsae_interfaces/msg/_all_trajectories_s.c\n'}
[17.898773] (fsae_interfaces) StdoutLine: {'line': b'-- Installing: /home/martin/autonomous_new/install/fsae_interfaces/lib/python3.12/site-packages/fsae_interfaces/msg/_mission_states.py\n'}
[17.899085] (fsae_interfaces) StdoutLine: {'line': b'-- Installing: /home/martin/autonomous_new/install/fsae_interfaces/lib/python3.12/site-packages/fsae_interfaces/msg/_cone_detection_s.c\n'}
[17.899465] (fsae_interfaces) StdoutLine: {'line': b'-- Installing: /home/martin/autonomous_new/install/fsae_interfaces/lib/python3.12/site-packages/fsae_interfaces/msg/_can_stamped.py\n'}
[17.899936] (fsae_interfaces) StdoutLine: {'line': b'-- Installing: /home/martin/autonomous_new/install/fsae_interfaces/lib/python3.12/site-packages/fsae_interfaces/msg/_cone_detection.py\n'}
[17.900265] (fsae_interfaces) StdoutLine: {'line': b'-- Installing: /home/martin/autonomous_new/install/fsae_interfaces/lib/python3.12/site-packages/fsae_interfaces/msg/_can.py\n'}
[17.900599] (fsae_interfaces) StdoutLine: {'line': b'-- Installing: /home/martin/autonomous_new/install/fsae_interfaces/lib/python3.12/site-packages/fsae_interfaces/msg/_track.py\n'}
[17.900931] (fsae_interfaces) StdoutLine: {'line': b'-- Installing: /home/martin/autonomous_new/install/fsae_interfaces/lib/python3.12/site-packages/fsae_interfaces/msg/_can_stamped_s.c\n'}
[17.901280] (fsae_interfaces) StdoutLine: {'line': b'-- Installing: /home/martin/autonomous_new/install/fsae_interfaces/lib/python3.12/site-packages/fsae_interfaces/msg/__init__.py\n'}
[17.901615] (fsae_interfaces) StdoutLine: {'line': b'-- Installing: /home/martin/autonomous_new/install/fsae_interfaces/lib/python3.12/site-packages/fsae_interfaces/msg/_hardware_states_s.c\n'}
[17.901961] (fsae_interfaces) StdoutLine: {'line': b'-- Installing: /home/martin/autonomous_new/install/fsae_interfaces/lib/python3.12/site-packages/fsae_interfaces/msg/_hardware_states.py\n'}
[17.902382] (fsae_interfaces) StdoutLine: {'line': b'-- Installing: /home/martin/autonomous_new/install/fsae_interfaces/lib/python3.12/site-packages/fsae_interfaces/msg/_all_trajectories.py\n'}
[17.902756] (fsae_interfaces) StdoutLine: {'line': b'-- Installing: /home/martin/autonomous_new/install/fsae_interfaces/lib/python3.12/site-packages/fsae_interfaces/msg/_hardware_states_stamped_s.c\n'}
[17.903100] (fsae_interfaces) StdoutLine: {'line': b'-- Installing: /home/martin/autonomous_new/install/fsae_interfaces/lib/python3.12/site-packages/fsae_interfaces/msg/_mission_states_stamped_s.c\n'}
[17.903476] (fsae_interfaces) StdoutLine: {'line': b'-- Installing: /home/martin/autonomous_new/install/fsae_interfaces/lib/python3.12/site-packages/fsae_interfaces/msg/_can_s.c\n'}
[17.903890] (fsae_interfaces) StdoutLine: {'line': b'-- Installing: /home/martin/autonomous_new/install/fsae_interfaces/lib/python3.12/site-packages/fsae_interfaces/msg/_track_s.c\n'}
[17.904188] (fsae_interfaces) StdoutLine: {'line': b'-- Installing: /home/martin/autonomous_new/install/fsae_interfaces/lib/python3.12/site-packages/fsae_interfaces/msg/_mission_states_s.c\n'}
[17.904534] (fsae_interfaces) StdoutLine: {'line': b'-- Installing: /home/martin/autonomous_new/install/fsae_interfaces/lib/python3.12/site-packages/fsae_interfaces/_fsae_interfaces_s.ep.rosidl_typesupport_fastrtps_c.c\n'}
[17.905012] (fsae_interfaces) StdoutLine: {'line': b'-- Installing: /home/martin/autonomous_new/install/fsae_interfaces/lib/python3.12/site-packages/fsae_interfaces/fsae_interfaces_s__rosidl_typesupport_c.so\n'}
[17.905365] (fsae_interfaces) StdoutLine: {'line': b'-- Installing: /home/martin/autonomous_new/install/fsae_interfaces/lib/python3.12/site-packages/fsae_interfaces/fsae_interfaces_s__rosidl_typesupport_introspection_c.so\n'}
[17.905913] (fsae_interfaces) StdoutLine: {'line': b'-- Installing: /home/martin/autonomous_new/install/fsae_interfaces/lib/python3.12/site-packages/fsae_interfaces/fsae_interfaces_s__rosidl_typesupport_fastrtps_c.so\n'}
[17.906659] (fsae_interfaces) StdoutLine: {'line': b'-- Installing: /home/martin/autonomous_new/install/fsae_interfaces/lib/python3.12/site-packages/fsae_interfaces/_fsae_interfaces_s.ep.rosidl_typesupport_introspection_c.c\n'}
[17.907082] (fsae_interfaces) StdoutLine: {'line': b'-- Installing: /home/martin/autonomous_new/install/fsae_interfaces/lib/python3.12/site-packages/fsae_interfaces/__init__.py\n'}
[17.907511] (fsae_interfaces) StdoutLine: {'line': b'-- Installing: /home/martin/autonomous_new/install/fsae_interfaces/lib/python3.12/site-packages/fsae_interfaces/_fsae_interfaces_s.ep.rosidl_typesupport_c.c\n'}
[17.970617] (fsae_interfaces) StdoutLine: {'line': b"Listing '/home/martin/autonomous_new/install/fsae_interfaces/lib/python3.12/site-packages/fsae_interfaces'...\n"}
[17.970966] (fsae_interfaces) StdoutLine: {'line': b"Compiling '/home/martin/autonomous_new/install/fsae_interfaces/lib/python3.12/site-packages/fsae_interfaces/__init__.py'...\n"}
[17.971205] (fsae_interfaces) StdoutLine: {'line': b"Listing '/home/martin/autonomous_new/install/fsae_interfaces/lib/python3.12/site-packages/fsae_interfaces/msg'...\n"}
[17.971421] (fsae_interfaces) StdoutLine: {'line': b"Compiling '/home/martin/autonomous_new/install/fsae_interfaces/lib/python3.12/site-packages/fsae_interfaces/msg/__init__.py'...\n"}
[17.971659] (fsae_interfaces) StdoutLine: {'line': b"Compiling '/home/martin/autonomous_new/install/fsae_interfaces/lib/python3.12/site-packages/fsae_interfaces/msg/_all_trajectories.py'...\n"}
[17.971885] (fsae_interfaces) StdoutLine: {'line': b"Compiling '/home/martin/autonomous_new/install/fsae_interfaces/lib/python3.12/site-packages/fsae_interfaces/msg/_can.py'...\n"}
[17.972040] (fsae_interfaces) StdoutLine: {'line': b"Compiling '/home/martin/autonomous_new/install/fsae_interfaces/lib/python3.12/site-packages/fsae_interfaces/msg/_can_stamped.py'...\n"}
[17.972173] (fsae_interfaces) StdoutLine: {'line': b"Compiling '/home/martin/autonomous_new/install/fsae_interfaces/lib/python3.12/site-packages/fsae_interfaces/msg/_cone_detection.py'...\n"}
[17.972412] (fsae_interfaces) StdoutLine: {'line': b"Compiling '/home/martin/autonomous_new/install/fsae_interfaces/lib/python3.12/site-packages/fsae_interfaces/msg/_hardware_states.py'...\n"}
[17.972603] (fsae_interfaces) StdoutLine: {'line': b"Compiling '/home/martin/autonomous_new/install/fsae_interfaces/lib/python3.12/site-packages/fsae_interfaces/msg/_hardware_states_stamped.py'...\n"}
[17.972939] (-) TimerEvent: {}
[17.973157] (fsae_interfaces) StdoutLine: {'line': b"Compiling '/home/martin/autonomous_new/install/fsae_interfaces/lib/python3.12/site-packages/fsae_interfaces/msg/_mission_states.py'...\n"}
[17.973374] (fsae_interfaces) StdoutLine: {'line': b"Compiling '/home/martin/autonomous_new/install/fsae_interfaces/lib/python3.12/site-packages/fsae_interfaces/msg/_mission_states_stamped.py'...\n"}
[17.973585] (fsae_interfaces) StdoutLine: {'line': b"Compiling '/home/martin/autonomous_new/install/fsae_interfaces/lib/python3.12/site-packages/fsae_interfaces/msg/_track.py'...\n"}
[17.978933] (fsae_interfaces) StdoutLine: {'line': b'-- Installing: /home/martin/autonomous_new/install/fsae_interfaces/lib/python3.12/site-packages/fsae_interfaces/fsae_interfaces_s__rosidl_typesupport_fastrtps_c.so\n'}
[17.979899] (fsae_interfaces) StdoutLine: {'line': b'-- Set non-toolchain portion of runtime path of "/home/martin/autonomous_new/install/fsae_interfaces/lib/python3.12/site-packages/fsae_interfaces/fsae_interfaces_s__rosidl_typesupport_fastrtps_c.so" to ""\n'}
[17.980517] (fsae_interfaces) StdoutLine: {'line': b'-- Installing: /home/martin/autonomous_new/install/fsae_interfaces/lib/python3.12/site-packages/fsae_interfaces/fsae_interfaces_s__rosidl_typesupport_introspection_c.so\n'}
[17.981441] (fsae_interfaces) StdoutLine: {'line': b'-- Set non-toolchain portion of runtime path of "/home/martin/autonomous_new/install/fsae_interfaces/lib/python3.12/site-packages/fsae_interfaces/fsae_interfaces_s__rosidl_typesupport_introspection_c.so" to ""\n'}
[17.981916] (fsae_interfaces) StdoutLine: {'line': b'-- Installing: /home/martin/autonomous_new/install/fsae_interfaces/lib/python3.12/site-packages/fsae_interfaces/fsae_interfaces_s__rosidl_typesupport_c.so\n'}
[17.982958] (fsae_interfaces) StdoutLine: {'line': b'-- Set non-toolchain portion of runtime path of "/home/martin/autonomous_new/install/fsae_interfaces/lib/python3.12/site-packages/fsae_interfaces/fsae_interfaces_s__rosidl_typesupport_c.so" to ""\n'}
[17.983338] (fsae_interfaces) StdoutLine: {'line': b'-- Installing: /home/martin/autonomous_new/install/fsae_interfaces/lib/libfsae_interfaces__rosidl_generator_py.so\n'}
[17.984191] (fsae_interfaces) StdoutLine: {'line': b'-- Set non-toolchain portion of runtime path of "/home/martin/autonomous_new/install/fsae_interfaces/lib/libfsae_interfaces__rosidl_generator_py.so" to ""\n'}
[17.985579] (fsae_interfaces) StdoutLine: {'line': b'-- Installing: /home/martin/autonomous_new/install/fsae_interfaces/share/ament_index/resource_index/rust_packages/fsae_interfaces\n'}
[17.985916] (fsae_interfaces) StdoutLine: {'line': b'-- Installing: /home/martin/autonomous_new/install/fsae_interfaces/share/fsae_interfaces/rust\n'}
[17.986631] (fsae_interfaces) StdoutLine: {'line': b'-- Installing: /home/martin/autonomous_new/install/fsae_interfaces/share/fsae_interfaces/rust/Cargo.toml\n'}
[17.987134] (fsae_interfaces) StdoutLine: {'line': b'-- Installing: /home/martin/autonomous_new/install/fsae_interfaces/share/fsae_interfaces/rust/build.rs\n'}
[17.987563] (fsae_interfaces) StdoutLine: {'line': b'-- Installing: /home/martin/autonomous_new/install/fsae_interfaces/share/fsae_interfaces/rust/src\n'}
[17.988409] (fsae_interfaces) StdoutLine: {'line': b'-- Installing: /home/martin/autonomous_new/install/fsae_interfaces/share/fsae_interfaces/rust/src/msg\n'}
[17.989493] (fsae_interfaces) StdoutLine: {'line': b'-- Installing: /home/martin/autonomous_new/install/fsae_interfaces/share/fsae_interfaces/rust/src/msg/rmw.rs\n'}
[17.989939] (fsae_interfaces) StdoutLine: {'line': b'-- Installing: /home/martin/autonomous_new/install/fsae_interfaces/share/fsae_interfaces/rust/src/msg.rs\n'}
[17.990378] (fsae_interfaces) StdoutLine: {'line': b'-- Installing: /home/martin/autonomous_new/install/fsae_interfaces/share/fsae_interfaces/rust/src/lib.rs\n'}
[17.990752] (fsae_interfaces) StdoutLine: {'line': b'-- Installing: /home/martin/autonomous_new/install/fsae_interfaces/share/fsae_interfaces/msg/AllTrajectories.idl\n'}
[17.991138] (fsae_interfaces) StdoutLine: {'line': b'-- Installing: /home/martin/autonomous_new/install/fsae_interfaces/share/fsae_interfaces/msg/CAN.idl\n'}
[17.991451] (fsae_interfaces) StdoutLine: {'line': b'-- Installing: /home/martin/autonomous_new/install/fsae_interfaces/share/fsae_interfaces/msg/CANStamped.idl\n'}
[17.991768] (fsae_interfaces) StdoutLine: {'line': b'-- Installing: /home/martin/autonomous_new/install/fsae_interfaces/share/fsae_interfaces/msg/ConeDetection.idl\n'}
[17.992057] (fsae_interfaces) StdoutLine: {'line': b'-- Installing: /home/martin/autonomous_new/install/fsae_interfaces/share/fsae_interfaces/msg/HardwareStates.idl\n'}
[17.992368] (fsae_interfaces) StdoutLine: {'line': b'-- Installing: /home/martin/autonomous_new/install/fsae_interfaces/share/fsae_interfaces/msg/HardwareStatesStamped.idl\n'}
[17.992723] (fsae_interfaces) StdoutLine: {'line': b'-- Installing: /home/martin/autonomous_new/install/fsae_interfaces/share/fsae_interfaces/msg/MissionStates.idl\n'}
[17.993025] (fsae_interfaces) StdoutLine: {'line': b'-- Installing: /home/martin/autonomous_new/install/fsae_interfaces/share/fsae_interfaces/msg/MissionStatesStamped.idl\n'}
[17.993314] (fsae_interfaces) StdoutLine: {'line': b'-- Installing: /home/martin/autonomous_new/install/fsae_interfaces/share/fsae_interfaces/msg/Track.idl\n'}
[17.993786] (fsae_interfaces) StdoutLine: {'line': b'-- Installing: /home/martin/autonomous_new/install/fsae_interfaces/share/fsae_interfaces/msg/AllTrajectories.msg\n'}
[17.994148] (fsae_interfaces) StdoutLine: {'line': b'-- Installing: /home/martin/autonomous_new/install/fsae_interfaces/share/fsae_interfaces/msg/CAN.msg\n'}
[17.994494] (fsae_interfaces) StdoutLine: {'line': b'-- Installing: /home/martin/autonomous_new/install/fsae_interfaces/share/fsae_interfaces/msg/CANStamped.msg\n'}
[17.994850] (fsae_interfaces) StdoutLine: {'line': b'-- Installing: /home/martin/autonomous_new/install/fsae_interfaces/share/fsae_interfaces/msg/ConeDetection.msg\n'}
[17.995180] (fsae_interfaces) StdoutLine: {'line': b'-- Installing: /home/martin/autonomous_new/install/fsae_interfaces/share/fsae_interfaces/msg/HardwareStates.msg\n'}
[17.995469] (fsae_interfaces) StdoutLine: {'line': b'-- Installing: /home/martin/autonomous_new/install/fsae_interfaces/share/fsae_interfaces/msg/HardwareStatesStamped.msg\n'}
[17.995865] (fsae_interfaces) StdoutLine: {'line': b'-- Installing: /home/martin/autonomous_new/install/fsae_interfaces/share/fsae_interfaces/msg/MissionStates.msg\n'}
[17.996222] (fsae_interfaces) StdoutLine: {'line': b'-- Installing: /home/martin/autonomous_new/install/fsae_interfaces/share/fsae_interfaces/msg/MissionStatesStamped.msg\n'}
[17.996602] (fsae_interfaces) StdoutLine: {'line': b'-- Installing: /home/martin/autonomous_new/install/fsae_interfaces/share/fsae_interfaces/msg/Track.msg\n'}
[17.997573] (fsae_interfaces) StdoutLine: {'line': b'-- Installing: /home/martin/autonomous_new/install/fsae_interfaces/share/ament_index/resource_index/package_run_dependencies/fsae_interfaces\n'}
[17.998638] (fsae_interfaces) StdoutLine: {'line': b'-- Installing: /home/martin/autonomous_new/install/fsae_interfaces/share/ament_index/resource_index/parent_prefix_path/fsae_interfaces\n'}
[17.998955] (fsae_interfaces) StdoutLine: {'line': b'-- Installing: /home/martin/autonomous_new/install/fsae_interfaces/share/fsae_interfaces/environment/ament_prefix_path.sh\n'}
[17.999330] (fsae_interfaces) StdoutLine: {'line': b'-- Installing: /home/martin/autonomous_new/install/fsae_interfaces/share/fsae_interfaces/environment/ament_prefix_path.dsv\n'}
[17.999638] (fsae_interfaces) StdoutLine: {'line': b'-- Installing: /home/martin/autonomous_new/install/fsae_interfaces/share/fsae_interfaces/environment/path.sh\n'}
[18.000112] (fsae_interfaces) StdoutLine: {'line': b'-- Installing: /home/martin/autonomous_new/install/fsae_interfaces/share/fsae_interfaces/environment/path.dsv\n'}
[18.000447] (fsae_interfaces) StdoutLine: {'line': b'-- Installing: /home/martin/autonomous_new/install/fsae_interfaces/share/fsae_interfaces/local_setup.bash\n'}
[18.000948] (fsae_interfaces) StdoutLine: {'line': b'-- Installing: /home/martin/autonomous_new/install/fsae_interfaces/share/fsae_interfaces/local_setup.sh\n'}
[18.001285] (fsae_interfaces) StdoutLine: {'line': b'-- Installing: /home/martin/autonomous_new/install/fsae_interfaces/share/fsae_interfaces/local_setup.zsh\n'}
[18.001636] (fsae_interfaces) StdoutLine: {'line': b'-- Installing: /home/martin/autonomous_new/install/fsae_interfaces/share/fsae_interfaces/local_setup.dsv\n'}
[18.002014] (fsae_interfaces) StdoutLine: {'line': b'-- Installing: /home/martin/autonomous_new/install/fsae_interfaces/share/fsae_interfaces/package.dsv\n'}
[18.003116] (fsae_interfaces) StdoutLine: {'line': b'-- Installing: /home/martin/autonomous_new/install/fsae_interfaces/share/ament_index/resource_index/packages/fsae_interfaces\n'}
[18.004036] (fsae_interfaces) StdoutLine: {'line': b'-- Installing: /home/martin/autonomous_new/install/fsae_interfaces/share/fsae_interfaces/cmake/export_fsae_interfaces__rosidl_generator_cExport.cmake\n'}
[18.004368] (fsae_interfaces) StdoutLine: {'line': b'-- Installing: /home/martin/autonomous_new/install/fsae_interfaces/share/fsae_interfaces/cmake/export_fsae_interfaces__rosidl_generator_cExport-noconfig.cmake\n'}
[18.004686] (fsae_interfaces) StdoutLine: {'line': b'-- Installing: /home/martin/autonomous_new/install/fsae_interfaces/share/fsae_interfaces/cmake/export_fsae_interfaces__rosidl_typesupport_fastrtps_cExport.cmake\n'}
[18.005110] (fsae_interfaces) StdoutLine: {'line': b'-- Installing: /home/martin/autonomous_new/install/fsae_interfaces/share/fsae_interfaces/cmake/export_fsae_interfaces__rosidl_typesupport_fastrtps_cExport-noconfig.cmake\n'}
[18.005452] (fsae_interfaces) StdoutLine: {'line': b'-- Installing: /home/martin/autonomous_new/install/fsae_interfaces/share/fsae_interfaces/cmake/export_fsae_interfaces__rosidl_generator_cppExport.cmake\n'}
[18.005825] (fsae_interfaces) StdoutLine: {'line': b'-- Installing: /home/martin/autonomous_new/install/fsae_interfaces/share/fsae_interfaces/cmake/export_fsae_interfaces__rosidl_typesupport_fastrtps_cppExport.cmake\n'}
[18.006251] (fsae_interfaces) StdoutLine: {'line': b'-- Installing: /home/martin/autonomous_new/install/fsae_interfaces/share/fsae_interfaces/cmake/export_fsae_interfaces__rosidl_typesupport_fastrtps_cppExport-noconfig.cmake\n'}
[18.006633] (fsae_interfaces) StdoutLine: {'line': b'-- Installing: /home/martin/autonomous_new/install/fsae_interfaces/share/fsae_interfaces/cmake/fsae_interfaces__rosidl_typesupport_introspection_cExport.cmake\n'}
[18.007035] (fsae_interfaces) StdoutLine: {'line': b'-- Installing: /home/martin/autonomous_new/install/fsae_interfaces/share/fsae_interfaces/cmake/fsae_interfaces__rosidl_typesupport_introspection_cExport-noconfig.cmake\n'}
[18.007378] (fsae_interfaces) StdoutLine: {'line': b'-- Installing: /home/martin/autonomous_new/install/fsae_interfaces/share/fsae_interfaces/cmake/fsae_interfaces__rosidl_typesupport_cExport.cmake\n'}
[18.007876] (fsae_interfaces) StdoutLine: {'line': b'-- Installing: /home/martin/autonomous_new/install/fsae_interfaces/share/fsae_interfaces/cmake/fsae_interfaces__rosidl_typesupport_cExport-noconfig.cmake\n'}
[18.008391] (fsae_interfaces) StdoutLine: {'line': b'-- Installing: /home/martin/autonomous_new/install/fsae_interfaces/share/fsae_interfaces/cmake/fsae_interfaces__rosidl_typesupport_introspection_cppExport.cmake\n'}
[18.009216] (fsae_interfaces) StdoutLine: {'line': b'-- Installing: /home/martin/autonomous_new/install/fsae_interfaces/share/fsae_interfaces/cmake/fsae_interfaces__rosidl_typesupport_introspection_cppExport-noconfig.cmake\n'}
[18.009650] (fsae_interfaces) StdoutLine: {'line': b'-- Installing: /home/martin/autonomous_new/install/fsae_interfaces/share/fsae_interfaces/cmake/fsae_interfaces__rosidl_typesupport_cppExport.cmake\n'}
[18.010019] (fsae_interfaces) StdoutLine: {'line': b'-- Installing: /home/martin/autonomous_new/install/fsae_interfaces/share/fsae_interfaces/cmake/fsae_interfaces__rosidl_typesupport_cppExport-noconfig.cmake\n'}
[18.010435] (fsae_interfaces) StdoutLine: {'line': b'-- Installing: /home/martin/autonomous_new/install/fsae_interfaces/share/fsae_interfaces/cmake/export_fsae_interfaces__rosidl_generator_pyExport.cmake\n'}
[18.010760] (fsae_interfaces) StdoutLine: {'line': b'-- Installing: /home/martin/autonomous_new/install/fsae_interfaces/share/fsae_interfaces/cmake/export_fsae_interfaces__rosidl_generator_pyExport-noconfig.cmake\n'}
[18.011125] (fsae_interfaces) StdoutLine: {'line': b'-- Installing: /home/martin/autonomous_new/install/fsae_interfaces/share/fsae_interfaces/cmake/rosidl_cmake-extras.cmake\n'}
[18.011500] (fsae_interfaces) StdoutLine: {'line': b'-- Installing: /home/martin/autonomous_new/install/fsae_interfaces/share/fsae_interfaces/cmake/ament_cmake_export_dependencies-extras.cmake\n'}
[18.011847] (fsae_interfaces) StdoutLine: {'line': b'-- Installing: /home/martin/autonomous_new/install/fsae_interfaces/share/fsae_interfaces/cmake/ament_cmake_export_include_directories-extras.cmake\n'}
[18.012310] (fsae_interfaces) StdoutLine: {'line': b'-- Installing: /home/martin/autonomous_new/install/fsae_interfaces/share/fsae_interfaces/cmake/ament_cmake_export_libraries-extras.cmake\n'}
[18.012726] (fsae_interfaces) StdoutLine: {'line': b'-- Installing: /home/martin/autonomous_new/install/fsae_interfaces/share/fsae_interfaces/cmake/ament_cmake_export_targets-extras.cmake\n'}
[18.013035] (fsae_interfaces) StdoutLine: {'line': b'-- Installing: /home/martin/autonomous_new/install/fsae_interfaces/share/fsae_interfaces/cmake/rosidl_cmake_export_typesupport_targets-extras.cmake\n'}
[18.013412] (fsae_interfaces) StdoutLine: {'line': b'-- Installing: /home/martin/autonomous_new/install/fsae_interfaces/share/fsae_interfaces/cmake/rosidl_cmake_export_typesupport_libraries-extras.cmake\n'}
[18.013766] (fsae_interfaces) StdoutLine: {'line': b'-- Installing: /home/martin/autonomous_new/install/fsae_interfaces/share/fsae_interfaces/cmake/fsae_interfacesConfig.cmake\n'}
[18.014085] (fsae_interfaces) StdoutLine: {'line': b'-- Installing: /home/martin/autonomous_new/install/fsae_interfaces/share/fsae_interfaces/cmake/fsae_interfacesConfig-version.cmake\n'}
[18.014404] (fsae_interfaces) StdoutLine: {'line': b'-- Installing: /home/martin/autonomous_new/install/fsae_interfaces/share/fsae_interfaces/package.xml\n'}
[18.017947] (fsae_interfaces) CommandEnded: {'returncode': 0}
[18.045436] (fsae_interfaces) JobEnded: {'identifier': 'fsae_interfaces', 'rc': 0}
[18.047405] (fsae_camera) JobStarted: {'identifier': 'fsae_camera'}
[18.051461] (fsae_can_bridge) JobStarted: {'identifier': 'fsae_can_bridge'}
[18.062192] (fsae_control) JobStarted: {'identifier': 'fsae_control'}
[18.073132] (-) TimerEvent: {}
[18.077835] (fsae_lidar) JobStarted: {'identifier': 'fsae_lidar'}
[18.093601] (fsae_mission_control) JobStarted: {'identifier': 'fsae_mission_control'}
[18.107645] (fsae_planning) JobStarted: {'identifier': 'fsae_planning'}
[18.128411] (fsae_slam) JobStarted: {'identifier': 'fsae_slam'}
[18.135762] (fsae_visualization) JobStarted: {'identifier': 'fsae_visualization'}
[18.173342] (-) TimerEvent: {}
[18.273995] (-) TimerEvent: {}
[18.374557] (-) TimerEvent: {}
[18.388521] (fsae_camera) JobProgress: {'identifier': 'fsae_camera', 'progress': 'cmake'}
[18.392780] (fsae_camera) Command: {'cmd': ['/usr/bin/cmake', '/home/martin/autonomous_new/src/fsae_autonomous/perception/fsae_camera', '-DCMAKE_INSTALL_PREFIX=/home/martin/autonomous_new/install/fsae_camera'], 'cwd': '/home/martin/autonomous_new/build/fsae_camera', 'env': OrderedDict({'LESSOPEN': '| /usr/bin/lesspipe %s', 'USER': 'martin', 'GZ_CONFIG_PATH': '/opt/ros/jazzy/opt/sdformat_vendor/share/gz', 'GIT_ASKPASS': '/home/martin/.vscode-server/bin/5264f2156cbcd7aea5fd004d29eaa10209155d66/extensions/git/dist/askpass.sh', 'SHLVL': '2', 'LD_LIBRARY_PATH': '/home/martin/autonomous_new/install/fsae_interfaces/lib:/opt/ros/jazzy/opt/sdformat_vendor/lib:/opt/ros/jazzy/opt/rviz_ogre_vendor/lib:/opt/ros/jazzy/lib/x86_64-linux-gnu:/opt/ros/jazzy/opt/gz_math_vendor/lib:/opt/ros/jazzy/opt/gz_utils_vendor/lib:/opt/ros/jazzy/opt/gz_tools_vendor/lib:/opt/ros/jazzy/opt/gz_cmake_vendor/lib:/opt/ros/jazzy/lib', 'HOME': '/home/martin', 'OLDPWD': '/home/martin', 'TERM_PROGRAM_VERSION': '1.128.1', 'VSCODE_IPC_HOOK_CLI': '/run/user/1000/vscode-ipc-6de7dfac-c000-4f45-8eca-7abf1bf9f1fb.sock', 'ROS_PYTHON_VERSION': '3', 'VSCODE_GIT_ASKPASS_MAIN': '/home/martin/.vscode-server/bin/5264f2156cbcd7aea5fd004d29eaa10209155d66/extensions/git/dist/askpass-main.js', 'VSCODE_GIT_ASKPASS_NODE': '/home/martin/.vscode-server/bin/5264f2156cbcd7aea5fd004d29eaa10209155d66/node', 'VSCODE_PYTHON_AUTOACTIVATE_GUARD': '1', 'DBUS_SESSION_BUS_ADDRESS': 'unix:path=/run/user/1000/bus', 'COLORTERM': 'truecolor', 'WSL_DISTRO_NAME': 'Ubuntu', 'WAYLAND_DISPLAY': 'wayland-0', 'ROS_DISTRO': 'jazzy', 'LOGNAME': 'martin', 'NAME': 'Code', 'WSL_INTEROP': '/run/WSL/759_interop', 'PULSE_SERVER': 'unix:/mnt/wslg/PulseServer', '_': '/usr/bin/colcon', 'ROS_VERSION': '2', 'TERM': 'xterm-256color', 'PATH': '/home/martin/.vscode-server/data/User/globalStorage/github.copilot-chat/debugCommand:/home/martin/.vscode-server/data/User/globalStorage/github.copilot-chat/copilotCli:/home/martin/.vscode-server/bin/5264f2156cbcd7aea5fd004d29eaa10209155d66/bin/remote-cli:/opt/ros/jazzy/opt/gz_tools_vendor/bin:/opt/ros/jazzy/bin:/usr/local/sbin:/usr/local/bin:/usr/sbin:/usr/bin:/sbin:/bin:/usr/games:/usr/local/games:/usr/lib/wsl/lib:/mnt/c/Program Files/WindowsApps/MicrosoftCorporationII.WindowsSubsystemForLinux_2.7.3.0_x64__8wekyb3d8bbwe:/mnt/c/Python314/Scripts/:/mnt/c/Python314/:/mnt/c/Program Files/Common Files/Oracle/Java/javapath:/mnt/c/Program Files (x86)/Common Files/Oracle/Java/java8path:/mnt/c/Program Files (x86)/Common Files/Oracle/Java/javapath:/mnt/c/windows/system32:/mnt/c/windows:/mnt/c/windows/System32/Wbem:/mnt/c/windows/System32/WindowsPowerShell/v1.0/:/mnt/c/windows/System32/OpenSSH/:/mnt/c/Users/Administrator/AppData/Local/Microsoft/WindowsApps:/mnt/c/Program Files/HP/OMEN-Broadcast/Common:/mnt/c/WINDOWS/system32:/mnt/c/WINDOWS:/mnt/c/WINDOWS/System32/Wbem:/mnt/c/WINDOWS/System32/WindowsPowerShell/v1.0/:/mnt/c/WINDOWS/System32/OpenSSH/:/mnt/c/Program Files/NVIDIA Corporation/NVIDIA app/NvDLISR:/mnt/c/Program Files (x86)/NVIDIA Corporation/PhysX/Common:/mnt/c/Program Files/Git/cmd:/mnt/c/Program Files (x86)/Windows Kits/10/Windows Performance Toolkit/:/mnt/c/Program Files/dotnet/:/mnt/c/Users/marti/AppData/Local/Python/pythoncore-3.14-64/Lib/site-packages/pip:/mnt/c/Users/marti/AppData/Local/Python/pythoncore-3.14-64/Scripts/ffmpeg-2025-11-12-git-6cdd2cbe32-full_build/bin:/mnt/c/msys64/mingw64/bin:/mnt/c/Program Files/MATLAB/R2025b/bin:/mnt/c/Users/marti/AppData/Local/Python/pythoncore-3.14-64/Scripts:/mnt/c/Program Files/GitHub CLI/:/mnt/c/Users/marti/Downloads/Tools/ffmpeg/bin:/mnt/c/Program Files/nodejs/:/mnt/c/ProgramData/chocolatey/bin:/mnt/c/Users/marti/AppData/Local/Microsoft/WindowsApps:/mnt/c/Users/marti/AppData/Local/Programs/Microsoft VS Code/bin:/mnt/c/Users/marti/.dotnet/tools:/mnt/c/Users/marti/AppData/Local/Python/bin:/mnt/c/Users/marti/AppData/Local/Python/pythoncore-3.14-64/Lib/site-packages/pip:/mnt/c/Users/marti/AppData/Local/Python/pythoncore-3.14-64/Scripts:/mnt/c/Users/marti/AppData/Local/Python/pythoncore-3.14-64/Scripts/ffmpeg-2025-11-12-git-6cdd2cbe32-full_build/bin:/mnt/c/Users/marti/AppData/Local/Programs/MiKTeX/miktex/bin/x64/:/mnt/c/Users/marti/Downloads/Tools/ffmpeg/bin:/mnt/c/Users/marti/AppData/Roaming/npm:/snap/bin', 'XDG_RUNTIME_DIR': '/run/user/1000', 'DISPLAY': ':0', 'LANG': 'C.UTF-8', 'LS_COLORS': 'rs=0:di=01;34:ln=01;36:mh=00:pi=40;33:so=01;35:do=01;35:bd=40;33;01:cd=40;33;01:or=40;31;01:mi=00:su=37;41:sg=30;43:ca=00:tw=30;42:ow=34;42:st=37;44:ex=01;32:*.tar=01;31:*.tgz=01;31:*.arc=01;31:*.arj=01;31:*.taz=01;31:*.lha=01;31:*.lz4=01;31:*.lzh=01;31:*.lzma=01;31:*.tlz=01;31:*.txz=01;31:*.tzo=01;31:*.t7z=01;31:*.zip=01;31:*.z=01;31:*.dz=01;31:*.gz=01;31:*.lrz=01;31:*.lz=01;31:*.lzo=01;31:*.xz=01;31:*.zst=01;31:*.tzst=01;31:*.bz2=01;31:*.bz=01;31:*.tbz=01;31:*.tbz2=01;31:*.tz=01;31:*.deb=01;31:*.rpm=01;31:*.jar=01;31:*.war=01;31:*.ear=01;31:*.sar=01;31:*.rar=01;31:*.alz=01;31:*.ace=01;31:*.zoo=01;31:*.cpio=01;31:*.7z=01;31:*.rz=01;31:*.cab=01;31:*.wim=01;31:*.swm=01;31:*.dwm=01;31:*.esd=01;31:*.avif=01;35:*.jpg=01;35:*.jpeg=01;35:*.mjpg=01;35:*.mjpeg=01;35:*.gif=01;35:*.bmp=01;35:*.pbm=01;35:*.pgm=01;35:*.ppm=01;35:*.tga=01;35:*.xbm=01;35:*.xpm=01;35:*.tif=01;35:*.tiff=01;35:*.png=01;35:*.svg=01;35:*.svgz=01;35:*.mng=01;35:*.pcx=01;35:*.mov=01;35:*.mpg=01;35:*.mpeg=01;35:*.m2v=01;35:*.mkv=01;35:*.webm=01;35:*.webp=01;35:*.ogm=01;35:*.mp4=01;35:*.m4v=01;35:*.mp4v=01;35:*.vob=01;35:*.qt=01;35:*.nuv=01;35:*.wmv=01;35:*.asf=01;35:*.rm=01;35:*.rmvb=01;35:*.flc=01;35:*.avi=01;35:*.fli=01;35:*.flv=01;35:*.gl=01;35:*.dl=01;35:*.xcf=01;35:*.xwd=01;35:*.yuv=01;35:*.cgm=01;35:*.emf=01;35:*.ogv=01;35:*.ogx=01;35:*.aac=00;36:*.au=00;36:*.flac=00;36:*.m4a=00;36:*.mid=00;36:*.midi=00;36:*.mka=00;36:*.mp3=00;36:*.mpc=00;36:*.ogg=00;36:*.ra=00;36:*.wav=00;36:*.oga=00;36:*.opus=00;36:*.spx=00;36:*.xspf=00;36:*~=00;90:*#=00;90:*.bak=00;90:*.crdownload=00;90:*.dpkg-dist=00;90:*.dpkg-new=00;90:*.dpkg-old=00;90:*.dpkg-tmp=00;90:*.old=00;90:*.orig=00;90:*.part=00;90:*.rej=00;90:*.rpmnew=00;90:*.rpmorig=00;90:*.rpmsave=00;90:*.swp=00;90:*.tmp=00;90:*.ucf-dist=00;90:*.ucf-new=00;90:*.ucf-old=00;90:', 'VSCODE_GIT_IPC_HANDLE': '/run/user/1000/vscode-git-be4e147b20.sock', 'TERM_PROGRAM': 'vscode', 'AMENT_PREFIX_PATH': '/home/martin/autonomous_new/install/fsae_interfaces:/opt/ros/jazzy', 'SHELL': '/bin/bash', 'LESSCLOSE': '/usr/bin/lesspipe %s %s', 'ROS_AUTOMATIC_DISCOVERY_RANGE': 'SUBNET', 'VSCODE_GIT_ASKPASS_EXTRA_ARGS': '', 'PWD': '/home/martin/autonomous_new/build/fsae_camera', 'COPILOT_DEBUG_NONCE': 'a0835ffc0f41e7145ddef4c5f08bbb53', 'XDG_DATA_DIRS': '/usr/local/share:/usr/share:/var/lib/snapd/desktop', 'PYTHONPATH': '/home/martin/autonomous_new/install/fsae_interfaces/lib/python3.12/site-packages:/opt/ros/jazzy/lib/python3.12/site-packages', 'COLCON': '1', 'WSL2_GUI_APPS_ENABLED': '1', 'HOSTTYPE': 'x86_64', 'CMAKE_PREFIX_PATH': '/home/martin/autonomous_new/install/fsae_interfaces:/opt/ros/jazzy/opt/sdformat_vendor:/opt/ros/jazzy/opt/gz_math_vendor:/opt/ros/jazzy/opt/gz_utils_vendor:/opt/ros/jazzy/opt/gz_tools_vendor:/opt/ros/jazzy/opt/gz_cmake_vendor:/opt/ros/jazzy', 'WSLENV': 'ELECTRON_RUN_AS_NODE/w:'}), 'shell': False}
[18.474716] (-) TimerEvent: {}
[18.575192] (-) TimerEvent: {}
[18.650569] (fsae_camera) StdoutLine: {'line': b'-- The C compiler identification is GNU 13.3.0\n'}
[18.675332] (-) TimerEvent: {}
[18.775821] (-) TimerEvent: {}
[18.876248] (-) TimerEvent: {}
[18.976728] (-) TimerEvent: {}
[19.077139] (-) TimerEvent: {}
[19.177638] (-) TimerEvent: {}
[19.278092] (-) TimerEvent: {}
[19.378551] (-) TimerEvent: {}
[19.479295] (-) TimerEvent: {}
[19.579850] (-) TimerEvent: {}
[19.680582] (-) TimerEvent: {}
[19.756941] (fsae_camera) StdoutLine: {'line': b'-- The CXX compiler identification is GNU 13.3.0\n'}
[19.780718] (-) TimerEvent: {}
[19.881333] (-) TimerEvent: {}
[19.981933] (-) TimerEvent: {}
[20.015037] (fsae_slam) JobProgress: {'identifier': 'fsae_slam', 'progress': 'cmake'}
[20.019190] (fsae_slam) Command: {'cmd': ['/usr/bin/cmake', '/home/martin/autonomous_new/src/fsae_autonomous/perception/fsae_slam', '-DCMAKE_INSTALL_PREFIX=/home/martin/autonomous_new/install/fsae_slam'], 'cwd': '/home/martin/autonomous_new/build/fsae_slam', 'env': OrderedDict({'LESSOPEN': '| /usr/bin/lesspipe %s', 'USER': 'martin', 'GZ_CONFIG_PATH': '/opt/ros/jazzy/opt/sdformat_vendor/share/gz', 'GIT_ASKPASS': '/home/martin/.vscode-server/bin/5264f2156cbcd7aea5fd004d29eaa10209155d66/extensions/git/dist/askpass.sh', 'SHLVL': '2', 'LD_LIBRARY_PATH': '/home/martin/autonomous_new/install/fsae_interfaces/lib:/opt/ros/jazzy/opt/sdformat_vendor/lib:/opt/ros/jazzy/opt/rviz_ogre_vendor/lib:/opt/ros/jazzy/lib/x86_64-linux-gnu:/opt/ros/jazzy/opt/gz_math_vendor/lib:/opt/ros/jazzy/opt/gz_utils_vendor/lib:/opt/ros/jazzy/opt/gz_tools_vendor/lib:/opt/ros/jazzy/opt/gz_cmake_vendor/lib:/opt/ros/jazzy/lib', 'HOME': '/home/martin', 'OLDPWD': '/home/martin', 'TERM_PROGRAM_VERSION': '1.128.1', 'VSCODE_IPC_HOOK_CLI': '/run/user/1000/vscode-ipc-6de7dfac-c000-4f45-8eca-7abf1bf9f1fb.sock', 'ROS_PYTHON_VERSION': '3', 'VSCODE_GIT_ASKPASS_MAIN': '/home/martin/.vscode-server/bin/5264f2156cbcd7aea5fd004d29eaa10209155d66/extensions/git/dist/askpass-main.js', 'VSCODE_GIT_ASKPASS_NODE': '/home/martin/.vscode-server/bin/5264f2156cbcd7aea5fd004d29eaa10209155d66/node', 'VSCODE_PYTHON_AUTOACTIVATE_GUARD': '1', 'DBUS_SESSION_BUS_ADDRESS': 'unix:path=/run/user/1000/bus', 'COLORTERM': 'truecolor', 'WSL_DISTRO_NAME': 'Ubuntu', 'WAYLAND_DISPLAY': 'wayland-0', 'ROS_DISTRO': 'jazzy', 'LOGNAME': 'martin', 'NAME': 'Code', 'WSL_INTEROP': '/run/WSL/759_interop', 'PULSE_SERVER': 'unix:/mnt/wslg/PulseServer', '_': '/usr/bin/colcon', 'ROS_VERSION': '2', 'TERM': 'xterm-256color', 'PATH': '/home/martin/.vscode-server/data/User/globalStorage/github.copilot-chat/debugCommand:/home/martin/.vscode-server/data/User/globalStorage/github.copilot-chat/copilotCli:/home/martin/.vscode-server/bin/5264f2156cbcd7aea5fd004d29eaa10209155d66/bin/remote-cli:/opt/ros/jazzy/opt/gz_tools_vendor/bin:/opt/ros/jazzy/bin:/usr/local/sbin:/usr/local/bin:/usr/sbin:/usr/bin:/sbin:/bin:/usr/games:/usr/local/games:/usr/lib/wsl/lib:/mnt/c/Program Files/WindowsApps/MicrosoftCorporationII.WindowsSubsystemForLinux_2.7.3.0_x64__8wekyb3d8bbwe:/mnt/c/Python314/Scripts/:/mnt/c/Python314/:/mnt/c/Program Files/Common Files/Oracle/Java/javapath:/mnt/c/Program Files (x86)/Common Files/Oracle/Java/java8path:/mnt/c/Program Files (x86)/Common Files/Oracle/Java/javapath:/mnt/c/windows/system32:/mnt/c/windows:/mnt/c/windows/System32/Wbem:/mnt/c/windows/System32/WindowsPowerShell/v1.0/:/mnt/c/windows/System32/OpenSSH/:/mnt/c/Users/Administrator/AppData/Local/Microsoft/WindowsApps:/mnt/c/Program Files/HP/OMEN-Broadcast/Common:/mnt/c/WINDOWS/system32:/mnt/c/WINDOWS:/mnt/c/WINDOWS/System32/Wbem:/mnt/c/WINDOWS/System32/WindowsPowerShell/v1.0/:/mnt/c/WINDOWS/System32/OpenSSH/:/mnt/c/Program Files/NVIDIA Corporation/NVIDIA app/NvDLISR:/mnt/c/Program Files (x86)/NVIDIA Corporation/PhysX/Common:/mnt/c/Program Files/Git/cmd:/mnt/c/Program Files (x86)/Windows Kits/10/Windows Performance Toolkit/:/mnt/c/Program Files/dotnet/:/mnt/c/Users/marti/AppData/Local/Python/pythoncore-3.14-64/Lib/site-packages/pip:/mnt/c/Users/marti/AppData/Local/Python/pythoncore-3.14-64/Scripts/ffmpeg-2025-11-12-git-6cdd2cbe32-full_build/bin:/mnt/c/msys64/mingw64/bin:/mnt/c/Program Files/MATLAB/R2025b/bin:/mnt/c/Users/marti/AppData/Local/Python/pythoncore-3.14-64/Scripts:/mnt/c/Program Files/GitHub CLI/:/mnt/c/Users/marti/Downloads/Tools/ffmpeg/bin:/mnt/c/Program Files/nodejs/:/mnt/c/ProgramData/chocolatey/bin:/mnt/c/Users/marti/AppData/Local/Microsoft/WindowsApps:/mnt/c/Users/marti/AppData/Local/Programs/Microsoft VS Code/bin:/mnt/c/Users/marti/.dotnet/tools:/mnt/c/Users/marti/AppData/Local/Python/bin:/mnt/c/Users/marti/AppData/Local/Python/pythoncore-3.14-64/Lib/site-packages/pip:/mnt/c/Users/marti/AppData/Local/Python/pythoncore-3.14-64/Scripts:/mnt/c/Users/marti/AppData/Local/Python/pythoncore-3.14-64/Scripts/ffmpeg-2025-11-12-git-6cdd2cbe32-full_build/bin:/mnt/c/Users/marti/AppData/Local/Programs/MiKTeX/miktex/bin/x64/:/mnt/c/Users/marti/Downloads/Tools/ffmpeg/bin:/mnt/c/Users/marti/AppData/Roaming/npm:/snap/bin', 'XDG_RUNTIME_DIR': '/run/user/1000', 'DISPLAY': ':0', 'LANG': 'C.UTF-8', 'LS_COLORS': 'rs=0:di=01;34:ln=01;36:mh=00:pi=40;33:so=01;35:do=01;35:bd=40;33;01:cd=40;33;01:or=40;31;01:mi=00:su=37;41:sg=30;43:ca=00:tw=30;42:ow=34;42:st=37;44:ex=01;32:*.tar=01;31:*.tgz=01;31:*.arc=01;31:*.arj=01;31:*.taz=01;31:*.lha=01;31:*.lz4=01;31:*.lzh=01;31:*.lzma=01;31:*.tlz=01;31:*.txz=01;31:*.tzo=01;31:*.t7z=01;31:*.zip=01;31:*.z=01;31:*.dz=01;31:*.gz=01;31:*.lrz=01;31:*.lz=01;31:*.lzo=01;31:*.xz=01;31:*.zst=01;31:*.tzst=01;31:*.bz2=01;31:*.bz=01;31:*.tbz=01;31:*.tbz2=01;31:*.tz=01;31:*.deb=01;31:*.rpm=01;31:*.jar=01;31:*.war=01;31:*.ear=01;31:*.sar=01;31:*.rar=01;31:*.alz=01;31:*.ace=01;31:*.zoo=01;31:*.cpio=01;31:*.7z=01;31:*.rz=01;31:*.cab=01;31:*.wim=01;31:*.swm=01;31:*.dwm=01;31:*.esd=01;31:*.avif=01;35:*.jpg=01;35:*.jpeg=01;35:*.mjpg=01;35:*.mjpeg=01;35:*.gif=01;35:*.bmp=01;35:*.pbm=01;35:*.pgm=01;35:*.ppm=01;35:*.tga=01;35:*.xbm=01;35:*.xpm=01;35:*.tif=01;35:*.tiff=01;35:*.png=01;35:*.svg=01;35:*.svgz=01;35:*.mng=01;35:*.pcx=01;35:*.mov=01;35:*.mpg=01;35:*.mpeg=01;35:*.m2v=01;35:*.mkv=01;35:*.webm=01;35:*.webp=01;35:*.ogm=01;35:*.mp4=01;35:*.m4v=01;35:*.mp4v=01;35:*.vob=01;35:*.qt=01;35:*.nuv=01;35:*.wmv=01;35:*.asf=01;35:*.rm=01;35:*.rmvb=01;35:*.flc=01;35:*.avi=01;35:*.fli=01;35:*.flv=01;35:*.gl=01;35:*.dl=01;35:*.xcf=01;35:*.xwd=01;35:*.yuv=01;35:*.cgm=01;35:*.emf=01;35:*.ogv=01;35:*.ogx=01;35:*.aac=00;36:*.au=00;36:*.flac=00;36:*.m4a=00;36:*.mid=00;36:*.midi=00;36:*.mka=00;36:*.mp3=00;36:*.mpc=00;36:*.ogg=00;36:*.ra=00;36:*.wav=00;36:*.oga=00;36:*.opus=00;36:*.spx=00;36:*.xspf=00;36:*~=00;90:*#=00;90:*.bak=00;90:*.crdownload=00;90:*.dpkg-dist=00;90:*.dpkg-new=00;90:*.dpkg-old=00;90:*.dpkg-tmp=00;90:*.old=00;90:*.orig=00;90:*.part=00;90:*.rej=00;90:*.rpmnew=00;90:*.rpmorig=00;90:*.rpmsave=00;90:*.swp=00;90:*.tmp=00;90:*.ucf-dist=00;90:*.ucf-new=00;90:*.ucf-old=00;90:', 'VSCODE_GIT_IPC_HANDLE': '/run/user/1000/vscode-git-be4e147b20.sock', 'TERM_PROGRAM': 'vscode', 'AMENT_PREFIX_PATH': '/home/martin/autonomous_new/install/fsae_interfaces:/opt/ros/jazzy', 'SHELL': '/bin/bash', 'LESSCLOSE': '/usr/bin/lesspipe %s %s', 'ROS_AUTOMATIC_DISCOVERY_RANGE': 'SUBNET', 'VSCODE_GIT_ASKPASS_EXTRA_ARGS': '', 'PWD': '/home/martin/autonomous_new/build/fsae_slam', 'COPILOT_DEBUG_NONCE': 'a0835ffc0f41e7145ddef4c5f08bbb53', 'XDG_DATA_DIRS': '/usr/local/share:/usr/share:/var/lib/snapd/desktop', 'PYTHONPATH': '/home/martin/autonomous_new/install/fsae_interfaces/lib/python3.12/site-packages:/opt/ros/jazzy/lib/python3.12/site-packages', 'COLCON': '1', 'WSL2_GUI_APPS_ENABLED': '1', 'HOSTTYPE': 'x86_64', 'CMAKE_PREFIX_PATH': '/home/martin/autonomous_new/install/fsae_interfaces:/opt/ros/jazzy/opt/sdformat_vendor:/opt/ros/jazzy/opt/gz_math_vendor:/opt/ros/jazzy/opt/gz_utils_vendor:/opt/ros/jazzy/opt/gz_tools_vendor:/opt/ros/jazzy/opt/gz_cmake_vendor:/opt/ros/jazzy', 'WSLENV': 'ELECTRON_RUN_AS_NODE/w:'}), 'shell': False}
[20.082092] (-) TimerEvent: {}
[20.182541] (-) TimerEvent: {}
[20.282975] (-) TimerEvent: {}
[20.383364] (-) TimerEvent: {}
[20.410386] (fsae_slam) StdoutLine: {'line': b'-- The C compiler identification is GNU 13.3.0\n'}
[20.483589] (-) TimerEvent: {}
[20.584099] (-) TimerEvent: {}
[20.684636] (-) TimerEvent: {}
[20.785172] (-) TimerEvent: {}
[20.885686] (-) TimerEvent: {}
[20.911300] (fsae_camera) StdoutLine: {'line': b'-- Detecting C compiler ABI info\n'}
[20.985827] (-) TimerEvent: {}
[21.086364] (-) TimerEvent: {}
[21.186870] (-) TimerEvent: {}
[21.287375] (-) TimerEvent: {}
[21.387917] (-) TimerEvent: {}
[21.423513] (fsae_camera) StdoutLine: {'line': b'-- Detecting C compiler ABI info - done\n'}
[21.442198] (fsae_camera) StdoutLine: {'line': b'-- Check for working C compiler: /usr/bin/cc - skipped\n'}
[21.442672] (fsae_camera) StdoutLine: {'line': b'-- Detecting C compile features\n'}
[21.443449] (fsae_camera) StdoutLine: {'line': b'-- Detecting C compile features - done\n'}
[21.480738] (fsae_can_bridge) Command: {'cmd': ['/usr/bin/python3', '-W', 'ignore:setup.py install is deprecated', '-W', 'ignore:easy_install command is deprecated', 'setup.py', 'egg_info', '--egg-base', '../../../../build/fsae_can_bridge', 'build', '--build-base', '/home/martin/autonomous_new/build/fsae_can_bridge/build', 'install', '--record', '/home/martin/autonomous_new/build/fsae_can_bridge/install.log', '--single-version-externally-managed', 'install_data'], 'cwd': '/home/martin/autonomous_new/src/fsae_autonomous/control/fsae_can_bridge', 'env': {'LESSOPEN': '| /usr/bin/lesspipe %s', 'USER': 'martin', 'GZ_CONFIG_PATH': '/opt/ros/jazzy/opt/sdformat_vendor/share/gz', 'GIT_ASKPASS': '/home/martin/.vscode-server/bin/5264f2156cbcd7aea5fd004d29eaa10209155d66/extensions/git/dist/askpass.sh', 'SHLVL': '2', 'LD_LIBRARY_PATH': '/home/martin/autonomous_new/install/fsae_interfaces/lib:/opt/ros/jazzy/opt/sdformat_vendor/lib:/opt/ros/jazzy/opt/rviz_ogre_vendor/lib:/opt/ros/jazzy/lib/x86_64-linux-gnu:/opt/ros/jazzy/opt/gz_math_vendor/lib:/opt/ros/jazzy/opt/gz_utils_vendor/lib:/opt/ros/jazzy/opt/gz_tools_vendor/lib:/opt/ros/jazzy/opt/gz_cmake_vendor/lib:/opt/ros/jazzy/lib', 'HOME': '/home/martin', 'OLDPWD': '/home/martin', 'TERM_PROGRAM_VERSION': '1.128.1', 'VSCODE_IPC_HOOK_CLI': '/run/user/1000/vscode-ipc-6de7dfac-c000-4f45-8eca-7abf1bf9f1fb.sock', 'ROS_PYTHON_VERSION': '3', 'VSCODE_GIT_ASKPASS_MAIN': '/home/martin/.vscode-server/bin/5264f2156cbcd7aea5fd004d29eaa10209155d66/extensions/git/dist/askpass-main.js', 'VSCODE_GIT_ASKPASS_NODE': '/home/martin/.vscode-server/bin/5264f2156cbcd7aea5fd004d29eaa10209155d66/node', 'VSCODE_PYTHON_AUTOACTIVATE_GUARD': '1', 'DBUS_SESSION_BUS_ADDRESS': 'unix:path=/run/user/1000/bus', 'COLORTERM': 'truecolor', 'WSL_DISTRO_NAME': 'Ubuntu', 'WAYLAND_DISPLAY': 'wayland-0', 'ROS_DISTRO': 'jazzy', 'LOGNAME': 'martin', 'NAME': 'Code', 'WSL_INTEROP': '/run/WSL/759_interop', 'PULSE_SERVER': 'unix:/mnt/wslg/PulseServer', '_': '/usr/bin/colcon', 'ROS_VERSION': '2', 'TERM': 'xterm-256color', 'PATH': '/home/martin/.vscode-server/data/User/globalStorage/github.copilot-chat/debugCommand:/home/martin/.vscode-server/data/User/globalStorage/github.copilot-chat/copilotCli:/home/martin/.vscode-server/bin/5264f2156cbcd7aea5fd004d29eaa10209155d66/bin/remote-cli:/opt/ros/jazzy/opt/gz_tools_vendor/bin:/opt/ros/jazzy/bin:/usr/local/sbin:/usr/local/bin:/usr/sbin:/usr/bin:/sbin:/bin:/usr/games:/usr/local/games:/usr/lib/wsl/lib:/mnt/c/Program Files/WindowsApps/MicrosoftCorporationII.WindowsSubsystemForLinux_2.7.3.0_x64__8wekyb3d8bbwe:/mnt/c/Python314/Scripts/:/mnt/c/Python314/:/mnt/c/Program Files/Common Files/Oracle/Java/javapath:/mnt/c/Program Files (x86)/Common Files/Oracle/Java/java8path:/mnt/c/Program Files (x86)/Common Files/Oracle/Java/javapath:/mnt/c/windows/system32:/mnt/c/windows:/mnt/c/windows/System32/Wbem:/mnt/c/windows/System32/WindowsPowerShell/v1.0/:/mnt/c/windows/System32/OpenSSH/:/mnt/c/Users/Administrator/AppData/Local/Microsoft/WindowsApps:/mnt/c/Program Files/HP/OMEN-Broadcast/Common:/mnt/c/WINDOWS/system32:/mnt/c/WINDOWS:/mnt/c/WINDOWS/System32/Wbem:/mnt/c/WINDOWS/System32/WindowsPowerShell/v1.0/:/mnt/c/WINDOWS/System32/OpenSSH/:/mnt/c/Program Files/NVIDIA Corporation/NVIDIA app/NvDLISR:/mnt/c/Program Files (x86)/NVIDIA Corporation/PhysX/Common:/mnt/c/Program Files/Git/cmd:/mnt/c/Program Files (x86)/Windows Kits/10/Windows Performance Toolkit/:/mnt/c/Program Files/dotnet/:/mnt/c/Users/marti/AppData/Local/Python/pythoncore-3.14-64/Lib/site-packages/pip:/mnt/c/Users/marti/AppData/Local/Python/pythoncore-3.14-64/Scripts/ffmpeg-2025-11-12-git-6cdd2cbe32-full_build/bin:/mnt/c/msys64/mingw64/bin:/mnt/c/Program Files/MATLAB/R2025b/bin:/mnt/c/Users/marti/AppData/Local/Python/pythoncore-3.14-64/Scripts:/mnt/c/Program Files/GitHub CLI/:/mnt/c/Users/marti/Downloads/Tools/ffmpeg/bin:/mnt/c/Program Files/nodejs/:/mnt/c/ProgramData/chocolatey/bin:/mnt/c/Users/marti/AppData/Local/Microsoft/WindowsApps:/mnt/c/Users/marti/AppData/Local/Programs/Microsoft VS Code/bin:/mnt/c/Users/marti/.dotnet/tools:/mnt/c/Users/marti/AppData/Local/Python/bin:/mnt/c/Users/marti/AppData/Local/Python/pythoncore-3.14-64/Lib/site-packages/pip:/mnt/c/Users/marti/AppData/Local/Python/pythoncore-3.14-64/Scripts:/mnt/c/Users/marti/AppData/Local/Python/pythoncore-3.14-64/Scripts/ffmpeg-2025-11-12-git-6cdd2cbe32-full_build/bin:/mnt/c/Users/marti/AppData/Local/Programs/MiKTeX/miktex/bin/x64/:/mnt/c/Users/marti/Downloads/Tools/ffmpeg/bin:/mnt/c/Users/marti/AppData/Roaming/npm:/snap/bin', 'XDG_RUNTIME_DIR': '/run/user/1000', 'DISPLAY': ':0', 'LANG': 'C.UTF-8', 'LS_COLORS': 'rs=0:di=01;34:ln=01;36:mh=00:pi=40;33:so=01;35:do=01;35:bd=40;33;01:cd=40;33;01:or=40;31;01:mi=00:su=37;41:sg=30;43:ca=00:tw=30;42:ow=34;42:st=37;44:ex=01;32:*.tar=01;31:*.tgz=01;31:*.arc=01;31:*.arj=01;31:*.taz=01;31:*.lha=01;31:*.lz4=01;31:*.lzh=01;31:*.lzma=01;31:*.tlz=01;31:*.txz=01;31:*.tzo=01;31:*.t7z=01;31:*.zip=01;31:*.z=01;31:*.dz=01;31:*.gz=01;31:*.lrz=01;31:*.lz=01;31:*.lzo=01;31:*.xz=01;31:*.zst=01;31:*.tzst=01;31:*.bz2=01;31:*.bz=01;31:*.tbz=01;31:*.tbz2=01;31:*.tz=01;31:*.deb=01;31:*.rpm=01;31:*.jar=01;31:*.war=01;31:*.ear=01;31:*.sar=01;31:*.rar=01;31:*.alz=01;31:*.ace=01;31:*.zoo=01;31:*.cpio=01;31:*.7z=01;31:*.rz=01;31:*.cab=01;31:*.wim=01;31:*.swm=01;31:*.dwm=01;31:*.esd=01;31:*.avif=01;35:*.jpg=01;35:*.jpeg=01;35:*.mjpg=01;35:*.mjpeg=01;35:*.gif=01;35:*.bmp=01;35:*.pbm=01;35:*.pgm=01;35:*.ppm=01;35:*.tga=01;35:*.xbm=01;35:*.xpm=01;35:*.tif=01;35:*.tiff=01;35:*.png=01;35:*.svg=01;35:*.svgz=01;35:*.mng=01;35:*.pcx=01;35:*.mov=01;35:*.mpg=01;35:*.mpeg=01;35:*.m2v=01;35:*.mkv=01;35:*.webm=01;35:*.webp=01;35:*.ogm=01;35:*.mp4=01;35:*.m4v=01;35:*.mp4v=01;35:*.vob=01;35:*.qt=01;35:*.nuv=01;35:*.wmv=01;35:*.asf=01;35:*.rm=01;35:*.rmvb=01;35:*.flc=01;35:*.avi=01;35:*.fli=01;35:*.flv=01;35:*.gl=01;35:*.dl=01;35:*.xcf=01;35:*.xwd=01;35:*.yuv=01;35:*.cgm=01;35:*.emf=01;35:*.ogv=01;35:*.ogx=01;35:*.aac=00;36:*.au=00;36:*.flac=00;36:*.m4a=00;36:*.mid=00;36:*.midi=00;36:*.mka=00;36:*.mp3=00;36:*.mpc=00;36:*.ogg=00;36:*.ra=00;36:*.wav=00;36:*.oga=00;36:*.opus=00;36:*.spx=00;36:*.xspf=00;36:*~=00;90:*#=00;90:*.bak=00;90:*.crdownload=00;90:*.dpkg-dist=00;90:*.dpkg-new=00;90:*.dpkg-old=00;90:*.dpkg-tmp=00;90:*.old=00;90:*.orig=00;90:*.part=00;90:*.rej=00;90:*.rpmnew=00;90:*.rpmorig=00;90:*.rpmsave=00;90:*.swp=00;90:*.tmp=00;90:*.ucf-dist=00;90:*.ucf-new=00;90:*.ucf-old=00;90:', 'VSCODE_GIT_IPC_HANDLE': '/run/user/1000/vscode-git-be4e147b20.sock', 'TERM_PROGRAM': 'vscode', 'AMENT_PREFIX_PATH': '/home/martin/autonomous_new/install/fsae_interfaces:/opt/ros/jazzy', 'SHELL': '/bin/bash', 'LESSCLOSE': '/usr/bin/lesspipe %s %s', 'ROS_AUTOMATIC_DISCOVERY_RANGE': 'SUBNET', 'VSCODE_GIT_ASKPASS_EXTRA_ARGS': '', 'PWD': '/home/martin/autonomous_new/build/fsae_can_bridge', 'COPILOT_DEBUG_NONCE': 'a0835ffc0f41e7145ddef4c5f08bbb53', 'XDG_DATA_DIRS': '/usr/local/share:/usr/share:/var/lib/snapd/desktop', 'PYTHONPATH': '/home/martin/autonomous_new/build/fsae_can_bridge/prefix_override:/usr/lib/python3/dist-packages/colcon_core/task/python/colcon_distutils_commands:/home/martin/autonomous_new/install/fsae_can_bridge/lib/python3.12/site-packages:/home/martin/autonomous_new/install/fsae_interfaces/lib/python3.12/site-packages:/opt/ros/jazzy/lib/python3.12/site-packages', 'COLCON': '1', 'WSL2_GUI_APPS_ENABLED': '1', 'HOSTTYPE': 'x86_64', 'CMAKE_PREFIX_PATH': '/home/martin/autonomous_new/install/fsae_interfaces:/opt/ros/jazzy/opt/sdformat_vendor:/opt/ros/jazzy/opt/gz_math_vendor:/opt/ros/jazzy/opt/gz_utils_vendor:/opt/ros/jazzy/opt/gz_tools_vendor:/opt/ros/jazzy/opt/gz_cmake_vendor', 'WSLENV': 'ELECTRON_RUN_AS_NODE/w:'}, 'shell': False}
[21.490343] (-) TimerEvent: {}
[21.490701] (fsae_mission_control) Command: {'cmd': ['/usr/bin/python3', '-W', 'ignore:setup.py install is deprecated', '-W', 'ignore:easy_install command is deprecated', 'setup.py', 'egg_info', '--egg-base', '../../../../build/fsae_mission_control', 'build', '--build-base', '/home/martin/autonomous_new/build/fsae_mission_control/build', 'install', '--record', '/home/martin/autonomous_new/build/fsae_mission_control/install.log', '--single-version-externally-managed', 'install_data'], 'cwd': '/home/martin/autonomous_new/src/fsae_autonomous/planning/fsae_mission_control', 'env': {'LESSOPEN': '| /usr/bin/lesspipe %s', 'USER': 'martin', 'GZ_CONFIG_PATH': '/opt/ros/jazzy/opt/sdformat_vendor/share/gz', 'GIT_ASKPASS': '/home/martin/.vscode-server/bin/5264f2156cbcd7aea5fd004d29eaa10209155d66/extensions/git/dist/askpass.sh', 'SHLVL': '2', 'LD_LIBRARY_PATH': '/home/martin/autonomous_new/install/fsae_interfaces/lib:/opt/ros/jazzy/opt/sdformat_vendor/lib:/opt/ros/jazzy/opt/rviz_ogre_vendor/lib:/opt/ros/jazzy/lib/x86_64-linux-gnu:/opt/ros/jazzy/opt/gz_math_vendor/lib:/opt/ros/jazzy/opt/gz_utils_vendor/lib:/opt/ros/jazzy/opt/gz_tools_vendor/lib:/opt/ros/jazzy/opt/gz_cmake_vendor/lib:/opt/ros/jazzy/lib', 'HOME': '/home/martin', 'OLDPWD': '/home/martin', 'TERM_PROGRAM_VERSION': '1.128.1', 'VSCODE_IPC_HOOK_CLI': '/run/user/1000/vscode-ipc-6de7dfac-c000-4f45-8eca-7abf1bf9f1fb.sock', 'ROS_PYTHON_VERSION': '3', 'VSCODE_GIT_ASKPASS_MAIN': '/home/martin/.vscode-server/bin/5264f2156cbcd7aea5fd004d29eaa10209155d66/extensions/git/dist/askpass-main.js', 'VSCODE_GIT_ASKPASS_NODE': '/home/martin/.vscode-server/bin/5264f2156cbcd7aea5fd004d29eaa10209155d66/node', 'VSCODE_PYTHON_AUTOACTIVATE_GUARD': '1', 'DBUS_SESSION_BUS_ADDRESS': 'unix:path=/run/user/1000/bus', 'COLORTERM': 'truecolor', 'WSL_DISTRO_NAME': 'Ubuntu', 'WAYLAND_DISPLAY': 'wayland-0', 'ROS_DISTRO': 'jazzy', 'LOGNAME': 'martin', 'NAME': 'Code', 'WSL_INTEROP': '/run/WSL/759_interop', 'PULSE_SERVER': 'unix:/mnt/wslg/PulseServer', '_': '/usr/bin/colcon', 'ROS_VERSION': '2', 'TERM': 'xterm-256color', 'PATH': '/home/martin/.vscode-server/data/User/globalStorage/github.copilot-chat/debugCommand:/home/martin/.vscode-server/data/User/globalStorage/github.copilot-chat/copilotCli:/home/martin/.vscode-server/bin/5264f2156cbcd7aea5fd004d29eaa10209155d66/bin/remote-cli:/opt/ros/jazzy/opt/gz_tools_vendor/bin:/opt/ros/jazzy/bin:/usr/local/sbin:/usr/local/bin:/usr/sbin:/usr/bin:/sbin:/bin:/usr/games:/usr/local/games:/usr/lib/wsl/lib:/mnt/c/Program Files/WindowsApps/MicrosoftCorporationII.WindowsSubsystemForLinux_2.7.3.0_x64__8wekyb3d8bbwe:/mnt/c/Python314/Scripts/:/mnt/c/Python314/:/mnt/c/Program Files/Common Files/Oracle/Java/javapath:/mnt/c/Program Files (x86)/Common Files/Oracle/Java/java8path:/mnt/c/Program Files (x86)/Common Files/Oracle/Java/javapath:/mnt/c/windows/system32:/mnt/c/windows:/mnt/c/windows/System32/Wbem:/mnt/c/windows/System32/WindowsPowerShell/v1.0/:/mnt/c/windows/System32/OpenSSH/:/mnt/c/Users/Administrator/AppData/Local/Microsoft/WindowsApps:/mnt/c/Program Files/HP/OMEN-Broadcast/Common:/mnt/c/WINDOWS/system32:/mnt/c/WINDOWS:/mnt/c/WINDOWS/System32/Wbem:/mnt/c/WINDOWS/System32/WindowsPowerShell/v1.0/:/mnt/c/WINDOWS/System32/OpenSSH/:/mnt/c/Program Files/NVIDIA Corporation/NVIDIA app/NvDLISR:/mnt/c/Program Files (x86)/NVIDIA Corporation/PhysX/Common:/mnt/c/Program Files/Git/cmd:/mnt/c/Program Files (x86)/Windows Kits/10/Windows Performance Toolkit/:/mnt/c/Program Files/dotnet/:/mnt/c/Users/marti/AppData/Local/Python/pythoncore-3.14-64/Lib/site-packages/pip:/mnt/c/Users/marti/AppData/Local/Python/pythoncore-3.14-64/Scripts/ffmpeg-2025-11-12-git-6cdd2cbe32-full_build/bin:/mnt/c/msys64/mingw64/bin:/mnt/c/Program Files/MATLAB/R2025b/bin:/mnt/c/Users/marti/AppData/Local/Python/pythoncore-3.14-64/Scripts:/mnt/c/Program Files/GitHub CLI/:/mnt/c/Users/marti/Downloads/Tools/ffmpeg/bin:/mnt/c/Program Files/nodejs/:/mnt/c/ProgramData/chocolatey/bin:/mnt/c/Users/marti/AppData/Local/Microsoft/WindowsApps:/mnt/c/Users/marti/AppData/Local/Programs/Microsoft VS Code/bin:/mnt/c/Users/marti/.dotnet/tools:/mnt/c/Users/marti/AppData/Local/Python/bin:/mnt/c/Users/marti/AppData/Local/Python/pythoncore-3.14-64/Lib/site-packages/pip:/mnt/c/Users/marti/AppData/Local/Python/pythoncore-3.14-64/Scripts:/mnt/c/Users/marti/AppData/Local/Python/pythoncore-3.14-64/Scripts/ffmpeg-2025-11-12-git-6cdd2cbe32-full_build/bin:/mnt/c/Users/marti/AppData/Local/Programs/MiKTeX/miktex/bin/x64/:/mnt/c/Users/marti/Downloads/Tools/ffmpeg/bin:/mnt/c/Users/marti/AppData/Roaming/npm:/snap/bin', 'XDG_RUNTIME_DIR': '/run/user/1000', 'DISPLAY': ':0', 'LANG': 'C.UTF-8', 'LS_COLORS': 'rs=0:di=01;34:ln=01;36:mh=00:pi=40;33:so=01;35:do=01;35:bd=40;33;01:cd=40;33;01:or=40;31;01:mi=00:su=37;41:sg=30;43:ca=00:tw=30;42:ow=34;42:st=37;44:ex=01;32:*.tar=01;31:*.tgz=01;31:*.arc=01;31:*.arj=01;31:*.taz=01;31:*.lha=01;31:*.lz4=01;31:*.lzh=01;31:*.lzma=01;31:*.tlz=01;31:*.txz=01;31:*.tzo=01;31:*.t7z=01;31:*.zip=01;31:*.z=01;31:*.dz=01;31:*.gz=01;31:*.lrz=01;31:*.lz=01;31:*.lzo=01;31:*.xz=01;31:*.zst=01;31:*.tzst=01;31:*.bz2=01;31:*.bz=01;31:*.tbz=01;31:*.tbz2=01;31:*.tz=01;31:*.deb=01;31:*.rpm=01;31:*.jar=01;31:*.war=01;31:*.ear=01;31:*.sar=01;31:*.rar=01;31:*.alz=01;31:*.ace=01;31:*.zoo=01;31:*.cpio=01;31:*.7z=01;31:*.rz=01;31:*.cab=01;31:*.wim=01;31:*.swm=01;31:*.dwm=01;31:*.esd=01;31:*.avif=01;35:*.jpg=01;35:*.jpeg=01;35:*.mjpg=01;35:*.mjpeg=01;35:*.gif=01;35:*.bmp=01;35:*.pbm=01;35:*.pgm=01;35:*.ppm=01;35:*.tga=01;35:*.xbm=01;35:*.xpm=01;35:*.tif=01;35:*.tiff=01;35:*.png=01;35:*.svg=01;35:*.svgz=01;35:*.mng=01;35:*.pcx=01;35:*.mov=01;35:*.mpg=01;35:*.mpeg=01;35:*.m2v=01;35:*.mkv=01;35:*.webm=01;35:*.webp=01;35:*.ogm=01;35:*.mp4=01;35:*.m4v=01;35:*.mp4v=01;35:*.vob=01;35:*.qt=01;35:*.nuv=01;35:*.wmv=01;35:*.asf=01;35:*.rm=01;35:*.rmvb=01;35:*.flc=01;35:*.avi=01;35:*.fli=01;35:*.flv=01;35:*.gl=01;35:*.dl=01;35:*.xcf=01;35:*.xwd=01;35:*.yuv=01;35:*.cgm=01;35:*.emf=01;35:*.ogv=01;35:*.ogx=01;35:*.aac=00;36:*.au=00;36:*.flac=00;36:*.m4a=00;36:*.mid=00;36:*.midi=00;36:*.mka=00;36:*.mp3=00;36:*.mpc=00;36:*.ogg=00;36:*.ra=00;36:*.wav=00;36:*.oga=00;36:*.opus=00;36:*.spx=00;36:*.xspf=00;36:*~=00;90:*#=00;90:*.bak=00;90:*.crdownload=00;90:*.dpkg-dist=00;90:*.dpkg-new=00;90:*.dpkg-old=00;90:*.dpkg-tmp=00;90:*.old=00;90:*.orig=00;90:*.part=00;90:*.rej=00;90:*.rpmnew=00;90:*.rpmorig=00;90:*.rpmsave=00;90:*.swp=00;90:*.tmp=00;90:*.ucf-dist=00;90:*.ucf-new=00;90:*.ucf-old=00;90:', 'VSCODE_GIT_IPC_HANDLE': '/run/user/1000/vscode-git-be4e147b20.sock', 'TERM_PROGRAM': 'vscode', 'AMENT_PREFIX_PATH': '/home/martin/autonomous_new/install/fsae_interfaces:/opt/ros/jazzy', 'SHELL': '/bin/bash', 'LESSCLOSE': '/usr/bin/lesspipe %s %s', 'ROS_AUTOMATIC_DISCOVERY_RANGE': 'SUBNET', 'VSCODE_GIT_ASKPASS_EXTRA_ARGS': '', 'PWD': '/home/martin/autonomous_new/build/fsae_mission_control', 'COPILOT_DEBUG_NONCE': 'a0835ffc0f41e7145ddef4c5f08bbb53', 'XDG_DATA_DIRS': '/usr/local/share:/usr/share:/var/lib/snapd/desktop', 'PYTHONPATH': '/home/martin/autonomous_new/build/fsae_mission_control/prefix_override:/usr/lib/python3/dist-packages/colcon_core/task/python/colcon_distutils_commands:/home/martin/autonomous_new/install/fsae_mission_control/lib/python3.12/site-packages:/home/martin/autonomous_new/install/fsae_interfaces/lib/python3.12/site-packages:/opt/ros/jazzy/lib/python3.12/site-packages', 'COLCON': '1', 'WSL2_GUI_APPS_ENABLED': '1', 'HOSTTYPE': 'x86_64', 'CMAKE_PREFIX_PATH': '/home/martin/autonomous_new/install/fsae_interfaces:/opt/ros/jazzy/opt/sdformat_vendor:/opt/ros/jazzy/opt/gz_math_vendor:/opt/ros/jazzy/opt/gz_utils_vendor:/opt/ros/jazzy/opt/gz_tools_vendor:/opt/ros/jazzy/opt/gz_cmake_vendor', 'WSLENV': 'ELECTRON_RUN_AS_NODE/w:'}, 'shell': False}
[21.540765] (fsae_control) Command: {'cmd': ['/usr/bin/python3', '-W', 'ignore:setup.py install is deprecated', '-W', 'ignore:easy_install command is deprecated', 'setup.py', 'egg_info', '--egg-base', '../../../../build/fsae_control', 'build', '--build-base', '/home/martin/autonomous_new/build/fsae_control/build', 'install', '--record', '/home/martin/autonomous_new/build/fsae_control/install.log', '--single-version-externally-managed', 'install_data'], 'cwd': '/home/martin/autonomous_new/src/fsae_autonomous/control/fsae_control', 'env': {'LESSOPEN': '| /usr/bin/lesspipe %s', 'USER': 'martin', 'GZ_CONFIG_PATH': '/opt/ros/jazzy/opt/sdformat_vendor/share/gz', 'GIT_ASKPASS': '/home/martin/.vscode-server/bin/5264f2156cbcd7aea5fd004d29eaa10209155d66/extensions/git/dist/askpass.sh', 'SHLVL': '2', 'LD_LIBRARY_PATH': '/home/martin/autonomous_new/install/fsae_interfaces/lib:/opt/ros/jazzy/opt/sdformat_vendor/lib:/opt/ros/jazzy/opt/rviz_ogre_vendor/lib:/opt/ros/jazzy/lib/x86_64-linux-gnu:/opt/ros/jazzy/opt/gz_math_vendor/lib:/opt/ros/jazzy/opt/gz_utils_vendor/lib:/opt/ros/jazzy/opt/gz_tools_vendor/lib:/opt/ros/jazzy/opt/gz_cmake_vendor/lib:/opt/ros/jazzy/lib', 'HOME': '/home/martin', 'OLDPWD': '/home/martin', 'TERM_PROGRAM_VERSION': '1.128.1', 'VSCODE_IPC_HOOK_CLI': '/run/user/1000/vscode-ipc-6de7dfac-c000-4f45-8eca-7abf1bf9f1fb.sock', 'ROS_PYTHON_VERSION': '3', 'VSCODE_GIT_ASKPASS_MAIN': '/home/martin/.vscode-server/bin/5264f2156cbcd7aea5fd004d29eaa10209155d66/extensions/git/dist/askpass-main.js', 'VSCODE_GIT_ASKPASS_NODE': '/home/martin/.vscode-server/bin/5264f2156cbcd7aea5fd004d29eaa10209155d66/node', 'VSCODE_PYTHON_AUTOACTIVATE_GUARD': '1', 'DBUS_SESSION_BUS_ADDRESS': 'unix:path=/run/user/1000/bus', 'COLORTERM': 'truecolor', 'WSL_DISTRO_NAME': 'Ubuntu', 'WAYLAND_DISPLAY': 'wayland-0', 'ROS_DISTRO': 'jazzy', 'LOGNAME': 'martin', 'NAME': 'Code', 'WSL_INTEROP': '/run/WSL/759_interop', 'PULSE_SERVER': 'unix:/mnt/wslg/PulseServer', '_': '/usr/bin/colcon', 'ROS_VERSION': '2', 'TERM': 'xterm-256color', 'PATH': '/home/martin/.vscode-server/data/User/globalStorage/github.copilot-chat/debugCommand:/home/martin/.vscode-server/data/User/globalStorage/github.copilot-chat/copilotCli:/home/martin/.vscode-server/bin/5264f2156cbcd7aea5fd004d29eaa10209155d66/bin/remote-cli:/opt/ros/jazzy/opt/gz_tools_vendor/bin:/opt/ros/jazzy/bin:/usr/local/sbin:/usr/local/bin:/usr/sbin:/usr/bin:/sbin:/bin:/usr/games:/usr/local/games:/usr/lib/wsl/lib:/mnt/c/Program Files/WindowsApps/MicrosoftCorporationII.WindowsSubsystemForLinux_2.7.3.0_x64__8wekyb3d8bbwe:/mnt/c/Python314/Scripts/:/mnt/c/Python314/:/mnt/c/Program Files/Common Files/Oracle/Java/javapath:/mnt/c/Program Files (x86)/Common Files/Oracle/Java/java8path:/mnt/c/Program Files (x86)/Common Files/Oracle/Java/javapath:/mnt/c/windows/system32:/mnt/c/windows:/mnt/c/windows/System32/Wbem:/mnt/c/windows/System32/WindowsPowerShell/v1.0/:/mnt/c/windows/System32/OpenSSH/:/mnt/c/Users/Administrator/AppData/Local/Microsoft/WindowsApps:/mnt/c/Program Files/HP/OMEN-Broadcast/Common:/mnt/c/WINDOWS/system32:/mnt/c/WINDOWS:/mnt/c/WINDOWS/System32/Wbem:/mnt/c/WINDOWS/System32/WindowsPowerShell/v1.0/:/mnt/c/WINDOWS/System32/OpenSSH/:/mnt/c/Program Files/NVIDIA Corporation/NVIDIA app/NvDLISR:/mnt/c/Program Files (x86)/NVIDIA Corporation/PhysX/Common:/mnt/c/Program Files/Git/cmd:/mnt/c/Program Files (x86)/Windows Kits/10/Windows Performance Toolkit/:/mnt/c/Program Files/dotnet/:/mnt/c/Users/marti/AppData/Local/Python/pythoncore-3.14-64/Lib/site-packages/pip:/mnt/c/Users/marti/AppData/Local/Python/pythoncore-3.14-64/Scripts/ffmpeg-2025-11-12-git-6cdd2cbe32-full_build/bin:/mnt/c/msys64/mingw64/bin:/mnt/c/Program Files/MATLAB/R2025b/bin:/mnt/c/Users/marti/AppData/Local/Python/pythoncore-3.14-64/Scripts:/mnt/c/Program Files/GitHub CLI/:/mnt/c/Users/marti/Downloads/Tools/ffmpeg/bin:/mnt/c/Program Files/nodejs/:/mnt/c/ProgramData/chocolatey/bin:/mnt/c/Users/marti/AppData/Local/Microsoft/WindowsApps:/mnt/c/Users/marti/AppData/Local/Programs/Microsoft VS Code/bin:/mnt/c/Users/marti/.dotnet/tools:/mnt/c/Users/marti/AppData/Local/Python/bin:/mnt/c/Users/marti/AppData/Local/Python/pythoncore-3.14-64/Lib/site-packages/pip:/mnt/c/Users/marti/AppData/Local/Python/pythoncore-3.14-64/Scripts:/mnt/c/Users/marti/AppData/Local/Python/pythoncore-3.14-64/Scripts/ffmpeg-2025-11-12-git-6cdd2cbe32-full_build/bin:/mnt/c/Users/marti/AppData/Local/Programs/MiKTeX/miktex/bin/x64/:/mnt/c/Users/marti/Downloads/Tools/ffmpeg/bin:/mnt/c/Users/marti/AppData/Roaming/npm:/snap/bin', 'XDG_RUNTIME_DIR': '/run/user/1000', 'DISPLAY': ':0', 'LANG': 'C.UTF-8', 'LS_COLORS': 'rs=0:di=01;34:ln=01;36:mh=00:pi=40;33:so=01;35:do=01;35:bd=40;33;01:cd=40;33;01:or=40;31;01:mi=00:su=37;41:sg=30;43:ca=00:tw=30;42:ow=34;42:st=37;44:ex=01;32:*.tar=01;31:*.tgz=01;31:*.arc=01;31:*.arj=01;31:*.taz=01;31:*.lha=01;31:*.lz4=01;31:*.lzh=01;31:*.lzma=01;31:*.tlz=01;31:*.txz=01;31:*.tzo=01;31:*.t7z=01;31:*.zip=01;31:*.z=01;31:*.dz=01;31:*.gz=01;31:*.lrz=01;31:*.lz=01;31:*.lzo=01;31:*.xz=01;31:*.zst=01;31:*.tzst=01;31:*.bz2=01;31:*.bz=01;31:*.tbz=01;31:*.tbz2=01;31:*.tz=01;31:*.deb=01;31:*.rpm=01;31:*.jar=01;31:*.war=01;31:*.ear=01;31:*.sar=01;31:*.rar=01;31:*.alz=01;31:*.ace=01;31:*.zoo=01;31:*.cpio=01;31:*.7z=01;31:*.rz=01;31:*.cab=01;31:*.wim=01;31:*.swm=01;31:*.dwm=01;31:*.esd=01;31:*.avif=01;35:*.jpg=01;35:*.jpeg=01;35:*.mjpg=01;35:*.mjpeg=01;35:*.gif=01;35:*.bmp=01;35:*.pbm=01;35:*.pgm=01;35:*.ppm=01;35:*.tga=01;35:*.xbm=01;35:*.xpm=01;35:*.tif=01;35:*.tiff=01;35:*.png=01;35:*.svg=01;35:*.svgz=01;35:*.mng=01;35:*.pcx=01;35:*.mov=01;35:*.mpg=01;35:*.mpeg=01;35:*.m2v=01;35:*.mkv=01;35:*.webm=01;35:*.webp=01;35:*.ogm=01;35:*.mp4=01;35:*.m4v=01;35:*.mp4v=01;35:*.vob=01;35:*.qt=01;35:*.nuv=01;35:*.wmv=01;35:*.asf=01;35:*.rm=01;35:*.rmvb=01;35:*.flc=01;35:*.avi=01;35:*.fli=01;35:*.flv=01;35:*.gl=01;35:*.dl=01;35:*.xcf=01;35:*.xwd=01;35:*.yuv=01;35:*.cgm=01;35:*.emf=01;35:*.ogv=01;35:*.ogx=01;35:*.aac=00;36:*.au=00;36:*.flac=00;36:*.m4a=00;36:*.mid=00;36:*.midi=00;36:*.mka=00;36:*.mp3=00;36:*.mpc=00;36:*.ogg=00;36:*.ra=00;36:*.wav=00;36:*.oga=00;36:*.opus=00;36:*.spx=00;36:*.xspf=00;36:*~=00;90:*#=00;90:*.bak=00;90:*.crdownload=00;90:*.dpkg-dist=00;90:*.dpkg-new=00;90:*.dpkg-old=00;90:*.dpkg-tmp=00;90:*.old=00;90:*.orig=00;90:*.part=00;90:*.rej=00;90:*.rpmnew=00;90:*.rpmorig=00;90:*.rpmsave=00;90:*.swp=00;90:*.tmp=00;90:*.ucf-dist=00;90:*.ucf-new=00;90:*.ucf-old=00;90:', 'VSCODE_GIT_IPC_HANDLE': '/run/user/1000/vscode-git-be4e147b20.sock', 'TERM_PROGRAM': 'vscode', 'AMENT_PREFIX_PATH': '/home/martin/autonomous_new/install/fsae_interfaces:/opt/ros/jazzy', 'SHELL': '/bin/bash', 'LESSCLOSE': '/usr/bin/lesspipe %s %s', 'ROS_AUTOMATIC_DISCOVERY_RANGE': 'SUBNET', 'VSCODE_GIT_ASKPASS_EXTRA_ARGS': '', 'PWD': '/home/martin/autonomous_new/build/fsae_control', 'COPILOT_DEBUG_NONCE': 'a0835ffc0f41e7145ddef4c5f08bbb53', 'XDG_DATA_DIRS': '/usr/local/share:/usr/share:/var/lib/snapd/desktop', 'PYTHONPATH': '/home/martin/autonomous_new/build/fsae_control/prefix_override:/usr/lib/python3/dist-packages/colcon_core/task/python/colcon_distutils_commands:/home/martin/autonomous_new/install/fsae_control/lib/python3.12/site-packages:/home/martin/autonomous_new/install/fsae_interfaces/lib/python3.12/site-packages:/opt/ros/jazzy/lib/python3.12/site-packages', 'COLCON': '1', 'WSL2_GUI_APPS_ENABLED': '1', 'HOSTTYPE': 'x86_64', 'CMAKE_PREFIX_PATH': '/home/martin/autonomous_new/install/fsae_interfaces:/opt/ros/jazzy/opt/sdformat_vendor:/opt/ros/jazzy/opt/gz_math_vendor:/opt/ros/jazzy/opt/gz_utils_vendor:/opt/ros/jazzy/opt/gz_tools_vendor:/opt/ros/jazzy/opt/gz_cmake_vendor', 'WSLENV': 'ELECTRON_RUN_AS_NODE/w:'}, 'shell': False}
[21.547035] (fsae_lidar) Command: {'cmd': ['/usr/bin/python3', '-W', 'ignore:setup.py install is deprecated', '-W', 'ignore:easy_install command is deprecated', 'setup.py', 'egg_info', '--egg-base', '../../../../build/fsae_lidar', 'build', '--build-base', '/home/martin/autonomous_new/build/fsae_lidar/build', 'install', '--record', '/home/martin/autonomous_new/build/fsae_lidar/install.log', '--single-version-externally-managed', 'install_data'], 'cwd': '/home/martin/autonomous_new/src/fsae_autonomous/perception/fsae_lidar', 'env': {'LESSOPEN': '| /usr/bin/lesspipe %s', 'USER': 'martin', 'GZ_CONFIG_PATH': '/opt/ros/jazzy/opt/sdformat_vendor/share/gz', 'GIT_ASKPASS': '/home/martin/.vscode-server/bin/5264f2156cbcd7aea5fd004d29eaa10209155d66/extensions/git/dist/askpass.sh', 'SHLVL': '2', 'LD_LIBRARY_PATH': '/home/martin/autonomous_new/install/fsae_interfaces/lib:/opt/ros/jazzy/opt/sdformat_vendor/lib:/opt/ros/jazzy/opt/rviz_ogre_vendor/lib:/opt/ros/jazzy/lib/x86_64-linux-gnu:/opt/ros/jazzy/opt/gz_math_vendor/lib:/opt/ros/jazzy/opt/gz_utils_vendor/lib:/opt/ros/jazzy/opt/gz_tools_vendor/lib:/opt/ros/jazzy/opt/gz_cmake_vendor/lib:/opt/ros/jazzy/lib', 'HOME': '/home/martin', 'OLDPWD': '/home/martin', 'TERM_PROGRAM_VERSION': '1.128.1', 'VSCODE_IPC_HOOK_CLI': '/run/user/1000/vscode-ipc-6de7dfac-c000-4f45-8eca-7abf1bf9f1fb.sock', 'ROS_PYTHON_VERSION': '3', 'VSCODE_GIT_ASKPASS_MAIN': '/home/martin/.vscode-server/bin/5264f2156cbcd7aea5fd004d29eaa10209155d66/extensions/git/dist/askpass-main.js', 'VSCODE_GIT_ASKPASS_NODE': '/home/martin/.vscode-server/bin/5264f2156cbcd7aea5fd004d29eaa10209155d66/node', 'VSCODE_PYTHON_AUTOACTIVATE_GUARD': '1', 'DBUS_SESSION_BUS_ADDRESS': 'unix:path=/run/user/1000/bus', 'COLORTERM': 'truecolor', 'WSL_DISTRO_NAME': 'Ubuntu', 'WAYLAND_DISPLAY': 'wayland-0', 'ROS_DISTRO': 'jazzy', 'LOGNAME': 'martin', 'NAME': 'Code', 'WSL_INTEROP': '/run/WSL/759_interop', 'PULSE_SERVER': 'unix:/mnt/wslg/PulseServer', '_': '/usr/bin/colcon', 'ROS_VERSION': '2', 'TERM': 'xterm-256color', 'PATH': '/home/martin/.vscode-server/data/User/globalStorage/github.copilot-chat/debugCommand:/home/martin/.vscode-server/data/User/globalStorage/github.copilot-chat/copilotCli:/home/martin/.vscode-server/bin/5264f2156cbcd7aea5fd004d29eaa10209155d66/bin/remote-cli:/opt/ros/jazzy/opt/gz_tools_vendor/bin:/opt/ros/jazzy/bin:/usr/local/sbin:/usr/local/bin:/usr/sbin:/usr/bin:/sbin:/bin:/usr/games:/usr/local/games:/usr/lib/wsl/lib:/mnt/c/Program Files/WindowsApps/MicrosoftCorporationII.WindowsSubsystemForLinux_2.7.3.0_x64__8wekyb3d8bbwe:/mnt/c/Python314/Scripts/:/mnt/c/Python314/:/mnt/c/Program Files/Common Files/Oracle/Java/javapath:/mnt/c/Program Files (x86)/Common Files/Oracle/Java/java8path:/mnt/c/Program Files (x86)/Common Files/Oracle/Java/javapath:/mnt/c/windows/system32:/mnt/c/windows:/mnt/c/windows/System32/Wbem:/mnt/c/windows/System32/WindowsPowerShell/v1.0/:/mnt/c/windows/System32/OpenSSH/:/mnt/c/Users/Administrator/AppData/Local/Microsoft/WindowsApps:/mnt/c/Program Files/HP/OMEN-Broadcast/Common:/mnt/c/WINDOWS/system32:/mnt/c/WINDOWS:/mnt/c/WINDOWS/System32/Wbem:/mnt/c/WINDOWS/System32/WindowsPowerShell/v1.0/:/mnt/c/WINDOWS/System32/OpenSSH/:/mnt/c/Program Files/NVIDIA Corporation/NVIDIA app/NvDLISR:/mnt/c/Program Files (x86)/NVIDIA Corporation/PhysX/Common:/mnt/c/Program Files/Git/cmd:/mnt/c/Program Files (x86)/Windows Kits/10/Windows Performance Toolkit/:/mnt/c/Program Files/dotnet/:/mnt/c/Users/marti/AppData/Local/Python/pythoncore-3.14-64/Lib/site-packages/pip:/mnt/c/Users/marti/AppData/Local/Python/pythoncore-3.14-64/Scripts/ffmpeg-2025-11-12-git-6cdd2cbe32-full_build/bin:/mnt/c/msys64/mingw64/bin:/mnt/c/Program Files/MATLAB/R2025b/bin:/mnt/c/Users/marti/AppData/Local/Python/pythoncore-3.14-64/Scripts:/mnt/c/Program Files/GitHub CLI/:/mnt/c/Users/marti/Downloads/Tools/ffmpeg/bin:/mnt/c/Program Files/nodejs/:/mnt/c/ProgramData/chocolatey/bin:/mnt/c/Users/marti/AppData/Local/Microsoft/WindowsApps:/mnt/c/Users/marti/AppData/Local/Programs/Microsoft VS Code/bin:/mnt/c/Users/marti/.dotnet/tools:/mnt/c/Users/marti/AppData/Local/Python/bin:/mnt/c/Users/marti/AppData/Local/Python/pythoncore-3.14-64/Lib/site-packages/pip:/mnt/c/Users/marti/AppData/Local/Python/pythoncore-3.14-64/Scripts:/mnt/c/Users/marti/AppData/Local/Python/pythoncore-3.14-64/Scripts/ffmpeg-2025-11-12-git-6cdd2cbe32-full_build/bin:/mnt/c/Users/marti/AppData/Local/Programs/MiKTeX/miktex/bin/x64/:/mnt/c/Users/marti/Downloads/Tools/ffmpeg/bin:/mnt/c/Users/marti/AppData/Roaming/npm:/snap/bin', 'XDG_RUNTIME_DIR': '/run/user/1000', 'DISPLAY': ':0', 'LANG': 'C.UTF-8', 'LS_COLORS': 'rs=0:di=01;34:ln=01;36:mh=00:pi=40;33:so=01;35:do=01;35:bd=40;33;01:cd=40;33;01:or=40;31;01:mi=00:su=37;41:sg=30;43:ca=00:tw=30;42:ow=34;42:st=37;44:ex=01;32:*.tar=01;31:*.tgz=01;31:*.arc=01;31:*.arj=01;31:*.taz=01;31:*.lha=01;31:*.lz4=01;31:*.lzh=01;31:*.lzma=01;31:*.tlz=01;31:*.txz=01;31:*.tzo=01;31:*.t7z=01;31:*.zip=01;31:*.z=01;31:*.dz=01;31:*.gz=01;31:*.lrz=01;31:*.lz=01;31:*.lzo=01;31:*.xz=01;31:*.zst=01;31:*.tzst=01;31:*.bz2=01;31:*.bz=01;31:*.tbz=01;31:*.tbz2=01;31:*.tz=01;31:*.deb=01;31:*.rpm=01;31:*.jar=01;31:*.war=01;31:*.ear=01;31:*.sar=01;31:*.rar=01;31:*.alz=01;31:*.ace=01;31:*.zoo=01;31:*.cpio=01;31:*.7z=01;31:*.rz=01;31:*.cab=01;31:*.wim=01;31:*.swm=01;31:*.dwm=01;31:*.esd=01;31:*.avif=01;35:*.jpg=01;35:*.jpeg=01;35:*.mjpg=01;35:*.mjpeg=01;35:*.gif=01;35:*.bmp=01;35:*.pbm=01;35:*.pgm=01;35:*.ppm=01;35:*.tga=01;35:*.xbm=01;35:*.xpm=01;35:*.tif=01;35:*.tiff=01;35:*.png=01;35:*.svg=01;35:*.svgz=01;35:*.mng=01;35:*.pcx=01;35:*.mov=01;35:*.mpg=01;35:*.mpeg=01;35:*.m2v=01;35:*.mkv=01;35:*.webm=01;35:*.webp=01;35:*.ogm=01;35:*.mp4=01;35:*.m4v=01;35:*.mp4v=01;35:*.vob=01;35:*.qt=01;35:*.nuv=01;35:*.wmv=01;35:*.asf=01;35:*.rm=01;35:*.rmvb=01;35:*.flc=01;35:*.avi=01;35:*.fli=01;35:*.flv=01;35:*.gl=01;35:*.dl=01;35:*.xcf=01;35:*.xwd=01;35:*.yuv=01;35:*.cgm=01;35:*.emf=01;35:*.ogv=01;35:*.ogx=01;35:*.aac=00;36:*.au=00;36:*.flac=00;36:*.m4a=00;36:*.mid=00;36:*.midi=00;36:*.mka=00;36:*.mp3=00;36:*.mpc=00;36:*.ogg=00;36:*.ra=00;36:*.wav=00;36:*.oga=00;36:*.opus=00;36:*.spx=00;36:*.xspf=00;36:*~=00;90:*#=00;90:*.bak=00;90:*.crdownload=00;90:*.dpkg-dist=00;90:*.dpkg-new=00;90:*.dpkg-old=00;90:*.dpkg-tmp=00;90:*.old=00;90:*.orig=00;90:*.part=00;90:*.rej=00;90:*.rpmnew=00;90:*.rpmorig=00;90:*.rpmsave=00;90:*.swp=00;90:*.tmp=00;90:*.ucf-dist=00;90:*.ucf-new=00;90:*.ucf-old=00;90:', 'VSCODE_GIT_IPC_HANDLE': '/run/user/1000/vscode-git-be4e147b20.sock', 'TERM_PROGRAM': 'vscode', 'AMENT_PREFIX_PATH': '/home/martin/autonomous_new/install/fsae_interfaces:/opt/ros/jazzy', 'SHELL': '/bin/bash', 'LESSCLOSE': '/usr/bin/lesspipe %s %s', 'ROS_AUTOMATIC_DISCOVERY_RANGE': 'SUBNET', 'VSCODE_GIT_ASKPASS_EXTRA_ARGS': '', 'PWD': '/home/martin/autonomous_new/build/fsae_lidar', 'COPILOT_DEBUG_NONCE': 'a0835ffc0f41e7145ddef4c5f08bbb53', 'XDG_DATA_DIRS': '/usr/local/share:/usr/share:/var/lib/snapd/desktop', 'PYTHONPATH': '/home/martin/autonomous_new/build/fsae_lidar/prefix_override:/usr/lib/python3/dist-packages/colcon_core/task/python/colcon_distutils_commands:/home/martin/autonomous_new/install/fsae_lidar/lib/python3.12/site-packages:/home/martin/autonomous_new/install/fsae_interfaces/lib/python3.12/site-packages:/opt/ros/jazzy/lib/python3.12/site-packages', 'COLCON': '1', 'WSL2_GUI_APPS_ENABLED': '1', 'HOSTTYPE': 'x86_64', 'CMAKE_PREFIX_PATH': '/home/martin/autonomous_new/install/fsae_interfaces:/opt/ros/jazzy/opt/sdformat_vendor:/opt/ros/jazzy/opt/gz_math_vendor:/opt/ros/jazzy/opt/gz_utils_vendor:/opt/ros/jazzy/opt/gz_tools_vendor:/opt/ros/jazzy/opt/gz_cmake_vendor', 'WSLENV': 'ELECTRON_RUN_AS_NODE/w:'}, 'shell': False}
[21.552564] (fsae_planning) Command: {'cmd': ['/usr/bin/python3', '-W', 'ignore:setup.py install is deprecated', '-W', 'ignore:easy_install command is deprecated', 'setup.py', 'egg_info', '--egg-base', '../../../../build/fsae_planning', 'build', '--build-base', '/home/martin/autonomous_new/build/fsae_planning/build', 'install', '--record', '/home/martin/autonomous_new/build/fsae_planning/install.log', '--single-version-externally-managed', 'install_data'], 'cwd': '/home/martin/autonomous_new/src/fsae_autonomous/planning/fsae_planning', 'env': {'LESSOPEN': '| /usr/bin/lesspipe %s', 'USER': 'martin', 'GZ_CONFIG_PATH': '/opt/ros/jazzy/opt/sdformat_vendor/share/gz', 'GIT_ASKPASS': '/home/martin/.vscode-server/bin/5264f2156cbcd7aea5fd004d29eaa10209155d66/extensions/git/dist/askpass.sh', 'SHLVL': '2', 'LD_LIBRARY_PATH': '/home/martin/autonomous_new/install/fsae_interfaces/lib:/opt/ros/jazzy/opt/sdformat_vendor/lib:/opt/ros/jazzy/opt/rviz_ogre_vendor/lib:/opt/ros/jazzy/lib/x86_64-linux-gnu:/opt/ros/jazzy/opt/gz_math_vendor/lib:/opt/ros/jazzy/opt/gz_utils_vendor/lib:/opt/ros/jazzy/opt/gz_tools_vendor/lib:/opt/ros/jazzy/opt/gz_cmake_vendor/lib:/opt/ros/jazzy/lib', 'HOME': '/home/martin', 'OLDPWD': '/home/martin', 'TERM_PROGRAM_VERSION': '1.128.1', 'VSCODE_IPC_HOOK_CLI': '/run/user/1000/vscode-ipc-6de7dfac-c000-4f45-8eca-7abf1bf9f1fb.sock', 'ROS_PYTHON_VERSION': '3', 'VSCODE_GIT_ASKPASS_MAIN': '/home/martin/.vscode-server/bin/5264f2156cbcd7aea5fd004d29eaa10209155d66/extensions/git/dist/askpass-main.js', 'VSCODE_GIT_ASKPASS_NODE': '/home/martin/.vscode-server/bin/5264f2156cbcd7aea5fd004d29eaa10209155d66/node', 'VSCODE_PYTHON_AUTOACTIVATE_GUARD': '1', 'DBUS_SESSION_BUS_ADDRESS': 'unix:path=/run/user/1000/bus', 'COLORTERM': 'truecolor', 'WSL_DISTRO_NAME': 'Ubuntu', 'WAYLAND_DISPLAY': 'wayland-0', 'ROS_DISTRO': 'jazzy', 'LOGNAME': 'martin', 'NAME': 'Code', 'WSL_INTEROP': '/run/WSL/759_interop', 'PULSE_SERVER': 'unix:/mnt/wslg/PulseServer', '_': '/usr/bin/colcon', 'ROS_VERSION': '2', 'TERM': 'xterm-256color', 'PATH': '/home/martin/.vscode-server/data/User/globalStorage/github.copilot-chat/debugCommand:/home/martin/.vscode-server/data/User/globalStorage/github.copilot-chat/copilotCli:/home/martin/.vscode-server/bin/5264f2156cbcd7aea5fd004d29eaa10209155d66/bin/remote-cli:/opt/ros/jazzy/opt/gz_tools_vendor/bin:/opt/ros/jazzy/bin:/usr/local/sbin:/usr/local/bin:/usr/sbin:/usr/bin:/sbin:/bin:/usr/games:/usr/local/games:/usr/lib/wsl/lib:/mnt/c/Program Files/WindowsApps/MicrosoftCorporationII.WindowsSubsystemForLinux_2.7.3.0_x64__8wekyb3d8bbwe:/mnt/c/Python314/Scripts/:/mnt/c/Python314/:/mnt/c/Program Files/Common Files/Oracle/Java/javapath:/mnt/c/Program Files (x86)/Common Files/Oracle/Java/java8path:/mnt/c/Program Files (x86)/Common Files/Oracle/Java/javapath:/mnt/c/windows/system32:/mnt/c/windows:/mnt/c/windows/System32/Wbem:/mnt/c/windows/System32/WindowsPowerShell/v1.0/:/mnt/c/windows/System32/OpenSSH/:/mnt/c/Users/Administrator/AppData/Local/Microsoft/WindowsApps:/mnt/c/Program Files/HP/OMEN-Broadcast/Common:/mnt/c/WINDOWS/system32:/mnt/c/WINDOWS:/mnt/c/WINDOWS/System32/Wbem:/mnt/c/WINDOWS/System32/WindowsPowerShell/v1.0/:/mnt/c/WINDOWS/System32/OpenSSH/:/mnt/c/Program Files/NVIDIA Corporation/NVIDIA app/NvDLISR:/mnt/c/Program Files (x86)/NVIDIA Corporation/PhysX/Common:/mnt/c/Program Files/Git/cmd:/mnt/c/Program Files (x86)/Windows Kits/10/Windows Performance Toolkit/:/mnt/c/Program Files/dotnet/:/mnt/c/Users/marti/AppData/Local/Python/pythoncore-3.14-64/Lib/site-packages/pip:/mnt/c/Users/marti/AppData/Local/Python/pythoncore-3.14-64/Scripts/ffmpeg-2025-11-12-git-6cdd2cbe32-full_build/bin:/mnt/c/msys64/mingw64/bin:/mnt/c/Program Files/MATLAB/R2025b/bin:/mnt/c/Users/marti/AppData/Local/Python/pythoncore-3.14-64/Scripts:/mnt/c/Program Files/GitHub CLI/:/mnt/c/Users/marti/Downloads/Tools/ffmpeg/bin:/mnt/c/Program Files/nodejs/:/mnt/c/ProgramData/chocolatey/bin:/mnt/c/Users/marti/AppData/Local/Microsoft/WindowsApps:/mnt/c/Users/marti/AppData/Local/Programs/Microsoft VS Code/bin:/mnt/c/Users/marti/.dotnet/tools:/mnt/c/Users/marti/AppData/Local/Python/bin:/mnt/c/Users/marti/AppData/Local/Python/pythoncore-3.14-64/Lib/site-packages/pip:/mnt/c/Users/marti/AppData/Local/Python/pythoncore-3.14-64/Scripts:/mnt/c/Users/marti/AppData/Local/Python/pythoncore-3.14-64/Scripts/ffmpeg-2025-11-12-git-6cdd2cbe32-full_build/bin:/mnt/c/Users/marti/AppData/Local/Programs/MiKTeX/miktex/bin/x64/:/mnt/c/Users/marti/Downloads/Tools/ffmpeg/bin:/mnt/c/Users/marti/AppData/Roaming/npm:/snap/bin', 'XDG_RUNTIME_DIR': '/run/user/1000', 'DISPLAY': ':0', 'LANG': 'C.UTF-8', 'LS_COLORS': 'rs=0:di=01;34:ln=01;36:mh=00:pi=40;33:so=01;35:do=01;35:bd=40;33;01:cd=40;33;01:or=40;31;01:mi=00:su=37;41:sg=30;43:ca=00:tw=30;42:ow=34;42:st=37;44:ex=01;32:*.tar=01;31:*.tgz=01;31:*.arc=01;31:*.arj=01;31:*.taz=01;31:*.lha=01;31:*.lz4=01;31:*.lzh=01;31:*.lzma=01;31:*.tlz=01;31:*.txz=01;31:*.tzo=01;31:*.t7z=01;31:*.zip=01;31:*.z=01;31:*.dz=01;31:*.gz=01;31:*.lrz=01;31:*.lz=01;31:*.lzo=01;31:*.xz=01;31:*.zst=01;31:*.tzst=01;31:*.bz2=01;31:*.bz=01;31:*.tbz=01;31:*.tbz2=01;31:*.tz=01;31:*.deb=01;31:*.rpm=01;31:*.jar=01;31:*.war=01;31:*.ear=01;31:*.sar=01;31:*.rar=01;31:*.alz=01;31:*.ace=01;31:*.zoo=01;31:*.cpio=01;31:*.7z=01;31:*.rz=01;31:*.cab=01;31:*.wim=01;31:*.swm=01;31:*.dwm=01;31:*.esd=01;31:*.avif=01;35:*.jpg=01;35:*.jpeg=01;35:*.mjpg=01;35:*.mjpeg=01;35:*.gif=01;35:*.bmp=01;35:*.pbm=01;35:*.pgm=01;35:*.ppm=01;35:*.tga=01;35:*.xbm=01;35:*.xpm=01;35:*.tif=01;35:*.tiff=01;35:*.png=01;35:*.svg=01;35:*.svgz=01;35:*.mng=01;35:*.pcx=01;35:*.mov=01;35:*.mpg=01;35:*.mpeg=01;35:*.m2v=01;35:*.mkv=01;35:*.webm=01;35:*.webp=01;35:*.ogm=01;35:*.mp4=01;35:*.m4v=01;35:*.mp4v=01;35:*.vob=01;35:*.qt=01;35:*.nuv=01;35:*.wmv=01;35:*.asf=01;35:*.rm=01;35:*.rmvb=01;35:*.flc=01;35:*.avi=01;35:*.fli=01;35:*.flv=01;35:*.gl=01;35:*.dl=01;35:*.xcf=01;35:*.xwd=01;35:*.yuv=01;35:*.cgm=01;35:*.emf=01;35:*.ogv=01;35:*.ogx=01;35:*.aac=00;36:*.au=00;36:*.flac=00;36:*.m4a=00;36:*.mid=00;36:*.midi=00;36:*.mka=00;36:*.mp3=00;36:*.mpc=00;36:*.ogg=00;36:*.ra=00;36:*.wav=00;36:*.oga=00;36:*.opus=00;36:*.spx=00;36:*.xspf=00;36:*~=00;90:*#=00;90:*.bak=00;90:*.crdownload=00;90:*.dpkg-dist=00;90:*.dpkg-new=00;90:*.dpkg-old=00;90:*.dpkg-tmp=00;90:*.old=00;90:*.orig=00;90:*.part=00;90:*.rej=00;90:*.rpmnew=00;90:*.rpmorig=00;90:*.rpmsave=00;90:*.swp=00;90:*.tmp=00;90:*.ucf-dist=00;90:*.ucf-new=00;90:*.ucf-old=00;90:', 'VSCODE_GIT_IPC_HANDLE': '/run/user/1000/vscode-git-be4e147b20.sock', 'TERM_PROGRAM': 'vscode', 'AMENT_PREFIX_PATH': '/home/martin/autonomous_new/install/fsae_interfaces:/opt/ros/jazzy', 'SHELL': '/bin/bash', 'LESSCLOSE': '/usr/bin/lesspipe %s %s', 'ROS_AUTOMATIC_DISCOVERY_RANGE': 'SUBNET', 'VSCODE_GIT_ASKPASS_EXTRA_ARGS': '', 'PWD': '/home/martin/autonomous_new/build/fsae_planning', 'COPILOT_DEBUG_NONCE': 'a0835ffc0f41e7145ddef4c5f08bbb53', 'XDG_DATA_DIRS': '/usr/local/share:/usr/share:/var/lib/snapd/desktop', 'PYTHONPATH': '/home/martin/autonomous_new/build/fsae_planning/prefix_override:/usr/lib/python3/dist-packages/colcon_core/task/python/colcon_distutils_commands:/home/martin/autonomous_new/install/fsae_planning/lib/python3.12/site-packages:/home/martin/autonomous_new/install/fsae_interfaces/lib/python3.12/site-packages:/opt/ros/jazzy/lib/python3.12/site-packages', 'COLCON': '1', 'WSL2_GUI_APPS_ENABLED': '1', 'HOSTTYPE': 'x86_64', 'CMAKE_PREFIX_PATH': '/home/martin/autonomous_new/install/fsae_interfaces:/opt/ros/jazzy/opt/sdformat_vendor:/opt/ros/jazzy/opt/gz_math_vendor:/opt/ros/jazzy/opt/gz_utils_vendor:/opt/ros/jazzy/opt/gz_tools_vendor:/opt/ros/jazzy/opt/gz_cmake_vendor', 'WSLENV': 'ELECTRON_RUN_AS_NODE/w:'}, 'shell': False}
[21.590486] (-) TimerEvent: {}
[21.597079] (fsae_slam) StdoutLine: {'line': b'-- The CXX compiler identification is GNU 13.3.0\n'}
[21.652487] (fsae_camera) StdoutLine: {'line': b'-- Detecting CXX compiler ABI info\n'}
[21.690620] (-) TimerEvent: {}
[21.738971] (fsae_visualization) Command: {'cmd': ['/usr/bin/python3', '-W', 'ignore:setup.py install is deprecated', '-W', 'ignore:easy_install command is deprecated', 'setup.py', 'egg_info', '--egg-base', '../../../../build/fsae_visualization', 'build', '--build-base', '/home/martin/autonomous_new/build/fsae_visualization/build', 'install', '--record', '/home/martin/autonomous_new/build/fsae_visualization/install.log', '--single-version-externally-managed', 'install_data'], 'cwd': '/home/martin/autonomous_new/src/fsae_autonomous/visualization/fsae_visualization', 'env': {'LESSOPEN': '| /usr/bin/lesspipe %s', 'USER': 'martin', 'GZ_CONFIG_PATH': '/opt/ros/jazzy/opt/sdformat_vendor/share/gz', 'GIT_ASKPASS': '/home/martin/.vscode-server/bin/5264f2156cbcd7aea5fd004d29eaa10209155d66/extensions/git/dist/askpass.sh', 'SHLVL': '2', 'LD_LIBRARY_PATH': '/home/martin/autonomous_new/install/fsae_interfaces/lib:/opt/ros/jazzy/opt/sdformat_vendor/lib:/opt/ros/jazzy/opt/rviz_ogre_vendor/lib:/opt/ros/jazzy/lib/x86_64-linux-gnu:/opt/ros/jazzy/opt/gz_math_vendor/lib:/opt/ros/jazzy/opt/gz_utils_vendor/lib:/opt/ros/jazzy/opt/gz_tools_vendor/lib:/opt/ros/jazzy/opt/gz_cmake_vendor/lib:/opt/ros/jazzy/lib', 'HOME': '/home/martin', 'OLDPWD': '/home/martin', 'TERM_PROGRAM_VERSION': '1.128.1', 'VSCODE_IPC_HOOK_CLI': '/run/user/1000/vscode-ipc-6de7dfac-c000-4f45-8eca-7abf1bf9f1fb.sock', 'ROS_PYTHON_VERSION': '3', 'VSCODE_GIT_ASKPASS_MAIN': '/home/martin/.vscode-server/bin/5264f2156cbcd7aea5fd004d29eaa10209155d66/extensions/git/dist/askpass-main.js', 'VSCODE_GIT_ASKPASS_NODE': '/home/martin/.vscode-server/bin/5264f2156cbcd7aea5fd004d29eaa10209155d66/node', 'VSCODE_PYTHON_AUTOACTIVATE_GUARD': '1', 'DBUS_SESSION_BUS_ADDRESS': 'unix:path=/run/user/1000/bus', 'COLORTERM': 'truecolor', 'WSL_DISTRO_NAME': 'Ubuntu', 'WAYLAND_DISPLAY': 'wayland-0', 'ROS_DISTRO': 'jazzy', 'LOGNAME': 'martin', 'NAME': 'Code', 'WSL_INTEROP': '/run/WSL/759_interop', 'PULSE_SERVER': 'unix:/mnt/wslg/PulseServer', '_': '/usr/bin/colcon', 'ROS_VERSION': '2', 'TERM': 'xterm-256color', 'PATH': '/home/martin/.vscode-server/data/User/globalStorage/github.copilot-chat/debugCommand:/home/martin/.vscode-server/data/User/globalStorage/github.copilot-chat/copilotCli:/home/martin/.vscode-server/bin/5264f2156cbcd7aea5fd004d29eaa10209155d66/bin/remote-cli:/opt/ros/jazzy/opt/gz_tools_vendor/bin:/opt/ros/jazzy/bin:/usr/local/sbin:/usr/local/bin:/usr/sbin:/usr/bin:/sbin:/bin:/usr/games:/usr/local/games:/usr/lib/wsl/lib:/mnt/c/Program Files/WindowsApps/MicrosoftCorporationII.WindowsSubsystemForLinux_2.7.3.0_x64__8wekyb3d8bbwe:/mnt/c/Python314/Scripts/:/mnt/c/Python314/:/mnt/c/Program Files/Common Files/Oracle/Java/javapath:/mnt/c/Program Files (x86)/Common Files/Oracle/Java/java8path:/mnt/c/Program Files (x86)/Common Files/Oracle/Java/javapath:/mnt/c/windows/system32:/mnt/c/windows:/mnt/c/windows/System32/Wbem:/mnt/c/windows/System32/WindowsPowerShell/v1.0/:/mnt/c/windows/System32/OpenSSH/:/mnt/c/Users/Administrator/AppData/Local/Microsoft/WindowsApps:/mnt/c/Program Files/HP/OMEN-Broadcast/Common:/mnt/c/WINDOWS/system32:/mnt/c/WINDOWS:/mnt/c/WINDOWS/System32/Wbem:/mnt/c/WINDOWS/System32/WindowsPowerShell/v1.0/:/mnt/c/WINDOWS/System32/OpenSSH/:/mnt/c/Program Files/NVIDIA Corporation/NVIDIA app/NvDLISR:/mnt/c/Program Files (x86)/NVIDIA Corporation/PhysX/Common:/mnt/c/Program Files/Git/cmd:/mnt/c/Program Files (x86)/Windows Kits/10/Windows Performance Toolkit/:/mnt/c/Program Files/dotnet/:/mnt/c/Users/marti/AppData/Local/Python/pythoncore-3.14-64/Lib/site-packages/pip:/mnt/c/Users/marti/AppData/Local/Python/pythoncore-3.14-64/Scripts/ffmpeg-2025-11-12-git-6cdd2cbe32-full_build/bin:/mnt/c/msys64/mingw64/bin:/mnt/c/Program Files/MATLAB/R2025b/bin:/mnt/c/Users/marti/AppData/Local/Python/pythoncore-3.14-64/Scripts:/mnt/c/Program Files/GitHub CLI/:/mnt/c/Users/marti/Downloads/Tools/ffmpeg/bin:/mnt/c/Program Files/nodejs/:/mnt/c/ProgramData/chocolatey/bin:/mnt/c/Users/marti/AppData/Local/Microsoft/WindowsApps:/mnt/c/Users/marti/AppData/Local/Programs/Microsoft VS Code/bin:/mnt/c/Users/marti/.dotnet/tools:/mnt/c/Users/marti/AppData/Local/Python/bin:/mnt/c/Users/marti/AppData/Local/Python/pythoncore-3.14-64/Lib/site-packages/pip:/mnt/c/Users/marti/AppData/Local/Python/pythoncore-3.14-64/Scripts:/mnt/c/Users/marti/AppData/Local/Python/pythoncore-3.14-64/Scripts/ffmpeg-2025-11-12-git-6cdd2cbe32-full_build/bin:/mnt/c/Users/marti/AppData/Local/Programs/MiKTeX/miktex/bin/x64/:/mnt/c/Users/marti/Downloads/Tools/ffmpeg/bin:/mnt/c/Users/marti/AppData/Roaming/npm:/snap/bin', 'XDG_RUNTIME_DIR': '/run/user/1000', 'DISPLAY': ':0', 'LANG': 'C.UTF-8', 'LS_COLORS': 'rs=0:di=01;34:ln=01;36:mh=00:pi=40;33:so=01;35:do=01;35:bd=40;33;01:cd=40;33;01:or=40;31;01:mi=00:su=37;41:sg=30;43:ca=00:tw=30;42:ow=34;42:st=37;44:ex=01;32:*.tar=01;31:*.tgz=01;31:*.arc=01;31:*.arj=01;31:*.taz=01;31:*.lha=01;31:*.lz4=01;31:*.lzh=01;31:*.lzma=01;31:*.tlz=01;31:*.txz=01;31:*.tzo=01;31:*.t7z=01;31:*.zip=01;31:*.z=01;31:*.dz=01;31:*.gz=01;31:*.lrz=01;31:*.lz=01;31:*.lzo=01;31:*.xz=01;31:*.zst=01;31:*.tzst=01;31:*.bz2=01;31:*.bz=01;31:*.tbz=01;31:*.tbz2=01;31:*.tz=01;31:*.deb=01;31:*.rpm=01;31:*.jar=01;31:*.war=01;31:*.ear=01;31:*.sar=01;31:*.rar=01;31:*.alz=01;31:*.ace=01;31:*.zoo=01;31:*.cpio=01;31:*.7z=01;31:*.rz=01;31:*.cab=01;31:*.wim=01;31:*.swm=01;31:*.dwm=01;31:*.esd=01;31:*.avif=01;35:*.jpg=01;35:*.jpeg=01;35:*.mjpg=01;35:*.mjpeg=01;35:*.gif=01;35:*.bmp=01;35:*.pbm=01;35:*.pgm=01;35:*.ppm=01;35:*.tga=01;35:*.xbm=01;35:*.xpm=01;35:*.tif=01;35:*.tiff=01;35:*.png=01;35:*.svg=01;35:*.svgz=01;35:*.mng=01;35:*.pcx=01;35:*.mov=01;35:*.mpg=01;35:*.mpeg=01;35:*.m2v=01;35:*.mkv=01;35:*.webm=01;35:*.webp=01;35:*.ogm=01;35:*.mp4=01;35:*.m4v=01;35:*.mp4v=01;35:*.vob=01;35:*.qt=01;35:*.nuv=01;35:*.wmv=01;35:*.asf=01;35:*.rm=01;35:*.rmvb=01;35:*.flc=01;35:*.avi=01;35:*.fli=01;35:*.flv=01;35:*.gl=01;35:*.dl=01;35:*.xcf=01;35:*.xwd=01;35:*.yuv=01;35:*.cgm=01;35:*.emf=01;35:*.ogv=01;35:*.ogx=01;35:*.aac=00;36:*.au=00;36:*.flac=00;36:*.m4a=00;36:*.mid=00;36:*.midi=00;36:*.mka=00;36:*.mp3=00;36:*.mpc=00;36:*.ogg=00;36:*.ra=00;36:*.wav=00;36:*.oga=00;36:*.opus=00;36:*.spx=00;36:*.xspf=00;36:*~=00;90:*#=00;90:*.bak=00;90:*.crdownload=00;90:*.dpkg-dist=00;90:*.dpkg-new=00;90:*.dpkg-old=00;90:*.dpkg-tmp=00;90:*.old=00;90:*.orig=00;90:*.part=00;90:*.rej=00;90:*.rpmnew=00;90:*.rpmorig=00;90:*.rpmsave=00;90:*.swp=00;90:*.tmp=00;90:*.ucf-dist=00;90:*.ucf-new=00;90:*.ucf-old=00;90:', 'VSCODE_GIT_IPC_HANDLE': '/run/user/1000/vscode-git-be4e147b20.sock', 'TERM_PROGRAM': 'vscode', 'AMENT_PREFIX_PATH': '/home/martin/autonomous_new/install/fsae_interfaces:/opt/ros/jazzy', 'SHELL': '/bin/bash', 'LESSCLOSE': '/usr/bin/lesspipe %s %s', 'ROS_AUTOMATIC_DISCOVERY_RANGE': 'SUBNET', 'VSCODE_GIT_ASKPASS_EXTRA_ARGS': '', 'PWD': '/home/martin/autonomous_new/build/fsae_visualization', 'COPILOT_DEBUG_NONCE': 'a0835ffc0f41e7145ddef4c5f08bbb53', 'XDG_DATA_DIRS': '/usr/local/share:/usr/share:/var/lib/snapd/desktop', 'PYTHONPATH': '/home/martin/autonomous_new/build/fsae_visualization/prefix_override:/usr/lib/python3/dist-packages/colcon_core/task/python/colcon_distutils_commands:/home/martin/autonomous_new/install/fsae_visualization/lib/python3.12/site-packages:/home/martin/autonomous_new/install/fsae_interfaces/lib/python3.12/site-packages:/opt/ros/jazzy/lib/python3.12/site-packages', 'COLCON': '1', 'WSL2_GUI_APPS_ENABLED': '1', 'HOSTTYPE': 'x86_64', 'CMAKE_PREFIX_PATH': '/home/martin/autonomous_new/install/fsae_interfaces:/opt/ros/jazzy/opt/sdformat_vendor:/opt/ros/jazzy/opt/gz_math_vendor:/opt/ros/jazzy/opt/gz_utils_vendor:/opt/ros/jazzy/opt/gz_tools_vendor:/opt/ros/jazzy/opt/gz_cmake_vendor', 'WSLENV': 'ELECTRON_RUN_AS_NODE/w:'}, 'shell': False}
[21.790785] (-) TimerEvent: {}
[21.891258] (-) TimerEvent: {}
[21.991869] (-) TimerEvent: {}
[22.061077] (fsae_can_bridge) StdoutLine: {'line': b'running egg_info\n'}
[22.061680] (fsae_can_bridge) StdoutLine: {'line': b'creating ../../../../build/fsae_can_bridge/fsae_can_bridge.egg-info\n'}
[22.072236] (fsae_mission_control) StdoutLine: {'line': b'running egg_info\n'}
[22.073227] (fsae_mission_control) StdoutLine: {'line': b'creating ../../../../build/fsae_mission_control/fsae_mission_control.egg-info\n'}
[22.092064] (-) TimerEvent: {}
[22.103359] (fsae_can_bridge) StdoutLine: {'line': b'writing ../../../../build/fsae_can_bridge/fsae_can_bridge.egg-info/PKG-INFO\n'}
[22.103879] (fsae_can_bridge) StdoutLine: {'line': b'writing dependency_links to ../../../../build/fsae_can_bridge/fsae_can_bridge.egg-info/dependency_links.txt\n'}
[22.104525] (fsae_can_bridge) StdoutLine: {'line': b'writing entry points to ../../../../build/fsae_can_bridge/fsae_can_bridge.egg-info/entry_points.txt\n'}
[22.105343] (fsae_can_bridge) StdoutLine: {'line': b'writing requirements to ../../../../build/fsae_can_bridge/fsae_can_bridge.egg-info/requires.txt\n'}
[22.105595] (fsae_can_bridge) StdoutLine: {'line': b'writing top-level names to ../../../../build/fsae_can_bridge/fsae_can_bridge.egg-info/top_level.txt\n'}
[22.105805] (fsae_can_bridge) StdoutLine: {'line': b"writing manifest file '../../../../build/fsae_can_bridge/fsae_can_bridge.egg-info/SOURCES.txt'\n"}
[22.113280] (fsae_lidar) StdoutLine: {'line': b'running egg_info\n'}
[22.113887] (fsae_lidar) StdoutLine: {'line': b'creating ../../../../build/fsae_lidar/fsae_lidar.egg-info\n'}
[22.120098] (fsae_control) StdoutLine: {'line': b'running egg_info\n'}
[22.120596] (fsae_control) StdoutLine: {'line': b'creating ../../../../build/fsae_control/fsae_control.egg-info\n'}
[22.121055] (fsae_mission_control) StdoutLine: {'line': b'writing ../../../../build/fsae_mission_control/fsae_mission_control.egg-info/PKG-INFO\n'}
[22.121416] (fsae_mission_control) StdoutLine: {'line': b'writing dependency_links to ../../../../build/fsae_mission_control/fsae_mission_control.egg-info/dependency_links.txt\n'}
[22.121582] (fsae_mission_control) StdoutLine: {'line': b'writing entry points to ../../../../build/fsae_mission_control/fsae_mission_control.egg-info/entry_points.txt\n'}
[22.121833] (fsae_mission_control) StdoutLine: {'line': b'writing requirements to ../../../../build/fsae_mission_control/fsae_mission_control.egg-info/requires.txt\n'}
[22.121991] (fsae_mission_control) StdoutLine: {'line': b'writing top-level names to ../../../../build/fsae_mission_control/fsae_mission_control.egg-info/top_level.txt\n'}
[22.123199] (fsae_mission_control) StdoutLine: {'line': b"writing manifest file '../../../../build/fsae_mission_control/fsae_mission_control.egg-info/SOURCES.txt'\n"}
[22.136202] (fsae_planning) StdoutLine: {'line': b'running egg_info\n'}
[22.136774] (fsae_planning) StdoutLine: {'line': b'creating ../../../../build/fsae_planning/fsae_planning.egg-info\n'}
[22.157746] (fsae_control) StdoutLine: {'line': b'writing ../../../../build/fsae_control/fsae_control.egg-info/PKG-INFO\n'}
[22.158346] (fsae_control) StdoutLine: {'line': b'writing dependency_links to ../../../../build/fsae_control/fsae_control.egg-info/dependency_links.txt\n'}
[22.158917] (fsae_control) StdoutLine: {'line': b'writing entry points to ../../../../build/fsae_control/fsae_control.egg-info/entry_points.txt\n'}
[22.159448] (fsae_control) StdoutLine: {'line': b'writing requirements to ../../../../build/fsae_control/fsae_control.egg-info/requires.txt\n'}
[22.159626] (fsae_control) StdoutLine: {'line': b'writing top-level names to ../../../../build/fsae_control/fsae_control.egg-info/top_level.txt\n'}
[22.159797] (fsae_control) StdoutLine: {'line': b"writing manifest file '../../../../build/fsae_control/fsae_control.egg-info/SOURCES.txt'\n"}
[22.162085] (fsae_lidar) StdoutLine: {'line': b'writing ../../../../build/fsae_lidar/fsae_lidar.egg-info/PKG-INFO\n'}
[22.162591] (fsae_lidar) StdoutLine: {'line': b'writing dependency_links to ../../../../build/fsae_lidar/fsae_lidar.egg-info/dependency_links.txt\n'}
[22.162947] (fsae_lidar) StdoutLine: {'line': b'writing entry points to ../../../../build/fsae_lidar/fsae_lidar.egg-info/entry_points.txt\n'}
[22.163207] (fsae_lidar) StdoutLine: {'line': b'writing requirements to ../../../../build/fsae_lidar/fsae_lidar.egg-info/requires.txt\n'}
[22.163509] (fsae_lidar) StdoutLine: {'line': b'writing top-level names to ../../../../build/fsae_lidar/fsae_lidar.egg-info/top_level.txt\n'}
[22.163848] (fsae_lidar) StdoutLine: {'line': b"writing manifest file '../../../../build/fsae_lidar/fsae_lidar.egg-info/SOURCES.txt'\n"}
[22.172403] (fsae_planning) StdoutLine: {'line': b'writing ../../../../build/fsae_planning/fsae_planning.egg-info/PKG-INFO\n'}
[22.173187] (fsae_planning) StdoutLine: {'line': b'writing dependency_links to ../../../../build/fsae_planning/fsae_planning.egg-info/dependency_links.txt\n'}
[22.174797] (fsae_planning) StdoutLine: {'line': b'writing entry points to ../../../../build/fsae_planning/fsae_planning.egg-info/entry_points.txt\n'}
[22.175251] (fsae_planning) StdoutLine: {'line': b'writing requirements to ../../../../build/fsae_planning/fsae_planning.egg-info/requires.txt\n'}
[22.175643] (fsae_planning) StdoutLine: {'line': b'writing top-level names to ../../../../build/fsae_planning/fsae_planning.egg-info/top_level.txt\n'}
[22.176175] (fsae_planning) StdoutLine: {'line': b"writing manifest file '../../../../build/fsae_planning/fsae_planning.egg-info/SOURCES.txt'\n"}
[22.185295] (fsae_can_bridge) StdoutLine: {'line': b"reading manifest file '../../../../build/fsae_can_bridge/fsae_can_bridge.egg-info/SOURCES.txt'\n"}
[22.186391] (fsae_can_bridge) StdoutLine: {'line': b"writing manifest file '../../../../build/fsae_can_bridge/fsae_can_bridge.egg-info/SOURCES.txt'\n"}
[22.187675] (fsae_can_bridge) StdoutLine: {'line': b'running build\n'}
[22.187863] (fsae_can_bridge) StdoutLine: {'line': b'running build_py\n'}
[22.187975] (fsae_can_bridge) StdoutLine: {'line': b'creating /home/martin/autonomous_new/build/fsae_can_bridge/build\n'}
[22.188201] (fsae_can_bridge) StdoutLine: {'line': b'creating /home/martin/autonomous_new/build/fsae_can_bridge/build/lib\n'}
[22.189041] (fsae_can_bridge) StdoutLine: {'line': b'creating /home/martin/autonomous_new/build/fsae_can_bridge/build/lib/fsae_can_bridge\n'}
[22.189913] (fsae_can_bridge) StdoutLine: {'line': b'copying fsae_can_bridge/ack_to_can.py -> /home/martin/autonomous_new/build/fsae_can_bridge/build/lib/fsae_can_bridge\n'}
[22.191876] (fsae_can_bridge) StdoutLine: {'line': b'copying fsae_can_bridge/candapter.py -> /home/martin/autonomous_new/build/fsae_can_bridge/build/lib/fsae_can_bridge\n'}
[22.192126] (-) TimerEvent: {}
[22.192773] (fsae_can_bridge) StdoutLine: {'line': b'copying fsae_can_bridge/mock_stimulus.py -> /home/martin/autonomous_new/build/fsae_can_bridge/build/lib/fsae_can_bridge\n'}
[22.193617] (fsae_can_bridge) StdoutLine: {'line': b'copying fsae_can_bridge/joystick_teleop.py -> /home/martin/autonomous_new/build/fsae_can_bridge/build/lib/fsae_can_bridge\n'}
[22.194560] (fsae_can_bridge) StdoutLine: {'line': b'copying fsae_can_bridge/__init__.py -> /home/martin/autonomous_new/build/fsae_can_bridge/build/lib/fsae_can_bridge\n'}
[22.195356] (fsae_can_bridge) StdoutLine: {'line': b'copying fsae_can_bridge/sys_status.py -> /home/martin/autonomous_new/build/fsae_can_bridge/build/lib/fsae_can_bridge\n'}
[22.196470] (fsae_can_bridge) StdoutLine: {'line': b'copying fsae_can_bridge/can_decoder_jnano.py -> /home/martin/autonomous_new/build/fsae_can_bridge/build/lib/fsae_can_bridge\n'}
[22.197431] (fsae_can_bridge) StdoutLine: {'line': b'creating /home/martin/autonomous_new/build/fsae_can_bridge/build/lib/fsae_can_bridge/drivers\n'}
[22.198880] (fsae_can_bridge) StdoutLine: {'line': b'copying fsae_can_bridge/drivers/MCP2515.py -> /home/martin/autonomous_new/build/fsae_can_bridge/build/lib/fsae_can_bridge/drivers\n'}
[22.200245] (fsae_can_bridge) StdoutLine: {'line': b'copying fsae_can_bridge/drivers/__init__.py -> /home/martin/autonomous_new/build/fsae_can_bridge/build/lib/fsae_can_bridge/drivers\n'}
[22.201272] (fsae_can_bridge) StdoutLine: {'line': b'running install\n'}
[22.205482] (fsae_mission_control) StdoutLine: {'line': b"reading manifest file '../../../../build/fsae_mission_control/fsae_mission_control.egg-info/SOURCES.txt'\n"}
[22.210297] (fsae_mission_control) StdoutLine: {'line': b"writing manifest file '../../../../build/fsae_mission_control/fsae_mission_control.egg-info/SOURCES.txt'\n"}
[22.211461] (fsae_mission_control) StdoutLine: {'line': b'running build\n'}
[22.211932] (fsae_mission_control) StdoutLine: {'line': b'running build_py\n'}
[22.212248] (fsae_mission_control) StdoutLine: {'line': b'creating /home/martin/autonomous_new/build/fsae_mission_control/build\n'}
[22.213479] (fsae_mission_control) StdoutLine: {'line': b'creating /home/martin/autonomous_new/build/fsae_mission_control/build/lib\n'}
[22.214253] (fsae_can_bridge) StdoutLine: {'line': b'running install_lib\n'}
[22.214544] (fsae_mission_control) StdoutLine: {'line': b'creating /home/martin/autonomous_new/build/fsae_mission_control/build/lib/fsae_mission_control\n'}
[22.215560] (fsae_mission_control) StdoutLine: {'line': b'copying fsae_mission_control/inspection_mission.py -> /home/martin/autonomous_new/build/fsae_mission_control/build/lib/fsae_mission_control\n'}
[22.216648] (fsae_mission_control) StdoutLine: {'line': b'copying fsae_mission_control/__init__.py -> /home/martin/autonomous_new/build/fsae_mission_control/build/lib/fsae_mission_control\n'}
[22.217127] (fsae_mission_control) StdoutLine: {'line': b'running install\n'}
[22.235611] (fsae_mission_control) StdoutLine: {'line': b'running install_lib\n'}
[22.269422] (fsae_control) StdoutLine: {'line': b"reading manifest file '../../../../build/fsae_control/fsae_control.egg-info/SOURCES.txt'\n"}
[22.273024] (fsae_control) StdoutLine: {'line': b"writing manifest file '../../../../build/fsae_control/fsae_control.egg-info/SOURCES.txt'\n"}
[22.273663] (fsae_control) StdoutLine: {'line': b'running build\n'}
[22.274016] (fsae_control) StdoutLine: {'line': b'running build_py\n'}
[22.274233] (fsae_control) StdoutLine: {'line': b'creating /home/martin/autonomous_new/build/fsae_control/build\n'}
[22.275351] (fsae_control) StdoutLine: {'line': b'creating /home/martin/autonomous_new/build/fsae_control/build/lib\n'}
[22.276227] (fsae_control) StdoutLine: {'line': b'creating /home/martin/autonomous_new/build/fsae_control/build/lib/fsae_control\n'}
[22.277119] (fsae_control) StdoutLine: {'line': b'copying fsae_control/__init__.py -> /home/martin/autonomous_new/build/fsae_control/build/lib/fsae_control\n'}
[22.277461] (fsae_control) StdoutLine: {'line': b'copying fsae_control/stanley_controller.py -> /home/martin/autonomous_new/build/fsae_control/build/lib/fsae_control\n'}
[22.278529] (fsae_control) StdoutLine: {'line': b'running install\n'}
[22.285640] (fsae_can_bridge) StdoutLine: {'line': b'creating /home/martin/autonomous_new/install/fsae_can_bridge/lib/python3.12/site-packages/fsae_can_bridge\n'}
[22.286117] (fsae_lidar) StdoutLine: {'line': b"reading manifest file '../../../../build/fsae_lidar/fsae_lidar.egg-info/SOURCES.txt'\n"}
[22.286950] (fsae_can_bridge) StdoutLine: {'line': b'copying /home/martin/autonomous_new/build/fsae_can_bridge/build/lib/fsae_can_bridge/ack_to_can.py -> /home/martin/autonomous_new/install/fsae_can_bridge/lib/python3.12/site-packages/fsae_can_bridge\n'}
[22.287473] (fsae_can_bridge) StdoutLine: {'line': b'copying /home/martin/autonomous_new/build/fsae_can_bridge/build/lib/fsae_can_bridge/candapter.py -> /home/martin/autonomous_new/install/fsae_can_bridge/lib/python3.12/site-packages/fsae_can_bridge\n'}
[22.287972] (fsae_lidar) StdoutLine: {'line': b"writing manifest file '../../../../build/fsae_lidar/fsae_lidar.egg-info/SOURCES.txt'\n"}
[22.288416] (fsae_lidar) StdoutLine: {'line': b'running build\n'}
[22.288613] (fsae_lidar) StdoutLine: {'line': b'running build_py\n'}
[22.288813] (fsae_lidar) StdoutLine: {'line': b'creating /home/martin/autonomous_new/build/fsae_lidar/build\n'}
[22.288934] (fsae_can_bridge) StdoutLine: {'line': b'copying /home/martin/autonomous_new/build/fsae_can_bridge/build/lib/fsae_can_bridge/mock_stimulus.py -> /home/martin/autonomous_new/install/fsae_can_bridge/lib/python3.12/site-packages/fsae_can_bridge\n'}
[22.289193] (fsae_can_bridge) StdoutLine: {'line': b'copying /home/martin/autonomous_new/build/fsae_can_bridge/build/lib/fsae_can_bridge/joystick_teleop.py -> /home/martin/autonomous_new/install/fsae_can_bridge/lib/python3.12/site-packages/fsae_can_bridge\n'}
[22.289478] (fsae_can_bridge) StdoutLine: {'line': b'creating /home/martin/autonomous_new/install/fsae_can_bridge/lib/python3.12/site-packages/fsae_can_bridge/drivers\n'}
[22.289977] (fsae_lidar) StdoutLine: {'line': b'creating /home/martin/autonomous_new/build/fsae_lidar/build/lib\n'}
[22.290421] (fsae_lidar) StdoutLine: {'line': b'creating /home/martin/autonomous_new/build/fsae_lidar/build/lib/fsae_lidar\n'}
[22.290593] (fsae_can_bridge) StdoutLine: {'line': b'copying /home/martin/autonomous_new/build/fsae_can_bridge/build/lib/fsae_can_bridge/drivers/MCP2515.py -> /home/martin/autonomous_new/install/fsae_can_bridge/lib/python3.12/site-packages/fsae_can_bridge/drivers\n'}
[22.290773] (fsae_can_bridge) StdoutLine: {'line': b'copying /home/martin/autonomous_new/build/fsae_can_bridge/build/lib/fsae_can_bridge/drivers/__init__.py -> /home/martin/autonomous_new/install/fsae_can_bridge/lib/python3.12/site-packages/fsae_can_bridge/drivers\n'}
[22.290953] (fsae_can_bridge) StdoutLine: {'line': b'copying /home/martin/autonomous_new/build/fsae_can_bridge/build/lib/fsae_can_bridge/__init__.py -> /home/martin/autonomous_new/install/fsae_can_bridge/lib/python3.12/site-packages/fsae_can_bridge\n'}
[22.291167] (fsae_can_bridge) StdoutLine: {'line': b'copying /home/martin/autonomous_new/build/fsae_can_bridge/build/lib/fsae_can_bridge/sys_status.py -> /home/martin/autonomous_new/install/fsae_can_bridge/lib/python3.12/site-packages/fsae_can_bridge\n'}
[22.291453] (fsae_can_bridge) StdoutLine: {'line': b'copying /home/martin/autonomous_new/build/fsae_can_bridge/build/lib/fsae_can_bridge/can_decoder_jnano.py -> /home/martin/autonomous_new/install/fsae_can_bridge/lib/python3.12/site-packages/fsae_can_bridge\n'}
[22.291599] (fsae_can_bridge) StdoutLine: {'line': b'byte-compiling /home/martin/autonomous_new/install/fsae_can_bridge/lib/python3.12/site-packages/fsae_can_bridge/ack_to_can.py to ack_to_can.cpython-312.pyc\n'}
[22.291755] (fsae_lidar) StdoutLine: {'line': b'copying fsae_lidar/refinement.py -> /home/martin/autonomous_new/build/fsae_lidar/build/lib/fsae_lidar\n'}
[22.292268] (-) TimerEvent: {}
[22.292738] (fsae_lidar) StdoutLine: {'line': b'copying fsae_lidar/__init__.py -> /home/martin/autonomous_new/build/fsae_lidar/build/lib/fsae_lidar\n'}
[22.293608] (fsae_lidar) StdoutLine: {'line': b'copying fsae_lidar/fusion_node.py -> /home/martin/autonomous_new/build/fsae_lidar/build/lib/fsae_lidar\n'}
[22.296394] (fsae_planning) StdoutLine: {'line': b"reading manifest file '../../../../build/fsae_planning/fsae_planning.egg-info/SOURCES.txt'\n"}
[22.296819] (fsae_control) StdoutLine: {'line': b'running install_lib\n'}
[22.297629] (fsae_lidar) StdoutLine: {'line': b'running install\n'}
[22.300322] (fsae_planning) StdoutLine: {'line': b"writing manifest file '../../../../build/fsae_planning/fsae_planning.egg-info/SOURCES.txt'\n"}
[22.301053] (fsae_planning) StdoutLine: {'line': b'running build\n'}
[22.301415] (fsae_planning) StdoutLine: {'line': b'running build_py\n'}
[22.302057] (fsae_planning) StdoutLine: {'line': b'creating /home/martin/autonomous_new/build/fsae_planning/build\n'}
[22.303708] (fsae_can_bridge) StdoutLine: {'line': b'byte-compiling /home/martin/autonomous_new/install/fsae_can_bridge/lib/python3.12/site-packages/fsae_can_bridge/candapter.py to candapter.cpython-312.pyc\n'}
[22.304172] (fsae_planning) StdoutLine: {'line': b'creating /home/martin/autonomous_new/build/fsae_planning/build/lib\n'}
[22.305274] (fsae_planning) StdoutLine: {'line': b'creating /home/martin/autonomous_new/build/fsae_planning/build/lib/fsae_planning\n'}
[22.306135] (fsae_can_bridge) StdoutLine: {'line': b'byte-compiling /home/martin/autonomous_new/install/fsae_can_bridge/lib/python3.12/site-packages/fsae_can_bridge/mock_stimulus.py to mock_stimulus.cpython-312.pyc\n'}
[22.306689] (fsae_planning) StdoutLine: {'line': b'copying fsae_planning/fasttube_planner.py -> /home/martin/autonomous_new/build/fsae_planning/build/lib/fsae_planning\n'}
[22.308225] (fsae_planning) StdoutLine: {'line': b'copying fsae_planning/fasttube_without_kalman.py -> /home/martin/autonomous_new/build/fsae_planning/build/lib/fsae_planning\n'}
[22.308531] (fsae_can_bridge) StdoutLine: {'line': b'byte-compiling /home/martin/autonomous_new/install/fsae_can_bridge/lib/python3.12/site-packages/fsae_can_bridge/joystick_teleop.py to joystick_teleop.cpython-312.pyc\n'}
[22.309198] (fsae_planning) StdoutLine: {'line': b'copying fsae_planning/__init__.py -> /home/martin/autonomous_new/build/fsae_planning/build/lib/fsae_planning\n'}
[22.309428] (fsae_planning) StdoutLine: {'line': b'copying fsae_planning/centerline_planner.py -> /home/martin/autonomous_new/build/fsae_planning/build/lib/fsae_planning\n'}
[22.310363] (fsae_planning) StdoutLine: {'line': b'running install\n'}
[22.311040] (fsae_mission_control) StdoutLine: {'line': b'creating /home/martin/autonomous_new/install/fsae_mission_control/lib/python3.12/site-packages/fsae_mission_control\n'}
[22.311545] (fsae_lidar) StdoutLine: {'line': b'running install_lib\n'}
[22.312519] (fsae_mission_control) StdoutLine: {'line': b'copying /home/martin/autonomous_new/build/fsae_mission_control/build/lib/fsae_mission_control/inspection_mission.py -> /home/martin/autonomous_new/install/fsae_mission_control/lib/python3.12/site-packages/fsae_mission_control\n'}
[22.313355] (fsae_mission_control) StdoutLine: {'line': b'copying /home/martin/autonomous_new/build/fsae_mission_control/build/lib/fsae_mission_control/__init__.py -> /home/martin/autonomous_new/install/fsae_mission_control/lib/python3.12/site-packages/fsae_mission_control\n'}
[22.313644] (fsae_can_bridge) StdoutLine: {'line': b'byte-compiling /home/martin/autonomous_new/install/fsae_can_bridge/lib/python3.12/site-packages/fsae_can_bridge/drivers/MCP2515.py to MCP2515.cpython-312.pyc\n'}
[22.314990] (fsae_mission_control) StdoutLine: {'line': b'byte-compiling /home/martin/autonomous_new/install/fsae_mission_control/lib/python3.12/site-packages/fsae_mission_control/inspection_mission.py to inspection_mission.cpython-312.pyc\n'}
[22.319262] (fsae_can_bridge) StdoutLine: {'line': b'byte-compiling /home/martin/autonomous_new/install/fsae_can_bridge/lib/python3.12/site-packages/fsae_can_bridge/drivers/__init__.py to __init__.cpython-312.pyc\n'}
[22.320303] (fsae_mission_control) StdoutLine: {'line': b'byte-compiling /home/martin/autonomous_new/install/fsae_mission_control/lib/python3.12/site-packages/fsae_mission_control/__init__.py to __init__.cpython-312.pyc\n'}
[22.321700] (fsae_can_bridge) StdoutLine: {'line': b'byte-compiling /home/martin/autonomous_new/install/fsae_can_bridge/lib/python3.12/site-packages/fsae_can_bridge/__init__.py to __init__.cpython-312.pyc\n'}
[22.322053] (fsae_can_bridge) StdoutLine: {'line': b'byte-compiling /home/martin/autonomous_new/install/fsae_can_bridge/lib/python3.12/site-packages/fsae_can_bridge/sys_status.py to sys_status.cpython-312.pyc\n'}
[22.322261] (fsae_mission_control) StdoutLine: {'line': b'running install_data\n'}
[22.322410] (fsae_mission_control) StdoutLine: {'line': b'creating /home/martin/autonomous_new/install/fsae_mission_control/share/ament_index\n'}
[22.323267] (fsae_can_bridge) StdoutLine: {'line': b'byte-compiling /home/martin/autonomous_new/install/fsae_can_bridge/lib/python3.12/site-packages/fsae_can_bridge/can_decoder_jnano.py to can_decoder_jnano.cpython-312.pyc\n'}
[22.323899] (fsae_mission_control) StdoutLine: {'line': b'creating /home/martin/autonomous_new/install/fsae_mission_control/share/ament_index/resource_index\n'}
[22.326289] (fsae_planning) StdoutLine: {'line': b'running install_lib\n'}
[22.327851] (fsae_mission_control) StdoutLine: {'line': b'creating /home/martin/autonomous_new/install/fsae_mission_control/share/ament_index/resource_index/packages\n'}
[22.328517] (fsae_mission_control) StdoutLine: {'line': b'copying resource/fsae_mission_control -> /home/martin/autonomous_new/install/fsae_mission_control/share/ament_index/resource_index/packages\n'}
[22.328792] (fsae_mission_control) StdoutLine: {'line': b'copying package.xml -> /home/martin/autonomous_new/install/fsae_mission_control/share/fsae_mission_control\n'}
[22.328986] (fsae_mission_control) StdoutLine: {'line': b'creating /home/martin/autonomous_new/install/fsae_mission_control/share/fsae_mission_control/launch\n'}
[22.329227] (fsae_can_bridge) StdoutLine: {'line': b'running install_data\n'}
[22.329401] (fsae_can_bridge) StdoutLine: {'line': b'creating /home/martin/autonomous_new/install/fsae_can_bridge/share/ament_index\n'}
[22.329600] (fsae_can_bridge) StdoutLine: {'line': b'creating /home/martin/autonomous_new/install/fsae_can_bridge/share/ament_index/resource_index\n'}
[22.330122] (fsae_can_bridge) StdoutLine: {'line': b'creating /home/martin/autonomous_new/install/fsae_can_bridge/share/ament_index/resource_index/packages\n'}
[22.330316] (fsae_can_bridge) StdoutLine: {'line': b'copying resource/fsae_can_bridge -> /home/martin/autonomous_new/install/fsae_can_bridge/share/ament_index/resource_index/packages\n'}
[22.330503] (fsae_can_bridge) StdoutLine: {'line': b'copying package.xml -> /home/martin/autonomous_new/install/fsae_can_bridge/share/fsae_can_bridge\n'}
[22.330741] (fsae_mission_control) StdoutLine: {'line': b'copying launch/inspection.launch.py -> /home/martin/autonomous_new/install/fsae_mission_control/share/fsae_mission_control/launch\n'}
[22.330953] (fsae_mission_control) StdoutLine: {'line': b'running install_egg_info\n'}
[22.331086] (fsae_can_bridge) StdoutLine: {'line': b'creating /home/martin/autonomous_new/install/fsae_can_bridge/share/fsae_can_bridge/launch\n'}
[22.331272] (fsae_can_bridge) StdoutLine: {'line': b'running install_egg_info\n'}
[22.341547] (fsae_camera) StdoutLine: {'line': b'-- Detecting CXX compiler ABI info - done\n'}
[22.350763] (fsae_control) StdoutLine: {'line': b'creating /home/martin/autonomous_new/install/fsae_control/lib/python3.12/site-packages/fsae_control\n'}
[22.352153] (fsae_control) StdoutLine: {'line': b'copying /home/martin/autonomous_new/build/fsae_control/build/lib/fsae_control/__init__.py -> /home/martin/autonomous_new/install/fsae_control/lib/python3.12/site-packages/fsae_control\n'}
[22.352625] (fsae_control) StdoutLine: {'line': b'copying /home/martin/autonomous_new/build/fsae_control/build/lib/fsae_control/stanley_controller.py -> /home/martin/autonomous_new/install/fsae_control/lib/python3.12/site-packages/fsae_control\n'}
[22.353746] (fsae_control) StdoutLine: {'line': b'byte-compiling /home/martin/autonomous_new/install/fsae_control/lib/python3.12/site-packages/fsae_control/__init__.py to __init__.cpython-312.pyc\n'}
[22.355961] (fsae_control) StdoutLine: {'line': b'byte-compiling /home/martin/autonomous_new/install/fsae_control/lib/python3.12/site-packages/fsae_control/stanley_controller.py to stanley_controller.cpython-312.pyc\n'}
[22.361737] (fsae_control) StdoutLine: {'line': b'running install_data\n'}
[22.362279] (fsae_control) StdoutLine: {'line': b'creating /home/martin/autonomous_new/install/fsae_control/share/ament_index\n'}
[22.362968] (fsae_camera) StdoutLine: {'line': b'-- Check for working CXX compiler: /usr/bin/c++ - skipped\n'}
[22.363290] (fsae_control) StdoutLine: {'line': b'creating /home/martin/autonomous_new/install/fsae_control/share/ament_index/resource_index\n'}
[22.363687] (fsae_camera) StdoutLine: {'line': b'-- Detecting CXX compile features\n'}
[22.364134] (fsae_control) StdoutLine: {'line': b'creating /home/martin/autonomous_new/install/fsae_control/share/ament_index/resource_index/packages\n'}
[22.364639] (fsae_camera) StdoutLine: {'line': b'-- Detecting CXX compile features - done\n'}
[22.364953] (fsae_control) StdoutLine: {'line': b'copying resource/fsae_control -> /home/martin/autonomous_new/install/fsae_control/share/ament_index/resource_index/packages\n'}
[22.366260] (fsae_control) StdoutLine: {'line': b'copying package.xml -> /home/martin/autonomous_new/install/fsae_control/share/fsae_control\n'}
[22.366742] (fsae_control) StdoutLine: {'line': b'creating /home/martin/autonomous_new/install/fsae_control/share/fsae_control/launch\n'}
[22.366927] (fsae_control) StdoutLine: {'line': b'running install_egg_info\n'}
[22.369724] (fsae_lidar) StdoutLine: {'line': b'creating /home/martin/autonomous_new/install/fsae_lidar/lib/python3.12/site-packages/fsae_lidar\n'}
[22.371350] (fsae_lidar) StdoutLine: {'line': b'copying /home/martin/autonomous_new/build/fsae_lidar/build/lib/fsae_lidar/refinement.py -> /home/martin/autonomous_new/install/fsae_lidar/lib/python3.12/site-packages/fsae_lidar\n'}
[22.372068] (fsae_lidar) StdoutLine: {'line': b'copying /home/martin/autonomous_new/build/fsae_lidar/build/lib/fsae_lidar/__init__.py -> /home/martin/autonomous_new/install/fsae_lidar/lib/python3.12/site-packages/fsae_lidar\n'}
[22.372655] (fsae_lidar) StdoutLine: {'line': b'copying /home/martin/autonomous_new/build/fsae_lidar/build/lib/fsae_lidar/fusion_node.py -> /home/martin/autonomous_new/install/fsae_lidar/lib/python3.12/site-packages/fsae_lidar\n'}
[22.373952] (fsae_lidar) StdoutLine: {'line': b'byte-compiling /home/martin/autonomous_new/install/fsae_lidar/lib/python3.12/site-packages/fsae_lidar/refinement.py to refinement.cpython-312.pyc\n'}
[22.376598] (fsae_planning) StdoutLine: {'line': b'creating /home/martin/autonomous_new/install/fsae_planning/lib/python3.12/site-packages/fsae_planning\n'}
[22.378817] (fsae_planning) StdoutLine: {'line': b'copying /home/martin/autonomous_new/build/fsae_planning/build/lib/fsae_planning/fasttube_planner.py -> /home/martin/autonomous_new/install/fsae_planning/lib/python3.12/site-packages/fsae_planning\n'}
[22.379430] (fsae_planning) StdoutLine: {'line': b'copying /home/martin/autonomous_new/build/fsae_planning/build/lib/fsae_planning/fasttube_without_kalman.py -> /home/martin/autonomous_new/install/fsae_planning/lib/python3.12/site-packages/fsae_planning\n'}
[22.379891] (fsae_planning) StdoutLine: {'line': b'copying /home/martin/autonomous_new/build/fsae_planning/build/lib/fsae_planning/__init__.py -> /home/martin/autonomous_new/install/fsae_planning/lib/python3.12/site-packages/fsae_planning\n'}
[22.380097] (fsae_planning) StdoutLine: {'line': b'copying /home/martin/autonomous_new/build/fsae_planning/build/lib/fsae_planning/centerline_planner.py -> /home/martin/autonomous_new/install/fsae_planning/lib/python3.12/site-packages/fsae_planning\n'}
[22.380813] (fsae_planning) StdoutLine: {'line': b'byte-compiling /home/martin/autonomous_new/install/fsae_planning/lib/python3.12/site-packages/fsae_planning/fasttube_planner.py to fasttube_planner.cpython-312.pyc\n'}
[22.381418] (fsae_lidar) StdoutLine: {'line': b'byte-compiling /home/martin/autonomous_new/install/fsae_lidar/lib/python3.12/site-packages/fsae_lidar/__init__.py to __init__.cpython-312.pyc\n'}
[22.382332] (fsae_lidar) StdoutLine: {'line': b'byte-compiling /home/martin/autonomous_new/install/fsae_lidar/lib/python3.12/site-packages/fsae_lidar/fusion_node.py to fusion_node.cpython-312.pyc\n'}
[22.383666] (fsae_can_bridge) StdoutLine: {'line': b'Copying ../../../../build/fsae_can_bridge/fsae_can_bridge.egg-info to /home/martin/autonomous_new/install/fsae_can_bridge/lib/python3.12/site-packages/fsae_can_bridge-0.1.0-py3.12.egg-info\n'}
[22.384091] (fsae_mission_control) StdoutLine: {'line': b'Copying ../../../../build/fsae_mission_control/fsae_mission_control.egg-info to /home/martin/autonomous_new/install/fsae_mission_control/lib/python3.12/site-packages/fsae_mission_control-0.1.0-py3.12.egg-info\n'}
[22.385045] (fsae_planning) StdoutLine: {'line': b'byte-compiling /home/martin/autonomous_new/install/fsae_planning/lib/python3.12/site-packages/fsae_planning/fasttube_without_kalman.py to fasttube_without_kalman.cpython-312.pyc\n'}
[22.387001] (fsae_mission_control) StdoutLine: {'line': b'running install_scripts\n'}
[22.387653] (fsae_planning) StdoutLine: {'line': b'byte-compiling /home/martin/autonomous_new/install/fsae_planning/lib/python3.12/site-packages/fsae_planning/__init__.py to __init__.cpython-312.pyc\n'}
[22.388026] (fsae_can_bridge) StdoutLine: {'line': b'running install_scripts\n'}
[22.388444] (fsae_planning) StdoutLine: {'line': b'byte-compiling /home/martin/autonomous_new/install/fsae_planning/lib/python3.12/site-packages/fsae_planning/centerline_planner.py to centerline_planner.cpython-312.pyc\n'}
[22.391270] (fsae_planning) StdoutLine: {'line': b'running install_data\n'}
[22.391669] (fsae_planning) StdoutLine: {'line': b'creating /home/martin/autonomous_new/install/fsae_planning/share/ament_index\n'}
[22.392436] (-) TimerEvent: {}
[22.392733] (fsae_visualization) StdoutLine: {'line': b'running egg_info\n'}
[22.393191] (fsae_planning) StdoutLine: {'line': b'creating /home/martin/autonomous_new/install/fsae_planning/share/ament_index/resource_index\n'}
[22.393669] (fsae_lidar) StdoutLine: {'line': b'running install_data\n'}
[22.393943] (fsae_lidar) StdoutLine: {'line': b'creating /home/martin/autonomous_new/install/fsae_lidar/share/ament_index\n'}
[22.394290] (fsae_visualization) StdoutLine: {'line': b'creating ../../../../build/fsae_visualization/fsae_visualization.egg-info\n'}
[22.394484] (fsae_planning) StdoutLine: {'line': b'creating /home/martin/autonomous_new/install/fsae_planning/share/ament_index/resource_index/packages\n'}
[22.394645] (fsae_lidar) StdoutLine: {'line': b'creating /home/martin/autonomous_new/install/fsae_lidar/share/ament_index/resource_index\n'}
[22.394783] (fsae_camera) StdoutLine: {'line': b'-- Found OpenCV: /usr (found suitable version "4.6.0", minimum required is "4") \n'}
[22.395219] (fsae_planning) StdoutLine: {'line': b'copying resource/fsae_planning -> /home/martin/autonomous_new/install/fsae_planning/share/ament_index/resource_index/packages\n'}
[22.395771] (fsae_planning) StdoutLine: {'line': b'copying package.xml -> /home/martin/autonomous_new/install/fsae_planning/share/fsae_planning\n'}
[22.396050] (fsae_lidar) StdoutLine: {'line': b'creating /home/martin/autonomous_new/install/fsae_lidar/share/ament_index/resource_index/packages\n'}
[22.396177] (fsae_lidar) StdoutLine: {'line': b'copying resource/fsae_lidar -> /home/martin/autonomous_new/install/fsae_lidar/share/ament_index/resource_index/packages\n'}
[22.396554] (fsae_planning) StdoutLine: {'line': b'creating /home/martin/autonomous_new/install/fsae_planning/share/fsae_planning/launch\n'}
[22.396843] (fsae_camera) StderrLine: {'line': b'\x1b[33mCMake Warning (dev) at CMakeLists.txt:15 (find_package):\n'}
[22.397228] (fsae_camera) StderrLine: {'line': b'  Policy CMP0146 is not set: The FindCUDA module is removed.  Run "cmake\n'}
[22.397426] (fsae_camera) StderrLine: {'line': b'  --help-policy CMP0146" for policy details.  Use the cmake_policy command to\n'}
[22.397649] (fsae_camera) StderrLine: {'line': b'  set the policy and suppress this warning.\n'}
[22.397805] (fsae_camera) StderrLine: {'line': b'\n'}
[22.397937] (fsae_camera) StderrLine: {'line': b'This warning is for project developers.  Use -Wno-dev to suppress it.\n'}
[22.398176] (fsae_camera) StderrLine: {'line': b'\x1b[0m\n'}
[22.398326] (fsae_lidar) StdoutLine: {'line': b'copying package.xml -> /home/martin/autonomous_new/install/fsae_lidar/share/fsae_lidar\n'}
[22.398456] (fsae_lidar) StdoutLine: {'line': b'creating /home/martin/autonomous_new/install/fsae_lidar/share/fsae_lidar/launch\n'}
[22.398637] (fsae_planning) StdoutLine: {'line': b'copying launch/path_planning.launch.py -> /home/martin/autonomous_new/install/fsae_planning/share/fsae_planning/launch\n'}
[22.398820] (fsae_planning) StdoutLine: {'line': b'running install_egg_info\n'}
[22.398962] (fsae_lidar) StdoutLine: {'line': b'copying launch/fsae_lidar_fusion.launch.py -> /home/martin/autonomous_new/install/fsae_lidar/share/fsae_lidar/launch\n'}
[22.399102] (fsae_lidar) StdoutLine: {'line': b'copying launch/velodyne_vlp16.launch.py -> /home/martin/autonomous_new/install/fsae_lidar/share/fsae_lidar/launch\n'}
[22.399283] (fsae_lidar) StdoutLine: {'line': b'creating /home/martin/autonomous_new/install/fsae_lidar/share/fsae_lidar/params\n'}
[22.399911] (fsae_lidar) StdoutLine: {'line': b'copying params/lidar_fusion.yaml -> /home/martin/autonomous_new/install/fsae_lidar/share/fsae_lidar/params\n'}
[22.400681] (fsae_lidar) StdoutLine: {'line': b'running install_egg_info\n'}
[22.421261] (fsae_control) StdoutLine: {'line': b'Copying ../../../../build/fsae_control/fsae_control.egg-info to /home/martin/autonomous_new/install/fsae_control/lib/python3.12/site-packages/fsae_control-0.1.0-py3.12.egg-info\n'}
[22.424694] (fsae_control) StdoutLine: {'line': b'running install_scripts\n'}
[22.455460] (fsae_visualization) StdoutLine: {'line': b'writing ../../../../build/fsae_visualization/fsae_visualization.egg-info/PKG-INFO\n'}
[22.456196] (fsae_visualization) StdoutLine: {'line': b'writing dependency_links to ../../../../build/fsae_visualization/fsae_visualization.egg-info/dependency_links.txt\n'}
[22.456791] (fsae_visualization) StdoutLine: {'line': b'writing entry points to ../../../../build/fsae_visualization/fsae_visualization.egg-info/entry_points.txt\n'}
[22.457036] (fsae_visualization) StdoutLine: {'line': b'writing requirements to ../../../../build/fsae_visualization/fsae_visualization.egg-info/requires.txt\n'}
[22.457319] (fsae_visualization) StdoutLine: {'line': b'writing top-level names to ../../../../build/fsae_visualization/fsae_visualization.egg-info/top_level.txt\n'}
[22.457634] (fsae_visualization) StdoutLine: {'line': b"writing manifest file '../../../../build/fsae_visualization/fsae_visualization.egg-info/SOURCES.txt'\n"}
[22.470667] (fsae_planning) StdoutLine: {'line': b'Copying ../../../../build/fsae_planning/fsae_planning.egg-info to /home/martin/autonomous_new/install/fsae_planning/lib/python3.12/site-packages/fsae_planning-0.1.0-py3.12.egg-info\n'}
[22.472217] (fsae_lidar) StdoutLine: {'line': b'Copying ../../../../build/fsae_lidar/fsae_lidar.egg-info to /home/martin/autonomous_new/install/fsae_lidar/lib/python3.12/site-packages/fsae_lidar-0.1.0-py3.12.egg-info\n'}
[22.474088] (fsae_planning) StdoutLine: {'line': b'running install_scripts\n'}
[22.475347] (fsae_lidar) StdoutLine: {'line': b'running install_scripts\n'}
[22.492593] (-) TimerEvent: {}
[22.558190] (fsae_visualization) StdoutLine: {'line': b"reading manifest file '../../../../build/fsae_visualization/fsae_visualization.egg-info/SOURCES.txt'\n"}
[22.559465] (fsae_visualization) StdoutLine: {'line': b"writing manifest file '../../../../build/fsae_visualization/fsae_visualization.egg-info/SOURCES.txt'\n"}
[22.559866] (fsae_visualization) StdoutLine: {'line': b'running build\n'}
[22.560092] (fsae_visualization) StdoutLine: {'line': b'running build_py\n'}
[22.560313] (fsae_visualization) StdoutLine: {'line': b'creating /home/martin/autonomous_new/build/fsae_visualization/build\n'}
[22.561268] (fsae_visualization) StdoutLine: {'line': b'creating /home/martin/autonomous_new/build/fsae_visualization/build/lib\n'}
[22.562261] (fsae_visualization) StdoutLine: {'line': b'creating /home/martin/autonomous_new/build/fsae_visualization/build/lib/fsae_visualization\n'}
[22.563097] (fsae_visualization) StdoutLine: {'line': b'copying fsae_visualization/base_tf.py -> /home/martin/autonomous_new/build/fsae_visualization/build/lib/fsae_visualization\n'}
[22.563905] (fsae_visualization) StdoutLine: {'line': b'copying fsae_visualization/visualise_cone_map.py -> /home/martin/autonomous_new/build/fsae_visualization/build/lib/fsae_visualization\n'}
[22.564624] (fsae_visualization) StdoutLine: {'line': b'copying fsae_visualization/__init__.py -> /home/martin/autonomous_new/build/fsae_visualization/build/lib/fsae_visualization\n'}
[22.564917] (fsae_visualization) StdoutLine: {'line': b'copying fsae_visualization/visualise_trajectories.py -> /home/martin/autonomous_new/build/fsae_visualization/build/lib/fsae_visualization\n'}
[22.565812] (fsae_visualization) StdoutLine: {'line': b'copying fsae_visualization/visualise_pure_pursuit.py -> /home/martin/autonomous_new/build/fsae_visualization/build/lib/fsae_visualization\n'}
[22.566681] (fsae_visualization) StdoutLine: {'line': b'running install\n'}
[22.576851] (fsae_visualization) StdoutLine: {'line': b'running install_lib\n'}
[22.592736] (-) TimerEvent: {}
[22.633039] (fsae_visualization) StdoutLine: {'line': b'creating /home/martin/autonomous_new/install/fsae_visualization/lib/python3.12/site-packages/fsae_visualization\n'}
[22.634882] (fsae_visualization) StdoutLine: {'line': b'copying /home/martin/autonomous_new/build/fsae_visualization/build/lib/fsae_visualization/base_tf.py -> /home/martin/autonomous_new/install/fsae_visualization/lib/python3.12/site-packages/fsae_visualization\n'}
[22.635656] (fsae_visualization) StdoutLine: {'line': b'copying /home/martin/autonomous_new/build/fsae_visualization/build/lib/fsae_visualization/visualise_cone_map.py -> /home/martin/autonomous_new/install/fsae_visualization/lib/python3.12/site-packages/fsae_visualization\n'}
[22.636158] (fsae_visualization) StdoutLine: {'line': b'copying /home/martin/autonomous_new/build/fsae_visualization/build/lib/fsae_visualization/__init__.py -> /home/martin/autonomous_new/install/fsae_visualization/lib/python3.12/site-packages/fsae_visualization\n'}
[22.636602] (fsae_visualization) StdoutLine: {'line': b'copying /home/martin/autonomous_new/build/fsae_visualization/build/lib/fsae_visualization/visualise_trajectories.py -> /home/martin/autonomous_new/install/fsae_visualization/lib/python3.12/site-packages/fsae_visualization\n'}
[22.637028] (fsae_visualization) StdoutLine: {'line': b'copying /home/martin/autonomous_new/build/fsae_visualization/build/lib/fsae_visualization/visualise_pure_pursuit.py -> /home/martin/autonomous_new/install/fsae_visualization/lib/python3.12/site-packages/fsae_visualization\n'}
[22.638334] (fsae_visualization) StdoutLine: {'line': b'byte-compiling /home/martin/autonomous_new/install/fsae_visualization/lib/python3.12/site-packages/fsae_visualization/base_tf.py to base_tf.cpython-312.pyc\n'}
[22.643630] (fsae_visualization) StdoutLine: {'line': b'byte-compiling /home/martin/autonomous_new/install/fsae_visualization/lib/python3.12/site-packages/fsae_visualization/visualise_cone_map.py to visualise_cone_map.cpython-312.pyc\n'}
[22.647008] (fsae_visualization) StdoutLine: {'line': b'byte-compiling /home/martin/autonomous_new/install/fsae_visualization/lib/python3.12/site-packages/fsae_visualization/__init__.py to __init__.cpython-312.pyc\n'}
[22.647467] (fsae_visualization) StdoutLine: {'line': b'byte-compiling /home/martin/autonomous_new/install/fsae_visualization/lib/python3.12/site-packages/fsae_visualization/visualise_trajectories.py to visualise_trajectories.cpython-312.pyc\n'}
[22.649864] (fsae_visualization) StdoutLine: {'line': b'byte-compiling /home/martin/autonomous_new/install/fsae_visualization/lib/python3.12/site-packages/fsae_visualization/visualise_pure_pursuit.py to visualise_pure_pursuit.cpython-312.pyc\n'}
[22.652560] (fsae_visualization) StdoutLine: {'line': b'running install_data\n'}
[22.652958] (fsae_visualization) StdoutLine: {'line': b'creating /home/martin/autonomous_new/install/fsae_visualization/share/ament_index\n'}
[22.654336] (fsae_visualization) StdoutLine: {'line': b'creating /home/martin/autonomous_new/install/fsae_visualization/share/ament_index/resource_index\n'}
[22.655325] (fsae_visualization) StdoutLine: {'line': b'creating /home/martin/autonomous_new/install/fsae_visualization/share/ament_index/resource_index/packages\n'}
[22.656203] (fsae_visualization) StdoutLine: {'line': b'copying resource/fsae_visualization -> /home/martin/autonomous_new/install/fsae_visualization/share/ament_index/resource_index/packages\n'}
[22.656719] (fsae_visualization) StdoutLine: {'line': b'copying package.xml -> /home/martin/autonomous_new/install/fsae_visualization/share/fsae_visualization\n'}
[22.657055] (fsae_visualization) StdoutLine: {'line': b'creating /home/martin/autonomous_new/install/fsae_visualization/share/fsae_visualization/launch\n'}
[22.657952] (fsae_visualization) StdoutLine: {'line': b'running install_egg_info\n'}
[22.692895] (-) TimerEvent: {}
[22.705293] (fsae_visualization) StdoutLine: {'line': b'Copying ../../../../build/fsae_visualization/fsae_visualization.egg-info to /home/martin/autonomous_new/install/fsae_visualization/lib/python3.12/site-packages/fsae_visualization-0.1.0-py3.12.egg-info\n'}
[22.708770] (fsae_visualization) StdoutLine: {'line': b'running install_scripts\n'}
[22.716172] (fsae_can_bridge) StdoutLine: {'line': b'Installing ack_to_can_node script to /home/martin/autonomous_new/install/fsae_can_bridge/lib/fsae_can_bridge\n'}
[22.717475] (fsae_can_bridge) StdoutLine: {'line': b'Installing as_status_node script to /home/martin/autonomous_new/install/fsae_can_bridge/lib/fsae_can_bridge\n'}
[22.718013] (fsae_can_bridge) StdoutLine: {'line': b'Installing can_decoder script to /home/martin/autonomous_new/install/fsae_can_bridge/lib/fsae_can_bridge\n'}
[22.718365] (fsae_can_bridge) StdoutLine: {'line': b'Installing candapter_node script to /home/martin/autonomous_new/install/fsae_can_bridge/lib/fsae_can_bridge\n'}
[22.718718] (fsae_can_bridge) StdoutLine: {'line': b'Installing joystick_teleop script to /home/martin/autonomous_new/install/fsae_can_bridge/lib/fsae_can_bridge\n'}
[22.718972] (fsae_can_bridge) StdoutLine: {'line': b'Installing mock_stimulus script to /home/martin/autonomous_new/install/fsae_can_bridge/lib/fsae_can_bridge\n'}
[22.719637] (fsae_can_bridge) StdoutLine: {'line': b"writing list of installed files to '/home/martin/autonomous_new/build/fsae_can_bridge/install.log'\n"}
[22.726561] (fsae_mission_control) StdoutLine: {'line': b'Installing inspection_mission_node script to /home/martin/autonomous_new/install/fsae_mission_control/lib/fsae_mission_control\n'}
[22.728008] (fsae_mission_control) StdoutLine: {'line': b"writing list of installed files to '/home/martin/autonomous_new/build/fsae_mission_control/install.log'\n"}
[22.738873] (fsae_control) StdoutLine: {'line': b'Installing controller script to /home/martin/autonomous_new/install/fsae_control/lib/fsae_control\n'}
[22.740623] (fsae_control) StdoutLine: {'line': b"writing list of installed files to '/home/martin/autonomous_new/build/fsae_control/install.log'\n"}
[22.762612] (fsae_lidar) StdoutLine: {'line': b'Installing fusion_node script to /home/martin/autonomous_new/install/fsae_lidar/lib/fsae_lidar\n'}
[22.764347] (fsae_lidar) StdoutLine: {'line': b"writing list of installed files to '/home/martin/autonomous_new/build/fsae_lidar/install.log'\n"}
[22.766275] (fsae_planning) StdoutLine: {'line': b'Installing centerline_planner script to /home/martin/autonomous_new/install/fsae_planning/lib/fsae_planning\n'}
[22.767826] (fsae_planning) StdoutLine: {'line': b'Installing fasttube script to /home/martin/autonomous_new/install/fsae_planning/lib/fsae_planning\n'}
[22.768348] (fsae_planning) StdoutLine: {'line': b'Installing fasttube_without_kalman script to /home/martin/autonomous_new/install/fsae_planning/lib/fsae_planning\n'}
[22.768728] (fsae_planning) StdoutLine: {'line': b"writing list of installed files to '/home/martin/autonomous_new/build/fsae_planning/install.log'\n"}
[22.776780] (fsae_can_bridge) CommandEnded: {'returncode': 0}
[22.790354] (fsae_can_bridge) JobEnded: {'identifier': 'fsae_can_bridge', 'rc': 0}
[22.793128] (-) TimerEvent: {}
[22.794349] (fsae_mission_control) CommandEnded: {'returncode': 0}
[22.809563] (fsae_mission_control) JobEnded: {'identifier': 'fsae_mission_control', 'rc': 0}
[22.812335] (fsae_control) CommandEnded: {'returncode': 0}
[22.832818] (fsae_control) JobEnded: {'identifier': 'fsae_control', 'rc': 0}
[22.852555] (fsae_lidar) CommandEnded: {'returncode': 0}
[22.868103] (fsae_lidar) JobEnded: {'identifier': 'fsae_lidar', 'rc': 0}
[22.871289] (fsae_planning) CommandEnded: {'returncode': 0}
[22.892134] (fsae_planning) JobEnded: {'identifier': 'fsae_planning', 'rc': 0}
[22.893264] (-) TimerEvent: {}
[22.993651] (-) TimerEvent: {}
[22.995572] (fsae_visualization) StdoutLine: {'line': b'Installing base_tf script to /home/martin/autonomous_new/install/fsae_visualization/lib/fsae_visualization\n'}
[22.997142] (fsae_visualization) StdoutLine: {'line': b'Installing cone_map_viz script to /home/martin/autonomous_new/install/fsae_visualization/lib/fsae_visualization\n'}
[22.997613] (fsae_visualization) StdoutLine: {'line': b'Installing path_viz script to /home/martin/autonomous_new/install/fsae_visualization/lib/fsae_visualization\n'}
[22.998057] (fsae_visualization) StdoutLine: {'line': b'Installing pursuit_viz script to /home/martin/autonomous_new/install/fsae_visualization/lib/fsae_visualization\n'}
[22.998563] (fsae_visualization) StdoutLine: {'line': b"writing list of installed files to '/home/martin/autonomous_new/build/fsae_visualization/install.log'\n"}
[22.999077] (fsae_slam) StdoutLine: {'line': b'-- Detecting C compiler ABI info\n'}
[23.065429] (fsae_visualization) CommandEnded: {'returncode': 0}
[23.075937] (fsae_visualization) JobEnded: {'identifier': 'fsae_visualization', 'rc': 0}
[23.093836] (-) TimerEvent: {}
[23.194319] (-) TimerEvent: {}
[23.294762] (-) TimerEvent: {}
[23.394678] (fsae_camera) StderrLine: {'line': b'\x1b[31mCMake Error at /usr/share/cmake-3.28/Modules/FindCUDA.cmake:883 (message):\n'}
[23.395061] (-) TimerEvent: {}
[23.395257] (fsae_camera) StderrLine: {'line': b'  Specify CUDA_TOOLKIT_ROOT_DIR\n'}
[23.395440] (fsae_camera) StderrLine: {'line': b'Call Stack (most recent call first):\n'}
[23.395588] (fsae_camera) StderrLine: {'line': b'  CMakeLists.txt:15 (find_package)\n'}
[23.395752] (fsae_camera) StderrLine: {'line': b'\n'}
[23.395929] (fsae_camera) StderrLine: {'line': b'\x1b[0m\n'}
[23.396101] (fsae_camera) StdoutLine: {'line': b'-- Configuring incomplete, errors occurred!\n'}
[23.400878] (fsae_camera) CommandEnded: {'returncode': 1}
[23.429112] (fsae_camera) JobEnded: {'identifier': 'fsae_camera', 'rc': 1}
[23.481797] (fsae_slam) StdoutLine: {'line': b'-- Detecting C compiler ABI info - done\n'}
[23.491912] (fsae_slam) StdoutLine: {'line': b'-- Check for working C compiler: /usr/bin/cc - skipped\n'}
[23.492282] (fsae_slam) StdoutLine: {'line': b'-- Detecting C compile features\n'}
[23.492888] (fsae_slam) StdoutLine: {'line': b'-- Detecting C compile features - done\n'}
[23.495172] (-) TimerEvent: {}
[23.595512] (-) TimerEvent: {}
[23.652464] (fsae_slam) StdoutLine: {'line': b'-- Detecting CXX compiler ABI info\n'}
[23.695663] (-) TimerEvent: {}
[23.796148] (-) TimerEvent: {}
[23.896671] (-) TimerEvent: {}
[23.997318] (-) TimerEvent: {}
[24.097792] (-) TimerEvent: {}
[24.135558] (fsae_slam) StdoutLine: {'line': b'-- Detecting CXX compiler ABI info - done\n'}
[24.146354] (fsae_slam) StdoutLine: {'line': b'-- Check for working CXX compiler: /usr/bin/c++ - skipped\n'}
[24.146766] (fsae_slam) StdoutLine: {'line': b'-- Detecting CXX compile features\n'}
[24.147520] (fsae_slam) StdoutLine: {'line': b'-- Detecting CXX compile features - done\n'}
[24.152544] (fsae_slam) StdoutLine: {'line': b'-- Found ament_cmake: 2.5.6 (/opt/ros/jazzy/share/ament_cmake/cmake)\n'}
[24.197979] (-) TimerEvent: {}
[24.298569] (-) TimerEvent: {}
[24.340278] (fsae_slam) StdoutLine: {'line': b'-- Found Python3: /usr/bin/python3 (found version "3.12.3") found components: Interpreter \n'}
[24.398770] (-) TimerEvent: {}
[24.499317] (-) TimerEvent: {}
[24.501127] (fsae_slam) StdoutLine: {'line': b'-- Found rclcpp: 28.1.18 (/opt/ros/jazzy/share/rclcpp/cmake)\n'}
[24.599502] (-) TimerEvent: {}
[24.700011] (-) TimerEvent: {}
[24.791214] (fsae_slam) StdoutLine: {'line': b'-- Found rosidl_generator_c: 4.6.7 (/opt/ros/jazzy/share/rosidl_generator_c/cmake)\n'}
[24.800120] (-) TimerEvent: {}
[24.810600] (fsae_slam) StdoutLine: {'line': b'-- Found rosidl_generator_cpp: 4.6.7 (/opt/ros/jazzy/share/rosidl_generator_cpp/cmake)\n'}
[24.834292] (fsae_slam) StdoutLine: {'line': b'-- Using all available rosidl_typesupport_c: rosidl_typesupport_fastrtps_c;rosidl_typesupport_introspection_c\n'}
[24.861832] (fsae_slam) StdoutLine: {'line': b'-- Using all available rosidl_typesupport_cpp: rosidl_typesupport_fastrtps_cpp;rosidl_typesupport_introspection_cpp\n'}
[24.900288] (-) TimerEvent: {}
[25.000762] (-) TimerEvent: {}
[25.012324] (fsae_slam) StdoutLine: {'line': b'-- Found rmw_implementation_cmake: 7.3.3 (/opt/ros/jazzy/share/rmw_implementation_cmake/cmake)\n'}
[25.019921] (fsae_slam) StdoutLine: {'line': b'-- Found rmw_fastrtps_cpp: 8.4.3 (/opt/ros/jazzy/share/rmw_fastrtps_cpp/cmake)\n'}
[25.100918] (-) TimerEvent: {}
[25.170792] (fsae_slam) StdoutLine: {'line': b'-- Found OpenSSL: /usr/lib/x86_64-linux-gnu/libcrypto.so (found version "3.0.13")  \n'}
[25.201072] (-) TimerEvent: {}
[25.301472] (-) TimerEvent: {}
[25.401953] (-) TimerEvent: {}
[25.465822] (fsae_slam) StdoutLine: {'line': b'-- Found FastRTPS: /opt/ros/jazzy/include (Required is at least version "2.13") \n'}
[25.502153] (-) TimerEvent: {}
[25.602802] (-) TimerEvent: {}
[25.646007] (fsae_slam) StdoutLine: {'line': b"-- Using RMW implementation 'rmw_fastrtps_cpp' as default\n"}
[25.702934] (-) TimerEvent: {}
[25.803367] (-) TimerEvent: {}
[25.903774] (-) TimerEvent: {}
[25.972587] (fsae_slam) StdoutLine: {'line': b'-- Found std_msgs: 5.3.7 (/opt/ros/jazzy/share/std_msgs/cmake)\n'}
[25.990774] (fsae_slam) StdoutLine: {'line': b'-- Found geometry_msgs: 5.3.7 (/opt/ros/jazzy/share/geometry_msgs/cmake)\n'}
[26.003889] (-) TimerEvent: {}
[26.008691] (fsae_slam) StdoutLine: {'line': b'-- Found fsae_interfaces: 0.1.0 (/home/martin/autonomous_new/install/fsae_interfaces/share/fsae_interfaces/cmake)\n'}
[26.104079] (-) TimerEvent: {}
[26.143198] (fsae_slam) StdoutLine: {'line': b'-- Configuring done (6.1s)\n'}
[26.169800] (fsae_slam) StdoutLine: {'line': b'-- Generating done (0.0s)\n'}
[26.177192] (fsae_slam) StdoutLine: {'line': b'-- Build files have been written to: /home/martin/autonomous_new/build/fsae_slam\n'}
[26.191758] (fsae_slam) JobEnded: {'identifier': 'fsae_slam', 'rc': 'SIGINT'}
[26.203145] (fsae_bringup) JobSkipped: {'identifier': 'fsae_bringup'}
[26.203440] (-) EventReactorShutdown: {}
