[0.722s] DEBUG:colcon:Command line arguments: ['/usr/bin/colcon', 'build']
[0.722s] DEBUG:colcon:Parsed command line arguments: Namespace(log_base=None, log_level=None, verb_name='build', build_base='build', install_base='install', merge_install=False, symlink_install=False, test_result_base=None, continue_on_error=False, executor='parallel', parallel_workers=12, event_handlers=None, ignore_user_meta=False, metas=['./colcon.meta'], base_paths=['.'], packages_ignore=None, packages_ignore_regex=None, paths=None, packages_up_to=None, packages_up_to_regex=None, packages_above=None, packages_above_and_dependencies=None, packages_above_depth=None, packages_select_by_dep=None, packages_skip_by_dep=None, packages_skip_up_to=None, packages_select_build_failed=False, packages_skip_build_finished=False, packages_select_test_failures=False, packages_skip_test_passed=False, packages_select=None, packages_skip=None, packages_select_regex=None, packages_skip_regex=None, packages_start=None, packages_end=None, allow_overriding=[], cmake_args=None, cmake_target=None, cmake_target_skip_unavailable=False, cmake_clean_cache=False, cmake_clean_first=False, cmake_force_configure=False, ament_cmake_args=None, catkin_cmake_args=None, catkin_skip_building_tests=False, verb_parser=<colcon_defaults.argument_parser.defaults.DefaultArgumentsDecorator object at 0x7624fae73140>, verb_extension=<colcon_core.verb.build.BuildVerb object at 0x7624faf93b90>, main=<bound method BuildVerb.main of <colcon_core.verb.build.BuildVerb object at 0x7624faf93b90>>)
[0.835s] Level 1:colcon.colcon_core.package_discovery:discover_packages(colcon_meta) check parameters
[0.835s] Level 1:colcon.colcon_core.package_discovery:discover_packages(recursive) check parameters
[0.835s] Level 1:colcon.colcon_core.package_discovery:discover_packages(ignore) check parameters
[0.835s] Level 1:colcon.colcon_core.package_discovery:discover_packages(path) check parameters
[0.835s] Level 1:colcon.colcon_core.package_discovery:discover_packages(colcon_meta) discover
[0.835s] Level 1:colcon.colcon_core.package_discovery:discover_packages(recursive) discover
[0.836s] INFO:colcon.colcon_core.package_discovery:Crawling recursively for packages in '/home/martin/autonomous_new'
[0.836s] Level 1:colcon.colcon_core.package_identification:_identify(.) by extensions ['ignore', 'ignore_ament_install']
[0.836s] Level 1:colcon.colcon_core.package_identification:_identify(.) by extension 'ignore'
[0.836s] Level 1:colcon.colcon_core.package_identification:_identify(.) by extension 'ignore_ament_install'
[0.836s] Level 1:colcon.colcon_core.package_identification:_identify(.) by extensions ['colcon_pkg']
[0.836s] Level 1:colcon.colcon_core.package_identification:_identify(.) by extension 'colcon_pkg'
[0.836s] Level 1:colcon.colcon_core.package_identification:_identify(.) by extensions ['colcon_meta']
[0.837s] Level 1:colcon.colcon_core.package_identification:_identify(.) by extension 'colcon_meta'
[0.837s] Level 1:colcon.colcon_core.package_identification:_identify(.) by extensions ['ros']
[0.837s] Level 1:colcon.colcon_core.package_identification:_identify(.) by extension 'ros'
[0.894s] Level 1:colcon.colcon_core.package_identification:_identify(.) by extensions ['cmake', 'python']
[0.894s] Level 1:colcon.colcon_core.package_identification:_identify(.) by extension 'cmake'
[0.894s] Level 1:colcon.colcon_core.package_identification:_identify(.) by extension 'python'
[0.894s] Level 1:colcon.colcon_core.package_identification:_identify(.) by extensions ['python_setup_py']
[0.894s] Level 1:colcon.colcon_core.package_identification:_identify(.) by extension 'python_setup_py'
[0.895s] Level 1:colcon.colcon_core.package_identification:_identify(build) by extensions ['ignore', 'ignore_ament_install']
[0.895s] Level 1:colcon.colcon_core.package_identification:_identify(build) by extension 'ignore'
[0.895s] Level 1:colcon.colcon_core.package_identification:_identify(build) ignored
[0.895s] Level 1:colcon.colcon_core.package_identification:_identify(install) by extensions ['ignore', 'ignore_ament_install']
[0.895s] Level 1:colcon.colcon_core.package_identification:_identify(install) by extension 'ignore'
[0.895s] Level 1:colcon.colcon_core.package_identification:_identify(install) ignored
[0.896s] Level 1:colcon.colcon_core.package_identification:_identify(log) by extensions ['ignore', 'ignore_ament_install']
[0.896s] Level 1:colcon.colcon_core.package_identification:_identify(log) by extension 'ignore'
[0.896s] Level 1:colcon.colcon_core.package_identification:_identify(log) ignored
[0.897s] Level 1:colcon.colcon_core.package_identification:_identify(src) by extensions ['ignore', 'ignore_ament_install']
[0.897s] Level 1:colcon.colcon_core.package_identification:_identify(src) by extension 'ignore'
[0.897s] Level 1:colcon.colcon_core.package_identification:_identify(src) by extension 'ignore_ament_install'
[0.897s] Level 1:colcon.colcon_core.package_identification:_identify(src) by extensions ['colcon_pkg']
[0.898s] Level 1:colcon.colcon_core.package_identification:_identify(src) by extension 'colcon_pkg'
[0.898s] Level 1:colcon.colcon_core.package_identification:_identify(src) by extensions ['colcon_meta']
[0.898s] Level 1:colcon.colcon_core.package_identification:_identify(src) by extension 'colcon_meta'
[0.898s] Level 1:colcon.colcon_core.package_identification:_identify(src) by extensions ['ros']
[0.898s] Level 1:colcon.colcon_core.package_identification:_identify(src) by extension 'ros'
[0.898s] Level 1:colcon.colcon_core.package_identification:_identify(src) by extensions ['cmake', 'python']
[0.898s] Level 1:colcon.colcon_core.package_identification:_identify(src) by extension 'cmake'
[0.898s] Level 1:colcon.colcon_core.package_identification:_identify(src) by extension 'python'
[0.898s] Level 1:colcon.colcon_core.package_identification:_identify(src) by extensions ['python_setup_py']
[0.898s] Level 1:colcon.colcon_core.package_identification:_identify(src) by extension 'python_setup_py'
[0.899s] Level 1:colcon.colcon_core.package_identification:_identify(src/fsae_autonomous) by extensions ['ignore', 'ignore_ament_install']
[0.899s] Level 1:colcon.colcon_core.package_identification:_identify(src/fsae_autonomous) by extension 'ignore'
[0.899s] Level 1:colcon.colcon_core.package_identification:_identify(src/fsae_autonomous) by extension 'ignore_ament_install'
[0.899s] Level 1:colcon.colcon_core.package_identification:_identify(src/fsae_autonomous) by extensions ['colcon_pkg']
[0.900s] Level 1:colcon.colcon_core.package_identification:_identify(src/fsae_autonomous) by extension 'colcon_pkg'
[0.900s] Level 1:colcon.colcon_core.package_identification:_identify(src/fsae_autonomous) by extensions ['colcon_meta']
[0.900s] Level 1:colcon.colcon_core.package_identification:_identify(src/fsae_autonomous) by extension 'colcon_meta'
[0.900s] Level 1:colcon.colcon_core.package_identification:_identify(src/fsae_autonomous) by extensions ['ros']
[0.900s] Level 1:colcon.colcon_core.package_identification:_identify(src/fsae_autonomous) by extension 'ros'
[0.900s] Level 1:colcon.colcon_core.package_identification:_identify(src/fsae_autonomous) by extensions ['cmake', 'python']
[0.900s] Level 1:colcon.colcon_core.package_identification:_identify(src/fsae_autonomous) by extension 'cmake'
[0.900s] Level 1:colcon.colcon_core.package_identification:_identify(src/fsae_autonomous) by extension 'python'
[0.900s] Level 1:colcon.colcon_core.package_identification:_identify(src/fsae_autonomous) by extensions ['python_setup_py']
[0.900s] Level 1:colcon.colcon_core.package_identification:_identify(src/fsae_autonomous) by extension 'python_setup_py'
[0.901s] Level 1:colcon.colcon_core.package_identification:_identify(src/fsae_autonomous/common) by extensions ['ignore', 'ignore_ament_install']
[0.901s] Level 1:colcon.colcon_core.package_identification:_identify(src/fsae_autonomous/common) by extension 'ignore'
[0.901s] Level 1:colcon.colcon_core.package_identification:_identify(src/fsae_autonomous/common) by extension 'ignore_ament_install'
[0.901s] Level 1:colcon.colcon_core.package_identification:_identify(src/fsae_autonomous/common) by extensions ['colcon_pkg']
[0.901s] Level 1:colcon.colcon_core.package_identification:_identify(src/fsae_autonomous/common) by extension 'colcon_pkg'
[0.901s] Level 1:colcon.colcon_core.package_identification:_identify(src/fsae_autonomous/common) by extensions ['colcon_meta']
[0.901s] Level 1:colcon.colcon_core.package_identification:_identify(src/fsae_autonomous/common) by extension 'colcon_meta'
[0.901s] Level 1:colcon.colcon_core.package_identification:_identify(src/fsae_autonomous/common) by extensions ['ros']
[0.901s] Level 1:colcon.colcon_core.package_identification:_identify(src/fsae_autonomous/common) by extension 'ros'
[0.902s] Level 1:colcon.colcon_core.package_identification:_identify(src/fsae_autonomous/common) by extensions ['cmake', 'python']
[0.902s] Level 1:colcon.colcon_core.package_identification:_identify(src/fsae_autonomous/common) by extension 'cmake'
[0.902s] Level 1:colcon.colcon_core.package_identification:_identify(src/fsae_autonomous/common) by extension 'python'
[0.902s] Level 1:colcon.colcon_core.package_identification:_identify(src/fsae_autonomous/common) by extensions ['python_setup_py']
[0.902s] Level 1:colcon.colcon_core.package_identification:_identify(src/fsae_autonomous/common) by extension 'python_setup_py'
[0.902s] Level 1:colcon.colcon_core.package_identification:_identify(src/fsae_autonomous/common/fsae_bringup) by extensions ['ignore', 'ignore_ament_install']
[0.903s] Level 1:colcon.colcon_core.package_identification:_identify(src/fsae_autonomous/common/fsae_bringup) by extension 'ignore'
[0.903s] Level 1:colcon.colcon_core.package_identification:_identify(src/fsae_autonomous/common/fsae_bringup) by extension 'ignore_ament_install'
[0.903s] Level 1:colcon.colcon_core.package_identification:_identify(src/fsae_autonomous/common/fsae_bringup) by extensions ['colcon_pkg']
[0.903s] Level 1:colcon.colcon_core.package_identification:_identify(src/fsae_autonomous/common/fsae_bringup) by extension 'colcon_pkg'
[0.903s] Level 1:colcon.colcon_core.package_identification:_identify(src/fsae_autonomous/common/fsae_bringup) by extensions ['colcon_meta']
[0.903s] Level 1:colcon.colcon_core.package_identification:_identify(src/fsae_autonomous/common/fsae_bringup) by extension 'colcon_meta'
[0.903s] Level 1:colcon.colcon_core.package_identification:_identify(src/fsae_autonomous/common/fsae_bringup) by extensions ['ros']
[0.903s] Level 1:colcon.colcon_core.package_identification:_identify(src/fsae_autonomous/common/fsae_bringup) by extension 'ros'
[0.911s] DEBUG:colcon.colcon_core.package_identification:Package 'src/fsae_autonomous/common/fsae_bringup' with type 'ros.ament_python' and name 'fsae_bringup'
[0.912s] Level 1:colcon.colcon_core.package_identification:_identify(src/fsae_autonomous/common/fsae_description) by extensions ['ignore', 'ignore_ament_install']
[0.912s] Level 1:colcon.colcon_core.package_identification:_identify(src/fsae_autonomous/common/fsae_description) by extension 'ignore'
[0.912s] Level 1:colcon.colcon_core.package_identification:_identify(src/fsae_autonomous/common/fsae_description) by extension 'ignore_ament_install'
[0.912s] Level 1:colcon.colcon_core.package_identification:_identify(src/fsae_autonomous/common/fsae_description) by extensions ['colcon_pkg']
[0.912s] Level 1:colcon.colcon_core.package_identification:_identify(src/fsae_autonomous/common/fsae_description) by extension 'colcon_pkg'
[0.912s] Level 1:colcon.colcon_core.package_identification:_identify(src/fsae_autonomous/common/fsae_description) by extensions ['colcon_meta']
[0.912s] Level 1:colcon.colcon_core.package_identification:_identify(src/fsae_autonomous/common/fsae_description) by extension 'colcon_meta'
[0.913s] Level 1:colcon.colcon_core.package_identification:_identify(src/fsae_autonomous/common/fsae_description) by extensions ['ros']
[0.913s] Level 1:colcon.colcon_core.package_identification:_identify(src/fsae_autonomous/common/fsae_description) by extension 'ros'
[0.914s] DEBUG:colcon.colcon_core.package_identification:Package 'src/fsae_autonomous/common/fsae_description' with type 'ros.ament_python' and name 'fsae_description'
[0.914s] Level 1:colcon.colcon_core.package_identification:_identify(src/fsae_autonomous/common/fsae_interfaces) by extensions ['ignore', 'ignore_ament_install']
[0.914s] Level 1:colcon.colcon_core.package_identification:_identify(src/fsae_autonomous/common/fsae_interfaces) by extension 'ignore'
[0.914s] Level 1:colcon.colcon_core.package_identification:_identify(src/fsae_autonomous/common/fsae_interfaces) by extension 'ignore_ament_install'
[0.915s] Level 1:colcon.colcon_core.package_identification:_identify(src/fsae_autonomous/common/fsae_interfaces) by extensions ['colcon_pkg']
[0.915s] Level 1:colcon.colcon_core.package_identification:_identify(src/fsae_autonomous/common/fsae_interfaces) by extension 'colcon_pkg'
[0.915s] Level 1:colcon.colcon_core.package_identification:_identify(src/fsae_autonomous/common/fsae_interfaces) by extensions ['colcon_meta']
[0.915s] Level 1:colcon.colcon_core.package_identification:_identify(src/fsae_autonomous/common/fsae_interfaces) by extension 'colcon_meta'
[0.915s] Level 1:colcon.colcon_core.package_identification:_identify(src/fsae_autonomous/common/fsae_interfaces) by extensions ['ros']
[0.915s] Level 1:colcon.colcon_core.package_identification:_identify(src/fsae_autonomous/common/fsae_interfaces) by extension 'ros'
[0.916s] DEBUG:colcon.colcon_core.package_identification:Package 'src/fsae_autonomous/common/fsae_interfaces' with type 'ros.ament_cmake' and name 'fsae_interfaces'
[0.917s] Level 1:colcon.colcon_core.package_identification:_identify(src/fsae_autonomous/control) by extensions ['ignore', 'ignore_ament_install']
[0.917s] Level 1:colcon.colcon_core.package_identification:_identify(src/fsae_autonomous/control) by extension 'ignore'
[0.917s] Level 1:colcon.colcon_core.package_identification:_identify(src/fsae_autonomous/control) by extension 'ignore_ament_install'
[0.917s] Level 1:colcon.colcon_core.package_identification:_identify(src/fsae_autonomous/control) by extensions ['colcon_pkg']
[0.917s] Level 1:colcon.colcon_core.package_identification:_identify(src/fsae_autonomous/control) by extension 'colcon_pkg'
[0.918s] Level 1:colcon.colcon_core.package_identification:_identify(src/fsae_autonomous/control) by extensions ['colcon_meta']
[0.918s] Level 1:colcon.colcon_core.package_identification:_identify(src/fsae_autonomous/control) by extension 'colcon_meta'
[0.918s] Level 1:colcon.colcon_core.package_identification:_identify(src/fsae_autonomous/control) by extensions ['ros']
[0.918s] Level 1:colcon.colcon_core.package_identification:_identify(src/fsae_autonomous/control) by extension 'ros'
[0.918s] Level 1:colcon.colcon_core.package_identification:_identify(src/fsae_autonomous/control) by extensions ['cmake', 'python']
[0.919s] Level 1:colcon.colcon_core.package_identification:_identify(src/fsae_autonomous/control) by extension 'cmake'
[0.919s] Level 1:colcon.colcon_core.package_identification:_identify(src/fsae_autonomous/control) by extension 'python'
[0.919s] Level 1:colcon.colcon_core.package_identification:_identify(src/fsae_autonomous/control) by extensions ['python_setup_py']
[0.919s] Level 1:colcon.colcon_core.package_identification:_identify(src/fsae_autonomous/control) by extension 'python_setup_py'
[0.923s] Level 1:colcon.colcon_core.package_identification:_identify(src/fsae_autonomous/control/fsae_can_bridge) by extensions ['ignore', 'ignore_ament_install']
[0.923s] Level 1:colcon.colcon_core.package_identification:_identify(src/fsae_autonomous/control/fsae_can_bridge) by extension 'ignore'
[0.923s] Level 1:colcon.colcon_core.package_identification:_identify(src/fsae_autonomous/control/fsae_can_bridge) by extension 'ignore_ament_install'
[0.924s] Level 1:colcon.colcon_core.package_identification:_identify(src/fsae_autonomous/control/fsae_can_bridge) by extensions ['colcon_pkg']
[0.924s] Level 1:colcon.colcon_core.package_identification:_identify(src/fsae_autonomous/control/fsae_can_bridge) by extension 'colcon_pkg'
[0.924s] Level 1:colcon.colcon_core.package_identification:_identify(src/fsae_autonomous/control/fsae_can_bridge) by extensions ['colcon_meta']
[0.924s] Level 1:colcon.colcon_core.package_identification:_identify(src/fsae_autonomous/control/fsae_can_bridge) by extension 'colcon_meta'
[0.924s] Level 1:colcon.colcon_core.package_identification:_identify(src/fsae_autonomous/control/fsae_can_bridge) by extensions ['ros']
[0.924s] Level 1:colcon.colcon_core.package_identification:_identify(src/fsae_autonomous/control/fsae_can_bridge) by extension 'ros'
[0.926s] DEBUG:colcon.colcon_core.package_identification:Package 'src/fsae_autonomous/control/fsae_can_bridge' with type 'ros.ament_python' and name 'fsae_can_bridge'
[0.926s] Level 1:colcon.colcon_core.package_identification:_identify(src/fsae_autonomous/control/fsae_control) by extensions ['ignore', 'ignore_ament_install']
[0.927s] Level 1:colcon.colcon_core.package_identification:_identify(src/fsae_autonomous/control/fsae_control) by extension 'ignore'
[0.927s] Level 1:colcon.colcon_core.package_identification:_identify(src/fsae_autonomous/control/fsae_control) by extension 'ignore_ament_install'
[0.927s] Level 1:colcon.colcon_core.package_identification:_identify(src/fsae_autonomous/control/fsae_control) by extensions ['colcon_pkg']
[0.927s] Level 1:colcon.colcon_core.package_identification:_identify(src/fsae_autonomous/control/fsae_control) by extension 'colcon_pkg'
[0.927s] Level 1:colcon.colcon_core.package_identification:_identify(src/fsae_autonomous/control/fsae_control) by extensions ['colcon_meta']
[0.927s] Level 1:colcon.colcon_core.package_identification:_identify(src/fsae_autonomous/control/fsae_control) by extension 'colcon_meta'
[0.927s] Level 1:colcon.colcon_core.package_identification:_identify(src/fsae_autonomous/control/fsae_control) by extensions ['ros']
[0.927s] Level 1:colcon.colcon_core.package_identification:_identify(src/fsae_autonomous/control/fsae_control) by extension 'ros'
[0.928s] DEBUG:colcon.colcon_core.package_identification:Package 'src/fsae_autonomous/control/fsae_control' with type 'ros.ament_python' and name 'fsae_control'
[0.929s] Level 1:colcon.colcon_core.package_identification:_identify(src/fsae_autonomous/docs) by extensions ['ignore', 'ignore_ament_install']
[0.929s] Level 1:colcon.colcon_core.package_identification:_identify(src/fsae_autonomous/docs) by extension 'ignore'
[0.929s] Level 1:colcon.colcon_core.package_identification:_identify(src/fsae_autonomous/docs) by extension 'ignore_ament_install'
[0.930s] Level 1:colcon.colcon_core.package_identification:_identify(src/fsae_autonomous/docs) by extensions ['colcon_pkg']
[0.930s] Level 1:colcon.colcon_core.package_identification:_identify(src/fsae_autonomous/docs) by extension 'colcon_pkg'
[0.930s] Level 1:colcon.colcon_core.package_identification:_identify(src/fsae_autonomous/docs) by extensions ['colcon_meta']
[0.930s] Level 1:colcon.colcon_core.package_identification:_identify(src/fsae_autonomous/docs) by extension 'colcon_meta'
[0.930s] Level 1:colcon.colcon_core.package_identification:_identify(src/fsae_autonomous/docs) by extensions ['ros']
[0.930s] Level 1:colcon.colcon_core.package_identification:_identify(src/fsae_autonomous/docs) by extension 'ros'
[0.930s] Level 1:colcon.colcon_core.package_identification:_identify(src/fsae_autonomous/docs) by extensions ['cmake', 'python']
[0.930s] Level 1:colcon.colcon_core.package_identification:_identify(src/fsae_autonomous/docs) by extension 'cmake'
[0.931s] Level 1:colcon.colcon_core.package_identification:_identify(src/fsae_autonomous/docs) by extension 'python'
[0.931s] Level 1:colcon.colcon_core.package_identification:_identify(src/fsae_autonomous/docs) by extensions ['python_setup_py']
[0.931s] Level 1:colcon.colcon_core.package_identification:_identify(src/fsae_autonomous/docs) by extension 'python_setup_py'
[0.931s] Level 1:colcon.colcon_core.package_identification:_identify(src/fsae_autonomous/perception) by extensions ['ignore', 'ignore_ament_install']
[0.931s] Level 1:colcon.colcon_core.package_identification:_identify(src/fsae_autonomous/perception) by extension 'ignore'
[0.932s] Level 1:colcon.colcon_core.package_identification:_identify(src/fsae_autonomous/perception) by extension 'ignore_ament_install'
[0.932s] Level 1:colcon.colcon_core.package_identification:_identify(src/fsae_autonomous/perception) by extensions ['colcon_pkg']
[0.932s] Level 1:colcon.colcon_core.package_identification:_identify(src/fsae_autonomous/perception) by extension 'colcon_pkg'
[0.932s] Level 1:colcon.colcon_core.package_identification:_identify(src/fsae_autonomous/perception) by extensions ['colcon_meta']
[0.932s] Level 1:colcon.colcon_core.package_identification:_identify(src/fsae_autonomous/perception) by extension 'colcon_meta'
[0.932s] Level 1:colcon.colcon_core.package_identification:_identify(src/fsae_autonomous/perception) by extensions ['ros']
[0.932s] Level 1:colcon.colcon_core.package_identification:_identify(src/fsae_autonomous/perception) by extension 'ros'
[0.932s] Level 1:colcon.colcon_core.package_identification:_identify(src/fsae_autonomous/perception) by extensions ['cmake', 'python']
[0.932s] Level 1:colcon.colcon_core.package_identification:_identify(src/fsae_autonomous/perception) by extension 'cmake'
[0.932s] Level 1:colcon.colcon_core.package_identification:_identify(src/fsae_autonomous/perception) by extension 'python'
[0.932s] Level 1:colcon.colcon_core.package_identification:_identify(src/fsae_autonomous/perception) by extensions ['python_setup_py']
[0.932s] Level 1:colcon.colcon_core.package_identification:_identify(src/fsae_autonomous/perception) by extension 'python_setup_py'
[0.933s] Level 1:colcon.colcon_core.package_identification:_identify(src/fsae_autonomous/perception/fsae_camera) by extensions ['ignore', 'ignore_ament_install']
[0.933s] Level 1:colcon.colcon_core.package_identification:_identify(src/fsae_autonomous/perception/fsae_camera) by extension 'ignore'
[0.933s] Level 1:colcon.colcon_core.package_identification:_identify(src/fsae_autonomous/perception/fsae_camera) by extension 'ignore_ament_install'
[0.933s] Level 1:colcon.colcon_core.package_identification:_identify(src/fsae_autonomous/perception/fsae_camera) by extensions ['colcon_pkg']
[0.933s] Level 1:colcon.colcon_core.package_identification:_identify(src/fsae_autonomous/perception/fsae_camera) by extension 'colcon_pkg'
[0.934s] Level 1:colcon.colcon_core.package_identification:_identify(src/fsae_autonomous/perception/fsae_camera) by extensions ['colcon_meta']
[0.934s] Level 1:colcon.colcon_core.package_identification:_identify(src/fsae_autonomous/perception/fsae_camera) by extension 'colcon_meta'
[0.934s] Level 1:colcon.colcon_core.package_identification:_identify(src/fsae_autonomous/perception/fsae_camera) by extensions ['ros']
[0.934s] Level 1:colcon.colcon_core.package_identification:_identify(src/fsae_autonomous/perception/fsae_camera) by extension 'ros'
[0.935s] DEBUG:colcon.colcon_core.package_identification:Package 'src/fsae_autonomous/perception/fsae_camera' with type 'ros.ament_cmake' and name 'fsae_camera'
[0.936s] Level 1:colcon.colcon_core.package_identification:_identify(src/fsae_autonomous/perception/fsae_lidar) by extensions ['ignore', 'ignore_ament_install']
[0.936s] Level 1:colcon.colcon_core.package_identification:_identify(src/fsae_autonomous/perception/fsae_lidar) by extension 'ignore'
[0.936s] Level 1:colcon.colcon_core.package_identification:_identify(src/fsae_autonomous/perception/fsae_lidar) by extension 'ignore_ament_install'
[0.936s] Level 1:colcon.colcon_core.package_identification:_identify(src/fsae_autonomous/perception/fsae_lidar) by extensions ['colcon_pkg']
[0.936s] Level 1:colcon.colcon_core.package_identification:_identify(src/fsae_autonomous/perception/fsae_lidar) by extension 'colcon_pkg'
[0.936s] Level 1:colcon.colcon_core.package_identification:_identify(src/fsae_autonomous/perception/fsae_lidar) by extensions ['colcon_meta']
[0.936s] Level 1:colcon.colcon_core.package_identification:_identify(src/fsae_autonomous/perception/fsae_lidar) by extension 'colcon_meta'
[0.936s] Level 1:colcon.colcon_core.package_identification:_identify(src/fsae_autonomous/perception/fsae_lidar) by extensions ['ros']
[0.936s] Level 1:colcon.colcon_core.package_identification:_identify(src/fsae_autonomous/perception/fsae_lidar) by extension 'ros'
[0.938s] DEBUG:colcon.colcon_core.package_identification:Package 'src/fsae_autonomous/perception/fsae_lidar' with type 'ros.ament_python' and name 'fsae_lidar'
[0.939s] Level 1:colcon.colcon_core.package_identification:_identify(src/fsae_autonomous/perception/fsae_slam) by extensions ['ignore', 'ignore_ament_install']
[0.939s] Level 1:colcon.colcon_core.package_identification:_identify(src/fsae_autonomous/perception/fsae_slam) by extension 'ignore'
[0.939s] Level 1:colcon.colcon_core.package_identification:_identify(src/fsae_autonomous/perception/fsae_slam) by extension 'ignore_ament_install'
[0.939s] Level 1:colcon.colcon_core.package_identification:_identify(src/fsae_autonomous/perception/fsae_slam) by extensions ['colcon_pkg']
[0.939s] Level 1:colcon.colcon_core.package_identification:_identify(src/fsae_autonomous/perception/fsae_slam) by extension 'colcon_pkg'
[0.939s] Level 1:colcon.colcon_core.package_identification:_identify(src/fsae_autonomous/perception/fsae_slam) by extensions ['colcon_meta']
[0.939s] Level 1:colcon.colcon_core.package_identification:_identify(src/fsae_autonomous/perception/fsae_slam) by extension 'colcon_meta'
[0.939s] Level 1:colcon.colcon_core.package_identification:_identify(src/fsae_autonomous/perception/fsae_slam) by extensions ['ros']
[0.940s] Level 1:colcon.colcon_core.package_identification:_identify(src/fsae_autonomous/perception/fsae_slam) by extension 'ros'
[0.941s] DEBUG:colcon.colcon_core.package_identification:Package 'src/fsae_autonomous/perception/fsae_slam' with type 'ros.ament_cmake' and name 'fsae_slam'
[0.941s] Level 1:colcon.colcon_core.package_identification:_identify(src/fsae_autonomous/planning) by extensions ['ignore', 'ignore_ament_install']
[0.941s] Level 1:colcon.colcon_core.package_identification:_identify(src/fsae_autonomous/planning) by extension 'ignore'
[0.942s] Level 1:colcon.colcon_core.package_identification:_identify(src/fsae_autonomous/planning) by extension 'ignore_ament_install'
[0.942s] Level 1:colcon.colcon_core.package_identification:_identify(src/fsae_autonomous/planning) by extensions ['colcon_pkg']
[0.942s] Level 1:colcon.colcon_core.package_identification:_identify(src/fsae_autonomous/planning) by extension 'colcon_pkg'
[0.942s] Level 1:colcon.colcon_core.package_identification:_identify(src/fsae_autonomous/planning) by extensions ['colcon_meta']
[0.942s] Level 1:colcon.colcon_core.package_identification:_identify(src/fsae_autonomous/planning) by extension 'colcon_meta'
[0.942s] Level 1:colcon.colcon_core.package_identification:_identify(src/fsae_autonomous/planning) by extensions ['ros']
[0.942s] Level 1:colcon.colcon_core.package_identification:_identify(src/fsae_autonomous/planning) by extension 'ros'
[0.942s] Level 1:colcon.colcon_core.package_identification:_identify(src/fsae_autonomous/planning) by extensions ['cmake', 'python']
[0.942s] Level 1:colcon.colcon_core.package_identification:_identify(src/fsae_autonomous/planning) by extension 'cmake'
[0.942s] Level 1:colcon.colcon_core.package_identification:_identify(src/fsae_autonomous/planning) by extension 'python'
[0.942s] Level 1:colcon.colcon_core.package_identification:_identify(src/fsae_autonomous/planning) by extensions ['python_setup_py']
[0.942s] Level 1:colcon.colcon_core.package_identification:_identify(src/fsae_autonomous/planning) by extension 'python_setup_py'
[0.943s] Level 1:colcon.colcon_core.package_identification:_identify(src/fsae_autonomous/planning/fsae_mission_control) by extensions ['ignore', 'ignore_ament_install']
[0.943s] Level 1:colcon.colcon_core.package_identification:_identify(src/fsae_autonomous/planning/fsae_mission_control) by extension 'ignore'
[0.943s] Level 1:colcon.colcon_core.package_identification:_identify(src/fsae_autonomous/planning/fsae_mission_control) by extension 'ignore_ament_install'
[0.943s] Level 1:colcon.colcon_core.package_identification:_identify(src/fsae_autonomous/planning/fsae_mission_control) by extensions ['colcon_pkg']
[0.944s] Level 1:colcon.colcon_core.package_identification:_identify(src/fsae_autonomous/planning/fsae_mission_control) by extension 'colcon_pkg'
[0.944s] Level 1:colcon.colcon_core.package_identification:_identify(src/fsae_autonomous/planning/fsae_mission_control) by extensions ['colcon_meta']
[0.944s] Level 1:colcon.colcon_core.package_identification:_identify(src/fsae_autonomous/planning/fsae_mission_control) by extension 'colcon_meta'
[0.944s] Level 1:colcon.colcon_core.package_identification:_identify(src/fsae_autonomous/planning/fsae_mission_control) by extensions ['ros']
[0.944s] Level 1:colcon.colcon_core.package_identification:_identify(src/fsae_autonomous/planning/fsae_mission_control) by extension 'ros'
[0.945s] DEBUG:colcon.colcon_core.package_identification:Package 'src/fsae_autonomous/planning/fsae_mission_control' with type 'ros.ament_python' and name 'fsae_mission_control'
[0.946s] Level 1:colcon.colcon_core.package_identification:_identify(src/fsae_autonomous/planning/fsae_planning) by extensions ['ignore', 'ignore_ament_install']
[0.946s] Level 1:colcon.colcon_core.package_identification:_identify(src/fsae_autonomous/planning/fsae_planning) by extension 'ignore'
[0.946s] Level 1:colcon.colcon_core.package_identification:_identify(src/fsae_autonomous/planning/fsae_planning) by extension 'ignore_ament_install'
[0.946s] Level 1:colcon.colcon_core.package_identification:_identify(src/fsae_autonomous/planning/fsae_planning) by extensions ['colcon_pkg']
[0.946s] Level 1:colcon.colcon_core.package_identification:_identify(src/fsae_autonomous/planning/fsae_planning) by extension 'colcon_pkg'
[0.946s] Level 1:colcon.colcon_core.package_identification:_identify(src/fsae_autonomous/planning/fsae_planning) by extensions ['colcon_meta']
[0.946s] Level 1:colcon.colcon_core.package_identification:_identify(src/fsae_autonomous/planning/fsae_planning) by extension 'colcon_meta'
[0.947s] Level 1:colcon.colcon_core.package_identification:_identify(src/fsae_autonomous/planning/fsae_planning) by extensions ['ros']
[0.947s] Level 1:colcon.colcon_core.package_identification:_identify(src/fsae_autonomous/planning/fsae_planning) by extension 'ros'
[0.948s] DEBUG:colcon.colcon_core.package_identification:Package 'src/fsae_autonomous/planning/fsae_planning' with type 'ros.ament_python' and name 'fsae_planning'
[0.948s] Level 1:colcon.colcon_core.package_identification:_identify(src/fsae_autonomous/visualization) by extensions ['ignore', 'ignore_ament_install']
[0.949s] Level 1:colcon.colcon_core.package_identification:_identify(src/fsae_autonomous/visualization) by extension 'ignore'
[0.949s] Level 1:colcon.colcon_core.package_identification:_identify(src/fsae_autonomous/visualization) by extension 'ignore_ament_install'
[0.949s] Level 1:colcon.colcon_core.package_identification:_identify(src/fsae_autonomous/visualization) by extensions ['colcon_pkg']
[0.949s] Level 1:colcon.colcon_core.package_identification:_identify(src/fsae_autonomous/visualization) by extension 'colcon_pkg'
[0.949s] Level 1:colcon.colcon_core.package_identification:_identify(src/fsae_autonomous/visualization) by extensions ['colcon_meta']
[0.949s] Level 1:colcon.colcon_core.package_identification:_identify(src/fsae_autonomous/visualization) by extension 'colcon_meta'
[0.949s] Level 1:colcon.colcon_core.package_identification:_identify(src/fsae_autonomous/visualization) by extensions ['ros']
[0.949s] Level 1:colcon.colcon_core.package_identification:_identify(src/fsae_autonomous/visualization) by extension 'ros'
[0.950s] Level 1:colcon.colcon_core.package_identification:_identify(src/fsae_autonomous/visualization) by extensions ['cmake', 'python']
[0.950s] Level 1:colcon.colcon_core.package_identification:_identify(src/fsae_autonomous/visualization) by extension 'cmake'
[0.950s] Level 1:colcon.colcon_core.package_identification:_identify(src/fsae_autonomous/visualization) by extension 'python'
[0.950s] Level 1:colcon.colcon_core.package_identification:_identify(src/fsae_autonomous/visualization) by extensions ['python_setup_py']
[0.950s] Level 1:colcon.colcon_core.package_identification:_identify(src/fsae_autonomous/visualization) by extension 'python_setup_py'
[0.951s] Level 1:colcon.colcon_core.package_identification:_identify(src/fsae_autonomous/visualization/fsae_visualization) by extensions ['ignore', 'ignore_ament_install']
[0.951s] Level 1:colcon.colcon_core.package_identification:_identify(src/fsae_autonomous/visualization/fsae_visualization) by extension 'ignore'
[0.951s] Level 1:colcon.colcon_core.package_identification:_identify(src/fsae_autonomous/visualization/fsae_visualization) by extension 'ignore_ament_install'
[0.951s] Level 1:colcon.colcon_core.package_identification:_identify(src/fsae_autonomous/visualization/fsae_visualization) by extensions ['colcon_pkg']
[0.951s] Level 1:colcon.colcon_core.package_identification:_identify(src/fsae_autonomous/visualization/fsae_visualization) by extension 'colcon_pkg'
[0.951s] Level 1:colcon.colcon_core.package_identification:_identify(src/fsae_autonomous/visualization/fsae_visualization) by extensions ['colcon_meta']
[0.951s] Level 1:colcon.colcon_core.package_identification:_identify(src/fsae_autonomous/visualization/fsae_visualization) by extension 'colcon_meta'
[0.951s] Level 1:colcon.colcon_core.package_identification:_identify(src/fsae_autonomous/visualization/fsae_visualization) by extensions ['ros']
[0.951s] Level 1:colcon.colcon_core.package_identification:_identify(src/fsae_autonomous/visualization/fsae_visualization) by extension 'ros'
[0.953s] DEBUG:colcon.colcon_core.package_identification:Package 'src/fsae_autonomous/visualization/fsae_visualization' with type 'ros.ament_python' and name 'fsae_visualization'
[0.953s] Level 1:colcon.colcon_core.package_discovery:discover_packages(recursive) using defaults
[0.953s] Level 1:colcon.colcon_core.package_discovery:discover_packages(ignore) discover
[0.953s] Level 1:colcon.colcon_core.package_discovery:discover_packages(ignore) using defaults
[0.953s] Level 1:colcon.colcon_core.package_discovery:discover_packages(path) discover
[0.953s] Level 1:colcon.colcon_core.package_discovery:discover_packages(path) using defaults
[1.004s] Level 1:colcon.colcon_core.package_discovery:discover_packages(prefix_path) check parameters
[1.004s] Level 1:colcon.colcon_core.package_discovery:discover_packages(prefix_path) discover
[1.014s] DEBUG:colcon.colcon_installed_package_information.package_discovery:Found 351 installed packages in /opt/ros/jazzy
[1.017s] Level 1:colcon.colcon_core.package_discovery:discover_packages(prefix_path) using defaults
[1.192s] Level 5:colcon.colcon_core.verb:set package 'fsae_description' build argument 'cmake_args' from command line to 'None'
[1.192s] Level 5:colcon.colcon_core.verb:set package 'fsae_description' build argument 'cmake_target' from command line to 'None'
[1.192s] Level 5:colcon.colcon_core.verb:set package 'fsae_description' build argument 'cmake_target_skip_unavailable' from command line to 'False'
[1.192s] Level 5:colcon.colcon_core.verb:set package 'fsae_description' build argument 'cmake_clean_cache' from command line to 'False'
[1.192s] Level 5:colcon.colcon_core.verb:set package 'fsae_description' build argument 'cmake_clean_first' from command line to 'False'
[1.192s] Level 5:colcon.colcon_core.verb:set package 'fsae_description' build argument 'cmake_force_configure' from command line to 'False'
[1.192s] Level 5:colcon.colcon_core.verb:set package 'fsae_description' build argument 'ament_cmake_args' from command line to 'None'
[1.192s] Level 5:colcon.colcon_core.verb:set package 'fsae_description' build argument 'catkin_cmake_args' from command line to 'None'
[1.192s] Level 5:colcon.colcon_core.verb:set package 'fsae_description' build argument 'catkin_skip_building_tests' from command line to 'False'
[1.192s] DEBUG:colcon.colcon_core.verb:Building package 'fsae_description' with the following arguments: {'ament_cmake_args': None, 'build_base': '/home/martin/autonomous_new/build/fsae_description', 'catkin_cmake_args': None, 'catkin_skip_building_tests': False, 'cmake_args': None, 'cmake_clean_cache': False, 'cmake_clean_first': False, 'cmake_force_configure': False, 'cmake_target': None, 'cmake_target_skip_unavailable': False, 'install_base': '/home/martin/autonomous_new/install/fsae_description', 'merge_install': False, 'path': '/home/martin/autonomous_new/src/fsae_autonomous/common/fsae_description', 'symlink_install': False, 'test_result_base': None}
[1.193s] Level 5:colcon.colcon_core.verb:set package 'fsae_interfaces' build argument 'cmake_args' from command line to 'None'
[1.193s] Level 5:colcon.colcon_core.verb:set package 'fsae_interfaces' build argument 'cmake_target' from command line to 'None'
[1.193s] Level 5:colcon.colcon_core.verb:set package 'fsae_interfaces' build argument 'cmake_target_skip_unavailable' from command line to 'False'
[1.193s] Level 5:colcon.colcon_core.verb:set package 'fsae_interfaces' build argument 'cmake_clean_cache' from command line to 'False'
[1.193s] Level 5:colcon.colcon_core.verb:set package 'fsae_interfaces' build argument 'cmake_clean_first' from command line to 'False'
[1.193s] Level 5:colcon.colcon_core.verb:set package 'fsae_interfaces' build argument 'cmake_force_configure' from command line to 'False'
[1.193s] Level 5:colcon.colcon_core.verb:set package 'fsae_interfaces' build argument 'ament_cmake_args' from command line to 'None'
[1.194s] Level 5:colcon.colcon_core.verb:set package 'fsae_interfaces' build argument 'catkin_cmake_args' from command line to 'None'
[1.194s] Level 5:colcon.colcon_core.verb:set package 'fsae_interfaces' build argument 'catkin_skip_building_tests' from command line to 'False'
[1.194s] DEBUG:colcon.colcon_core.verb:Building package 'fsae_interfaces' with the following arguments: {'ament_cmake_args': None, 'build_base': '/home/martin/autonomous_new/build/fsae_interfaces', 'catkin_cmake_args': None, 'catkin_skip_building_tests': False, 'cmake_args': None, 'cmake_clean_cache': False, 'cmake_clean_first': False, 'cmake_force_configure': False, 'cmake_target': None, 'cmake_target_skip_unavailable': False, 'install_base': '/home/martin/autonomous_new/install/fsae_interfaces', 'merge_install': False, 'path': '/home/martin/autonomous_new/src/fsae_autonomous/common/fsae_interfaces', 'symlink_install': False, 'test_result_base': None}
[1.194s] Level 5:colcon.colcon_core.verb:set package 'fsae_camera' build argument 'cmake_args' from command line to 'None'
[1.194s] Level 5:colcon.colcon_core.verb:set package 'fsae_camera' build argument 'cmake_target' from command line to 'None'
[1.194s] Level 5:colcon.colcon_core.verb:set package 'fsae_camera' build argument 'cmake_target_skip_unavailable' from command line to 'False'
[1.195s] Level 5:colcon.colcon_core.verb:set package 'fsae_camera' build argument 'cmake_clean_cache' from command line to 'False'
[1.195s] Level 5:colcon.colcon_core.verb:set package 'fsae_camera' build argument 'cmake_clean_first' from command line to 'False'
[1.195s] Level 5:colcon.colcon_core.verb:set package 'fsae_camera' build argument 'cmake_force_configure' from command line to 'False'
[1.195s] Level 5:colcon.colcon_core.verb:set package 'fsae_camera' build argument 'ament_cmake_args' from command line to 'None'
[1.195s] Level 5:colcon.colcon_core.verb:set package 'fsae_camera' build argument 'catkin_cmake_args' from command line to 'None'
[1.195s] Level 5:colcon.colcon_core.verb:set package 'fsae_camera' build argument 'catkin_skip_building_tests' from command line to 'False'
[1.195s] DEBUG:colcon.colcon_core.verb:Building package 'fsae_camera' with the following arguments: {'ament_cmake_args': None, 'build_base': '/home/martin/autonomous_new/build/fsae_camera', 'catkin_cmake_args': None, 'catkin_skip_building_tests': False, 'cmake_args': None, 'cmake_clean_cache': False, 'cmake_clean_first': False, 'cmake_force_configure': False, 'cmake_target': None, 'cmake_target_skip_unavailable': False, 'install_base': '/home/martin/autonomous_new/install/fsae_camera', 'merge_install': False, 'path': '/home/martin/autonomous_new/src/fsae_autonomous/perception/fsae_camera', 'symlink_install': False, 'test_result_base': None}
[1.195s] Level 5:colcon.colcon_core.verb:set package 'fsae_can_bridge' build argument 'cmake_args' from command line to 'None'
[1.196s] Level 5:colcon.colcon_core.verb:set package 'fsae_can_bridge' build argument 'cmake_target' from command line to 'None'
[1.196s] Level 5:colcon.colcon_core.verb:set package 'fsae_can_bridge' build argument 'cmake_target_skip_unavailable' from command line to 'False'
[1.196s] Level 5:colcon.colcon_core.verb:set package 'fsae_can_bridge' build argument 'cmake_clean_cache' from command line to 'False'
[1.196s] Level 5:colcon.colcon_core.verb:set package 'fsae_can_bridge' build argument 'cmake_clean_first' from command line to 'False'
[1.196s] Level 5:colcon.colcon_core.verb:set package 'fsae_can_bridge' build argument 'cmake_force_configure' from command line to 'False'
[1.196s] Level 5:colcon.colcon_core.verb:set package 'fsae_can_bridge' build argument 'ament_cmake_args' from command line to 'None'
[1.196s] Level 5:colcon.colcon_core.verb:set package 'fsae_can_bridge' build argument 'catkin_cmake_args' from command line to 'None'
[1.196s] Level 5:colcon.colcon_core.verb:set package 'fsae_can_bridge' build argument 'catkin_skip_building_tests' from command line to 'False'
[1.196s] DEBUG:colcon.colcon_core.verb:Building package 'fsae_can_bridge' with the following arguments: {'ament_cmake_args': None, 'build_base': '/home/martin/autonomous_new/build/fsae_can_bridge', 'catkin_cmake_args': None, 'catkin_skip_building_tests': False, 'cmake_args': None, 'cmake_clean_cache': False, 'cmake_clean_first': False, 'cmake_force_configure': False, 'cmake_target': None, 'cmake_target_skip_unavailable': False, 'install_base': '/home/martin/autonomous_new/install/fsae_can_bridge', 'merge_install': False, 'path': '/home/martin/autonomous_new/src/fsae_autonomous/control/fsae_can_bridge', 'symlink_install': False, 'test_result_base': None}
[1.196s] Level 5:colcon.colcon_core.verb:set package 'fsae_control' build argument 'cmake_args' from command line to 'None'
[1.197s] Level 5:colcon.colcon_core.verb:set package 'fsae_control' build argument 'cmake_target' from command line to 'None'
[1.197s] Level 5:colcon.colcon_core.verb:set package 'fsae_control' build argument 'cmake_target_skip_unavailable' from command line to 'False'
[1.197s] Level 5:colcon.colcon_core.verb:set package 'fsae_control' build argument 'cmake_clean_cache' from command line to 'False'
[1.197s] Level 5:colcon.colcon_core.verb:set package 'fsae_control' build argument 'cmake_clean_first' from command line to 'False'
[1.197s] Level 5:colcon.colcon_core.verb:set package 'fsae_control' build argument 'cmake_force_configure' from command line to 'False'
[1.197s] Level 5:colcon.colcon_core.verb:set package 'fsae_control' build argument 'ament_cmake_args' from command line to 'None'
[1.197s] Level 5:colcon.colcon_core.verb:set package 'fsae_control' build argument 'catkin_cmake_args' from command line to 'None'
[1.197s] Level 5:colcon.colcon_core.verb:set package 'fsae_control' build argument 'catkin_skip_building_tests' from command line to 'False'
[1.198s] DEBUG:colcon.colcon_core.verb:Building package 'fsae_control' with the following arguments: {'ament_cmake_args': None, 'build_base': '/home/martin/autonomous_new/build/fsae_control', 'catkin_cmake_args': None, 'catkin_skip_building_tests': False, 'cmake_args': None, 'cmake_clean_cache': False, 'cmake_clean_first': False, 'cmake_force_configure': False, 'cmake_target': None, 'cmake_target_skip_unavailable': False, 'install_base': '/home/martin/autonomous_new/install/fsae_control', 'merge_install': False, 'path': '/home/martin/autonomous_new/src/fsae_autonomous/control/fsae_control', 'symlink_install': False, 'test_result_base': None}
[1.198s] Level 5:colcon.colcon_core.verb:set package 'fsae_lidar' build argument 'cmake_args' from command line to 'None'
[1.198s] Level 5:colcon.colcon_core.verb:set package 'fsae_lidar' build argument 'cmake_target' from command line to 'None'
[1.198s] Level 5:colcon.colcon_core.verb:set package 'fsae_lidar' build argument 'cmake_target_skip_unavailable' from command line to 'False'
[1.198s] Level 5:colcon.colcon_core.verb:set package 'fsae_lidar' build argument 'cmake_clean_cache' from command line to 'False'
[1.198s] Level 5:colcon.colcon_core.verb:set package 'fsae_lidar' build argument 'cmake_clean_first' from command line to 'False'
[1.198s] Level 5:colcon.colcon_core.verb:set package 'fsae_lidar' build argument 'cmake_force_configure' from command line to 'False'
[1.198s] Level 5:colcon.colcon_core.verb:set package 'fsae_lidar' build argument 'ament_cmake_args' from command line to 'None'
[1.199s] Level 5:colcon.colcon_core.verb:set package 'fsae_lidar' build argument 'catkin_cmake_args' from command line to 'None'
[1.199s] Level 5:colcon.colcon_core.verb:set package 'fsae_lidar' build argument 'catkin_skip_building_tests' from command line to 'False'
[1.199s] DEBUG:colcon.colcon_core.verb:Building package 'fsae_lidar' with the following arguments: {'ament_cmake_args': None, 'build_base': '/home/martin/autonomous_new/build/fsae_lidar', 'catkin_cmake_args': None, 'catkin_skip_building_tests': False, 'cmake_args': None, 'cmake_clean_cache': False, 'cmake_clean_first': False, 'cmake_force_configure': False, 'cmake_target': None, 'cmake_target_skip_unavailable': False, 'install_base': '/home/martin/autonomous_new/install/fsae_lidar', 'merge_install': False, 'path': '/home/martin/autonomous_new/src/fsae_autonomous/perception/fsae_lidar', 'symlink_install': False, 'test_result_base': None}
[1.199s] Level 5:colcon.colcon_core.verb:set package 'fsae_mission_control' build argument 'cmake_args' from command line to 'None'
[1.199s] Level 5:colcon.colcon_core.verb:set package 'fsae_mission_control' build argument 'cmake_target' from command line to 'None'
[1.200s] Level 5:colcon.colcon_core.verb:set package 'fsae_mission_control' build argument 'cmake_target_skip_unavailable' from command line to 'False'
[1.200s] Level 5:colcon.colcon_core.verb:set package 'fsae_mission_control' build argument 'cmake_clean_cache' from command line to 'False'
[1.200s] Level 5:colcon.colcon_core.verb:set package 'fsae_mission_control' build argument 'cmake_clean_first' from command line to 'False'
[1.200s] Level 5:colcon.colcon_core.verb:set package 'fsae_mission_control' build argument 'cmake_force_configure' from command line to 'False'
[1.200s] Level 5:colcon.colcon_core.verb:set package 'fsae_mission_control' build argument 'ament_cmake_args' from command line to 'None'
[1.200s] Level 5:colcon.colcon_core.verb:set package 'fsae_mission_control' build argument 'catkin_cmake_args' from command line to 'None'
[1.200s] Level 5:colcon.colcon_core.verb:set package 'fsae_mission_control' build argument 'catkin_skip_building_tests' from command line to 'False'
[1.200s] DEBUG:colcon.colcon_core.verb:Building package 'fsae_mission_control' with the following arguments: {'ament_cmake_args': None, 'build_base': '/home/martin/autonomous_new/build/fsae_mission_control', 'catkin_cmake_args': None, 'catkin_skip_building_tests': False, 'cmake_args': None, 'cmake_clean_cache': False, 'cmake_clean_first': False, 'cmake_force_configure': False, 'cmake_target': None, 'cmake_target_skip_unavailable': False, 'install_base': '/home/martin/autonomous_new/install/fsae_mission_control', 'merge_install': False, 'path': '/home/martin/autonomous_new/src/fsae_autonomous/planning/fsae_mission_control', 'symlink_install': False, 'test_result_base': None}
[1.201s] Level 5:colcon.colcon_core.verb:set package 'fsae_planning' build argument 'cmake_args' from command line to 'None'
[1.201s] Level 5:colcon.colcon_core.verb:set package 'fsae_planning' build argument 'cmake_target' from command line to 'None'
[1.201s] Level 5:colcon.colcon_core.verb:set package 'fsae_planning' build argument 'cmake_target_skip_unavailable' from command line to 'False'
[1.201s] Level 5:colcon.colcon_core.verb:set package 'fsae_planning' build argument 'cmake_clean_cache' from command line to 'False'
[1.201s] Level 5:colcon.colcon_core.verb:set package 'fsae_planning' build argument 'cmake_clean_first' from command line to 'False'
[1.201s] Level 5:colcon.colcon_core.verb:set package 'fsae_planning' build argument 'cmake_force_configure' from command line to 'False'
[1.201s] Level 5:colcon.colcon_core.verb:set package 'fsae_planning' build argument 'ament_cmake_args' from command line to 'None'
[1.202s] Level 5:colcon.colcon_core.verb:set package 'fsae_planning' build argument 'catkin_cmake_args' from command line to 'None'
[1.202s] Level 5:colcon.colcon_core.verb:set package 'fsae_planning' build argument 'catkin_skip_building_tests' from command line to 'False'
[1.202s] DEBUG:colcon.colcon_core.verb:Building package 'fsae_planning' with the following arguments: {'ament_cmake_args': None, 'build_base': '/home/martin/autonomous_new/build/fsae_planning', 'catkin_cmake_args': None, 'catkin_skip_building_tests': False, 'cmake_args': None, 'cmake_clean_cache': False, 'cmake_clean_first': False, 'cmake_force_configure': False, 'cmake_target': None, 'cmake_target_skip_unavailable': False, 'install_base': '/home/martin/autonomous_new/install/fsae_planning', 'merge_install': False, 'path': '/home/martin/autonomous_new/src/fsae_autonomous/planning/fsae_planning', 'symlink_install': False, 'test_result_base': None}
[1.202s] Level 5:colcon.colcon_core.verb:set package 'fsae_slam' build argument 'cmake_args' from command line to 'None'
[1.202s] Level 5:colcon.colcon_core.verb:set package 'fsae_slam' build argument 'cmake_target' from command line to 'None'
[1.203s] Level 5:colcon.colcon_core.verb:set package 'fsae_slam' build argument 'cmake_target_skip_unavailable' from command line to 'False'
[1.203s] Level 5:colcon.colcon_core.verb:set package 'fsae_slam' build argument 'cmake_clean_cache' from command line to 'False'
[1.203s] Level 5:colcon.colcon_core.verb:set package 'fsae_slam' build argument 'cmake_clean_first' from command line to 'False'
[1.203s] Level 5:colcon.colcon_core.verb:set package 'fsae_slam' build argument 'cmake_force_configure' from command line to 'False'
[1.203s] Level 5:colcon.colcon_core.verb:set package 'fsae_slam' build argument 'ament_cmake_args' from command line to 'None'
[1.203s] Level 5:colcon.colcon_core.verb:set package 'fsae_slam' build argument 'catkin_cmake_args' from command line to 'None'
[1.203s] Level 5:colcon.colcon_core.verb:set package 'fsae_slam' build argument 'catkin_skip_building_tests' from command line to 'False'
[1.203s] DEBUG:colcon.colcon_core.verb:Building package 'fsae_slam' with the following arguments: {'ament_cmake_args': None, 'build_base': '/home/martin/autonomous_new/build/fsae_slam', 'catkin_cmake_args': None, 'catkin_skip_building_tests': False, 'cmake_args': None, 'cmake_clean_cache': False, 'cmake_clean_first': False, 'cmake_force_configure': False, 'cmake_target': None, 'cmake_target_skip_unavailable': False, 'install_base': '/home/martin/autonomous_new/install/fsae_slam', 'merge_install': False, 'path': '/home/martin/autonomous_new/src/fsae_autonomous/perception/fsae_slam', 'symlink_install': False, 'test_result_base': None}
[1.203s] Level 5:colcon.colcon_core.verb:set package 'fsae_visualization' build argument 'cmake_args' from command line to 'None'
[1.204s] Level 5:colcon.colcon_core.verb:set package 'fsae_visualization' build argument 'cmake_target' from command line to 'None'
[1.204s] Level 5:colcon.colcon_core.verb:set package 'fsae_visualization' build argument 'cmake_target_skip_unavailable' from command line to 'False'
[1.204s] Level 5:colcon.colcon_core.verb:set package 'fsae_visualization' build argument 'cmake_clean_cache' from command line to 'False'
[1.204s] Level 5:colcon.colcon_core.verb:set package 'fsae_visualization' build argument 'cmake_clean_first' from command line to 'False'
[1.204s] Level 5:colcon.colcon_core.verb:set package 'fsae_visualization' build argument 'cmake_force_configure' from command line to 'False'
[1.204s] Level 5:colcon.colcon_core.verb:set package 'fsae_visualization' build argument 'ament_cmake_args' from command line to 'None'
[1.204s] Level 5:colcon.colcon_core.verb:set package 'fsae_visualization' build argument 'catkin_cmake_args' from command line to 'None'
[1.204s] Level 5:colcon.colcon_core.verb:set package 'fsae_visualization' build argument 'catkin_skip_building_tests' from command line to 'False'
[1.204s] DEBUG:colcon.colcon_core.verb:Building package 'fsae_visualization' with the following arguments: {'ament_cmake_args': None, 'build_base': '/home/martin/autonomous_new/build/fsae_visualization', 'catkin_cmake_args': None, 'catkin_skip_building_tests': False, 'cmake_args': None, 'cmake_clean_cache': False, 'cmake_clean_first': False, 'cmake_force_configure': False, 'cmake_target': None, 'cmake_target_skip_unavailable': False, 'install_base': '/home/martin/autonomous_new/install/fsae_visualization', 'merge_install': False, 'path': '/home/martin/autonomous_new/src/fsae_autonomous/visualization/fsae_visualization', 'symlink_install': False, 'test_result_base': None}
[1.205s] Level 5:colcon.colcon_core.verb:set package 'fsae_bringup' build argument 'cmake_args' from command line to 'None'
[1.205s] Level 5:colcon.colcon_core.verb:set package 'fsae_bringup' build argument 'cmake_target' from command line to 'None'
[1.205s] Level 5:colcon.colcon_core.verb:set package 'fsae_bringup' build argument 'cmake_target_skip_unavailable' from command line to 'False'
[1.205s] Level 5:colcon.colcon_core.verb:set package 'fsae_bringup' build argument 'cmake_clean_cache' from command line to 'False'
[1.205s] Level 5:colcon.colcon_core.verb:set package 'fsae_bringup' build argument 'cmake_clean_first' from command line to 'False'
[1.205s] Level 5:colcon.colcon_core.verb:set package 'fsae_bringup' build argument 'cmake_force_configure' from command line to 'False'
[1.205s] Level 5:colcon.colcon_core.verb:set package 'fsae_bringup' build argument 'ament_cmake_args' from command line to 'None'
[1.205s] Level 5:colcon.colcon_core.verb:set package 'fsae_bringup' build argument 'catkin_cmake_args' from command line to 'None'
[1.205s] Level 5:colcon.colcon_core.verb:set package 'fsae_bringup' build argument 'catkin_skip_building_tests' from command line to 'False'
[1.205s] DEBUG:colcon.colcon_core.verb:Building package 'fsae_bringup' with the following arguments: {'ament_cmake_args': None, 'build_base': '/home/martin/autonomous_new/build/fsae_bringup', 'catkin_cmake_args': None, 'catkin_skip_building_tests': False, 'cmake_args': None, 'cmake_clean_cache': False, 'cmake_clean_first': False, 'cmake_force_configure': False, 'cmake_target': None, 'cmake_target_skip_unavailable': False, 'install_base': '/home/martin/autonomous_new/install/fsae_bringup', 'merge_install': False, 'path': '/home/martin/autonomous_new/src/fsae_autonomous/common/fsae_bringup', 'symlink_install': False, 'test_result_base': None}
[1.205s] INFO:colcon.colcon_core.executor:Executing jobs using 'parallel' executor
[1.207s] DEBUG:colcon.colcon_parallel_executor.executor.parallel:run_until_complete
[1.208s] INFO:colcon.colcon_ros.task.ament_cmake.build:Building ROS package in '/home/martin/autonomous_new/src/fsae_autonomous/common/fsae_interfaces' with build type 'ament_cmake'
[1.208s] INFO:colcon.colcon_cmake.task.cmake.build:Building CMake package in '/home/martin/autonomous_new/src/fsae_autonomous/common/fsae_interfaces'
[1.218s] INFO:colcon.colcon_core.plugin_system:Skipping extension 'colcon_core.shell.bat': Not used on non-Windows systems
[1.218s] INFO:colcon.colcon_core.shell:Skip shell extension 'powershell' for command environment: Not usable outside of PowerShell
[1.218s] DEBUG:colcon.colcon_core.shell:Skip shell extension 'dsv' for command environment
[1.225s] INFO:colcon.colcon_ros.task.ament_python.build:Building ROS package in '/home/martin/autonomous_new/src/fsae_autonomous/common/fsae_description' with build type 'ament_python'
[1.226s] Level 1:colcon.colcon_core.shell:create_environment_hook('fsae_description', 'ament_prefix_path')
[1.226s] INFO:colcon.colcon_core.shell:Creating environment hook '/home/martin/autonomous_new/install/fsae_description/share/fsae_description/hook/ament_prefix_path.ps1'
[1.230s] INFO:colcon.colcon_core.shell:Creating environment descriptor '/home/martin/autonomous_new/install/fsae_description/share/fsae_description/hook/ament_prefix_path.dsv'
[1.231s] INFO:colcon.colcon_core.shell:Creating environment hook '/home/martin/autonomous_new/install/fsae_description/share/fsae_description/hook/ament_prefix_path.sh'
[1.233s] INFO:colcon.colcon_core.shell:Skip shell extension 'powershell' for command environment: Not usable outside of PowerShell
[1.233s] DEBUG:colcon.colcon_core.shell:Skip shell extension 'dsv' for command environment
[1.251s] DEBUG:colcon.colcon_core.event_handler.log_command:Invoking command in '/home/martin/autonomous_new/build/fsae_interfaces': CMAKE_PREFIX_PATH=${CMAKE_PREFIX_PATH}:/opt/ros/jazzy /usr/bin/cmake /home/martin/autonomous_new/src/fsae_autonomous/common/fsae_interfaces -DCMAKE_INSTALL_PREFIX=/home/martin/autonomous_new/install/fsae_interfaces
[1.625s] INFO:colcon.colcon_core.task.python.build:Building Python package in '/home/martin/autonomous_new/src/fsae_autonomous/common/fsae_description'
[1.626s] INFO:colcon.colcon_core.shell:Skip shell extension 'powershell' for command environment: Not usable outside of PowerShell
[1.626s] DEBUG:colcon.colcon_core.shell:Skip shell extension 'dsv' for command environment
[3.012s] DEBUG:colcon.colcon_core.event_handler.log_command:Invoking command in '/home/martin/autonomous_new/src/fsae_autonomous/common/fsae_description': PYTHONPATH=/home/martin/autonomous_new/build/fsae_description/prefix_override:/usr/lib/python3/dist-packages/colcon_core/task/python/colcon_distutils_commands:/home/martin/autonomous_new/install/fsae_description/lib/python3.12/site-packages:${PYTHONPATH} /usr/bin/python3 -W ignore:setup.py install is deprecated -W ignore:easy_install command is deprecated setup.py egg_info --egg-base ../../../../build/fsae_description build --build-base /home/martin/autonomous_new/build/fsae_description/build install --record /home/martin/autonomous_new/build/fsae_description/install.log --single-version-externally-managed install_data
[3.965s] DEBUG:colcon.colcon_core.event_handler.log_command:Invoked command in '/home/martin/autonomous_new/src/fsae_autonomous/common/fsae_description' returned '0': PYTHONPATH=/home/martin/autonomous_new/build/fsae_description/prefix_override:/usr/lib/python3/dist-packages/colcon_core/task/python/colcon_distutils_commands:/home/martin/autonomous_new/install/fsae_description/lib/python3.12/site-packages:${PYTHONPATH} /usr/bin/python3 -W ignore:setup.py install is deprecated -W ignore:easy_install command is deprecated setup.py egg_info --egg-base ../../../../build/fsae_description build --build-base /home/martin/autonomous_new/build/fsae_description/build install --record /home/martin/autonomous_new/build/fsae_description/install.log --single-version-externally-managed install_data
[3.974s] Level 1:colcon.colcon_core.environment:checking '/home/martin/autonomous_new/install/fsae_description' for CMake module files
[3.974s] Level 1:colcon.colcon_core.environment:checking '/home/martin/autonomous_new/install/fsae_description' for CMake config files
[3.975s] Level 1:colcon.colcon_core.environment:checking '/home/martin/autonomous_new/install/fsae_description/lib'
[3.975s] Level 1:colcon.colcon_core.environment:checking '/home/martin/autonomous_new/install/fsae_description/bin'
[3.975s] Level 1:colcon.colcon_core.environment:checking '/home/martin/autonomous_new/install/fsae_description/lib/pkgconfig/fsae_description.pc'
[3.976s] Level 1:colcon.colcon_core.environment:checking '/home/martin/autonomous_new/install/fsae_description/lib/python3.12/site-packages'
[3.976s] Level 1:colcon.colcon_core.shell:create_environment_hook('fsae_description', 'pythonpath')
[3.976s] INFO:colcon.colcon_core.shell:Creating environment hook '/home/martin/autonomous_new/install/fsae_description/share/fsae_description/hook/pythonpath.ps1'
[3.977s] INFO:colcon.colcon_core.shell:Creating environment descriptor '/home/martin/autonomous_new/install/fsae_description/share/fsae_description/hook/pythonpath.dsv'
[3.978s] INFO:colcon.colcon_core.shell:Creating environment hook '/home/martin/autonomous_new/install/fsae_description/share/fsae_description/hook/pythonpath.sh'
[3.978s] Level 1:colcon.colcon_core.environment:checking '/home/martin/autonomous_new/install/fsae_description/bin'
[3.978s] Level 1:colcon.colcon_core.environment:create_environment_scripts_only(fsae_description)
[3.979s] INFO:colcon.colcon_core.shell:Creating package script '/home/martin/autonomous_new/install/fsae_description/share/fsae_description/package.ps1'
[3.980s] INFO:colcon.colcon_core.shell:Creating package descriptor '/home/martin/autonomous_new/install/fsae_description/share/fsae_description/package.dsv'
[3.981s] INFO:colcon.colcon_core.shell:Creating package script '/home/martin/autonomous_new/install/fsae_description/share/fsae_description/package.sh'
[3.982s] INFO:colcon.colcon_core.shell:Creating package script '/home/martin/autonomous_new/install/fsae_description/share/fsae_description/package.bash'
[3.984s] INFO:colcon.colcon_core.shell:Creating package script '/home/martin/autonomous_new/install/fsae_description/share/fsae_description/package.zsh'
[3.985s] Level 1:colcon.colcon_core.environment:create_file_with_runtime_dependencies(/home/martin/autonomous_new/install/fsae_description/share/colcon-core/packages/fsae_description)
[10.928s] DEBUG:colcon.colcon_core.event_handler.log_command:Invoked command in '/home/martin/autonomous_new/build/fsae_interfaces' returned '0': CMAKE_PREFIX_PATH=${CMAKE_PREFIX_PATH}:/opt/ros/jazzy /usr/bin/cmake /home/martin/autonomous_new/src/fsae_autonomous/common/fsae_interfaces -DCMAKE_INSTALL_PREFIX=/home/martin/autonomous_new/install/fsae_interfaces
[10.929s] DEBUG:colcon.colcon_core.event_handler.log_command:Invoking command in '/home/martin/autonomous_new/build/fsae_interfaces': CMAKE_PREFIX_PATH=${CMAKE_PREFIX_PATH}:/opt/ros/jazzy /usr/bin/cmake --build /home/martin/autonomous_new/build/fsae_interfaces -- -j12 -l12
[18.999s] DEBUG:colcon.colcon_core.event_handler.log_command:Invoked command in '/home/martin/autonomous_new/build/fsae_interfaces' returned '0': CMAKE_PREFIX_PATH=${CMAKE_PREFIX_PATH}:/opt/ros/jazzy /usr/bin/cmake --build /home/martin/autonomous_new/build/fsae_interfaces -- -j12 -l12
[19.014s] DEBUG:colcon.colcon_core.event_handler.log_command:Invoking command in '/home/martin/autonomous_new/build/fsae_interfaces': CMAKE_PREFIX_PATH=${CMAKE_PREFIX_PATH}:/opt/ros/jazzy /usr/bin/cmake --install /home/martin/autonomous_new/build/fsae_interfaces
[19.225s] Level 1:colcon.colcon_core.environment:create_environment_scripts_only(fsae_interfaces)
[19.225s] Level 1:colcon.colcon_core.environment:checking '/home/martin/autonomous_new/install/fsae_interfaces' for CMake module files
[19.226s] DEBUG:colcon.colcon_core.event_handler.log_command:Invoked command in '/home/martin/autonomous_new/build/fsae_interfaces' returned '0': CMAKE_PREFIX_PATH=${CMAKE_PREFIX_PATH}:/opt/ros/jazzy /usr/bin/cmake --install /home/martin/autonomous_new/build/fsae_interfaces
[19.227s] Level 1:colcon.colcon_core.environment:checking '/home/martin/autonomous_new/install/fsae_interfaces' for CMake config files
[19.228s] Level 1:colcon.colcon_core.shell:create_environment_hook('fsae_interfaces', 'cmake_prefix_path')
[19.228s] INFO:colcon.colcon_core.shell:Creating environment hook '/home/martin/autonomous_new/install/fsae_interfaces/share/fsae_interfaces/hook/cmake_prefix_path.ps1'
[19.229s] INFO:colcon.colcon_core.shell:Creating environment descriptor '/home/martin/autonomous_new/install/fsae_interfaces/share/fsae_interfaces/hook/cmake_prefix_path.dsv'
[19.230s] INFO:colcon.colcon_core.shell:Creating environment hook '/home/martin/autonomous_new/install/fsae_interfaces/share/fsae_interfaces/hook/cmake_prefix_path.sh'
[19.230s] Level 1:colcon.colcon_core.environment:checking '/home/martin/autonomous_new/install/fsae_interfaces/lib'
[19.230s] Level 1:colcon.colcon_core.shell:create_environment_hook('fsae_interfaces', 'ld_library_path_lib')
[19.231s] INFO:colcon.colcon_core.shell:Creating environment hook '/home/martin/autonomous_new/install/fsae_interfaces/share/fsae_interfaces/hook/ld_library_path_lib.ps1'
[19.231s] INFO:colcon.colcon_core.shell:Creating environment descriptor '/home/martin/autonomous_new/install/fsae_interfaces/share/fsae_interfaces/hook/ld_library_path_lib.dsv'
[19.231s] INFO:colcon.colcon_core.shell:Creating environment hook '/home/martin/autonomous_new/install/fsae_interfaces/share/fsae_interfaces/hook/ld_library_path_lib.sh'
[19.232s] Level 1:colcon.colcon_core.environment:checking '/home/martin/autonomous_new/install/fsae_interfaces/bin'
[19.232s] Level 1:colcon.colcon_core.environment:checking '/home/martin/autonomous_new/install/fsae_interfaces/lib/pkgconfig/fsae_interfaces.pc'
[19.232s] Level 1:colcon.colcon_core.environment:checking '/home/martin/autonomous_new/install/fsae_interfaces/lib/python3.12/site-packages'
[19.232s] Level 1:colcon.colcon_core.shell:create_environment_hook('fsae_interfaces', 'pythonpath')
[19.232s] INFO:colcon.colcon_core.shell:Creating environment hook '/home/martin/autonomous_new/install/fsae_interfaces/share/fsae_interfaces/hook/pythonpath.ps1'
[19.233s] INFO:colcon.colcon_core.shell:Creating environment descriptor '/home/martin/autonomous_new/install/fsae_interfaces/share/fsae_interfaces/hook/pythonpath.dsv'
[19.233s] INFO:colcon.colcon_core.shell:Creating environment hook '/home/martin/autonomous_new/install/fsae_interfaces/share/fsae_interfaces/hook/pythonpath.sh'
[19.234s] Level 1:colcon.colcon_core.environment:checking '/home/martin/autonomous_new/install/fsae_interfaces/bin'
[19.235s] INFO:colcon.colcon_core.shell:Creating package script '/home/martin/autonomous_new/install/fsae_interfaces/share/fsae_interfaces/package.ps1'
[19.235s] INFO:colcon.colcon_core.shell:Creating package descriptor '/home/martin/autonomous_new/install/fsae_interfaces/share/fsae_interfaces/package.dsv'
[19.236s] INFO:colcon.colcon_core.shell:Creating package script '/home/martin/autonomous_new/install/fsae_interfaces/share/fsae_interfaces/package.sh'
[19.236s] INFO:colcon.colcon_core.shell:Creating package script '/home/martin/autonomous_new/install/fsae_interfaces/share/fsae_interfaces/package.bash'
[19.237s] INFO:colcon.colcon_core.shell:Creating package script '/home/martin/autonomous_new/install/fsae_interfaces/share/fsae_interfaces/package.zsh'
[19.237s] Level 1:colcon.colcon_core.environment:create_file_with_runtime_dependencies(/home/martin/autonomous_new/install/fsae_interfaces/share/colcon-core/packages/fsae_interfaces)
[19.240s] Level 1:colcon.colcon_core.environment:create_environment_scripts_only(fsae_interfaces)
[19.240s] Level 1:colcon.colcon_core.environment:checking '/home/martin/autonomous_new/install/fsae_interfaces' for CMake module files
[19.241s] Level 1:colcon.colcon_core.environment:checking '/home/martin/autonomous_new/install/fsae_interfaces' for CMake config files
[19.242s] Level 1:colcon.colcon_core.shell:create_environment_hook('fsae_interfaces', 'cmake_prefix_path')
[19.242s] INFO:colcon.colcon_core.shell:Creating environment hook '/home/martin/autonomous_new/install/fsae_interfaces/share/fsae_interfaces/hook/cmake_prefix_path.ps1'
[19.243s] INFO:colcon.colcon_core.shell:Creating environment descriptor '/home/martin/autonomous_new/install/fsae_interfaces/share/fsae_interfaces/hook/cmake_prefix_path.dsv'
[19.243s] INFO:colcon.colcon_core.shell:Creating environment hook '/home/martin/autonomous_new/install/fsae_interfaces/share/fsae_interfaces/hook/cmake_prefix_path.sh'
[19.244s] Level 1:colcon.colcon_core.environment:checking '/home/martin/autonomous_new/install/fsae_interfaces/lib'
[19.244s] Level 1:colcon.colcon_core.shell:create_environment_hook('fsae_interfaces', 'ld_library_path_lib')
[19.244s] INFO:colcon.colcon_core.shell:Creating environment hook '/home/martin/autonomous_new/install/fsae_interfaces/share/fsae_interfaces/hook/ld_library_path_lib.ps1'
[19.245s] INFO:colcon.colcon_core.shell:Creating environment descriptor '/home/martin/autonomous_new/install/fsae_interfaces/share/fsae_interfaces/hook/ld_library_path_lib.dsv'
[19.245s] INFO:colcon.colcon_core.shell:Creating environment hook '/home/martin/autonomous_new/install/fsae_interfaces/share/fsae_interfaces/hook/ld_library_path_lib.sh'
[19.246s] Level 1:colcon.colcon_core.environment:checking '/home/martin/autonomous_new/install/fsae_interfaces/bin'
[19.246s] Level 1:colcon.colcon_core.environment:checking '/home/martin/autonomous_new/install/fsae_interfaces/lib/pkgconfig/fsae_interfaces.pc'
[19.246s] Level 1:colcon.colcon_core.environment:checking '/home/martin/autonomous_new/install/fsae_interfaces/lib/python3.12/site-packages'
[19.246s] Level 1:colcon.colcon_core.shell:create_environment_hook('fsae_interfaces', 'pythonpath')
[19.246s] INFO:colcon.colcon_core.shell:Creating environment hook '/home/martin/autonomous_new/install/fsae_interfaces/share/fsae_interfaces/hook/pythonpath.ps1'
[19.247s] INFO:colcon.colcon_core.shell:Creating environment descriptor '/home/martin/autonomous_new/install/fsae_interfaces/share/fsae_interfaces/hook/pythonpath.dsv'
[19.247s] INFO:colcon.colcon_core.shell:Creating environment hook '/home/martin/autonomous_new/install/fsae_interfaces/share/fsae_interfaces/hook/pythonpath.sh'
[19.248s] Level 1:colcon.colcon_core.environment:checking '/home/martin/autonomous_new/install/fsae_interfaces/bin'
[19.248s] INFO:colcon.colcon_core.shell:Creating package script '/home/martin/autonomous_new/install/fsae_interfaces/share/fsae_interfaces/package.ps1'
[19.249s] INFO:colcon.colcon_core.shell:Creating package descriptor '/home/martin/autonomous_new/install/fsae_interfaces/share/fsae_interfaces/package.dsv'
[19.250s] INFO:colcon.colcon_core.shell:Creating package script '/home/martin/autonomous_new/install/fsae_interfaces/share/fsae_interfaces/package.sh'
[19.250s] INFO:colcon.colcon_core.shell:Creating package script '/home/martin/autonomous_new/install/fsae_interfaces/share/fsae_interfaces/package.bash'
[19.251s] INFO:colcon.colcon_core.shell:Creating package script '/home/martin/autonomous_new/install/fsae_interfaces/share/fsae_interfaces/package.zsh'
[19.251s] Level 1:colcon.colcon_core.environment:create_file_with_runtime_dependencies(/home/martin/autonomous_new/install/fsae_interfaces/share/colcon-core/packages/fsae_interfaces)
[19.252s] INFO:colcon.colcon_ros.task.ament_cmake.build:Building ROS package in '/home/martin/autonomous_new/src/fsae_autonomous/perception/fsae_camera' with build type 'ament_cmake'
[19.252s] INFO:colcon.colcon_cmake.task.cmake.build:Building CMake package in '/home/martin/autonomous_new/src/fsae_autonomous/perception/fsae_camera'
[19.253s] INFO:colcon.colcon_core.shell:Skip shell extension 'powershell' for command environment: Not usable outside of PowerShell
[19.253s] DEBUG:colcon.colcon_core.shell:Skip shell extension 'dsv' for command environment
[19.258s] INFO:colcon.colcon_ros.task.ament_python.build:Building ROS package in '/home/martin/autonomous_new/src/fsae_autonomous/control/fsae_can_bridge' with build type 'ament_python'
[19.258s] Level 1:colcon.colcon_core.shell:create_environment_hook('fsae_can_bridge', 'ament_prefix_path')
[19.259s] INFO:colcon.colcon_core.shell:Creating environment hook '/home/martin/autonomous_new/install/fsae_can_bridge/share/fsae_can_bridge/hook/ament_prefix_path.ps1'
[19.262s] INFO:colcon.colcon_core.shell:Creating environment descriptor '/home/martin/autonomous_new/install/fsae_can_bridge/share/fsae_can_bridge/hook/ament_prefix_path.dsv'
[19.263s] INFO:colcon.colcon_core.shell:Creating environment hook '/home/martin/autonomous_new/install/fsae_can_bridge/share/fsae_can_bridge/hook/ament_prefix_path.sh'
[19.264s] INFO:colcon.colcon_core.shell:Skip shell extension 'powershell' for command environment: Not usable outside of PowerShell
[19.264s] DEBUG:colcon.colcon_core.shell:Skip shell extension 'dsv' for command environment
[19.269s] INFO:colcon.colcon_ros.task.ament_python.build:Building ROS package in '/home/martin/autonomous_new/src/fsae_autonomous/control/fsae_control' with build type 'ament_python'
[19.269s] Level 1:colcon.colcon_core.shell:create_environment_hook('fsae_control', 'ament_prefix_path')
[19.270s] INFO:colcon.colcon_core.shell:Creating environment hook '/home/martin/autonomous_new/install/fsae_control/share/fsae_control/hook/ament_prefix_path.ps1'
[19.275s] INFO:colcon.colcon_core.shell:Creating environment descriptor '/home/martin/autonomous_new/install/fsae_control/share/fsae_control/hook/ament_prefix_path.dsv'
[19.275s] INFO:colcon.colcon_core.shell:Creating environment hook '/home/martin/autonomous_new/install/fsae_control/share/fsae_control/hook/ament_prefix_path.sh'
[19.276s] INFO:colcon.colcon_core.shell:Skip shell extension 'powershell' for command environment: Not usable outside of PowerShell
[19.277s] DEBUG:colcon.colcon_core.shell:Skip shell extension 'dsv' for command environment
[19.284s] INFO:colcon.colcon_ros.task.ament_python.build:Building ROS package in '/home/martin/autonomous_new/src/fsae_autonomous/perception/fsae_lidar' with build type 'ament_python'
[19.285s] Level 1:colcon.colcon_core.shell:create_environment_hook('fsae_lidar', 'ament_prefix_path')
[19.285s] INFO:colcon.colcon_core.shell:Creating environment hook '/home/martin/autonomous_new/install/fsae_lidar/share/fsae_lidar/hook/ament_prefix_path.ps1'
[19.290s] INFO:colcon.colcon_core.shell:Creating environment descriptor '/home/martin/autonomous_new/install/fsae_lidar/share/fsae_lidar/hook/ament_prefix_path.dsv'
[19.291s] INFO:colcon.colcon_core.shell:Creating environment hook '/home/martin/autonomous_new/install/fsae_lidar/share/fsae_lidar/hook/ament_prefix_path.sh'
[19.292s] INFO:colcon.colcon_core.shell:Skip shell extension 'powershell' for command environment: Not usable outside of PowerShell
[19.292s] DEBUG:colcon.colcon_core.shell:Skip shell extension 'dsv' for command environment
[19.300s] INFO:colcon.colcon_ros.task.ament_python.build:Building ROS package in '/home/martin/autonomous_new/src/fsae_autonomous/planning/fsae_mission_control' with build type 'ament_python'
[19.300s] Level 1:colcon.colcon_core.shell:create_environment_hook('fsae_mission_control', 'ament_prefix_path')
[19.301s] INFO:colcon.colcon_core.shell:Creating environment hook '/home/martin/autonomous_new/install/fsae_mission_control/share/fsae_mission_control/hook/ament_prefix_path.ps1'
[19.305s] INFO:colcon.colcon_core.shell:Creating environment descriptor '/home/martin/autonomous_new/install/fsae_mission_control/share/fsae_mission_control/hook/ament_prefix_path.dsv'
[19.306s] INFO:colcon.colcon_core.shell:Creating environment hook '/home/martin/autonomous_new/install/fsae_mission_control/share/fsae_mission_control/hook/ament_prefix_path.sh'
[19.307s] INFO:colcon.colcon_core.shell:Skip shell extension 'powershell' for command environment: Not usable outside of PowerShell
[19.307s] DEBUG:colcon.colcon_core.shell:Skip shell extension 'dsv' for command environment
[19.314s] INFO:colcon.colcon_ros.task.ament_python.build:Building ROS package in '/home/martin/autonomous_new/src/fsae_autonomous/planning/fsae_planning' with build type 'ament_python'
[19.315s] Level 1:colcon.colcon_core.shell:create_environment_hook('fsae_planning', 'ament_prefix_path')
[19.316s] INFO:colcon.colcon_core.shell:Creating environment hook '/home/martin/autonomous_new/install/fsae_planning/share/fsae_planning/hook/ament_prefix_path.ps1'
[19.326s] INFO:colcon.colcon_core.shell:Creating environment descriptor '/home/martin/autonomous_new/install/fsae_planning/share/fsae_planning/hook/ament_prefix_path.dsv'
[19.327s] INFO:colcon.colcon_core.shell:Creating environment hook '/home/martin/autonomous_new/install/fsae_planning/share/fsae_planning/hook/ament_prefix_path.sh'
[19.328s] INFO:colcon.colcon_core.shell:Skip shell extension 'powershell' for command environment: Not usable outside of PowerShell
[19.328s] DEBUG:colcon.colcon_core.shell:Skip shell extension 'dsv' for command environment
[19.335s] INFO:colcon.colcon_ros.task.ament_cmake.build:Building ROS package in '/home/martin/autonomous_new/src/fsae_autonomous/perception/fsae_slam' with build type 'ament_cmake'
[19.335s] INFO:colcon.colcon_cmake.task.cmake.build:Building CMake package in '/home/martin/autonomous_new/src/fsae_autonomous/perception/fsae_slam'
[19.336s] INFO:colcon.colcon_core.shell:Skip shell extension 'powershell' for command environment: Not usable outside of PowerShell
[19.336s] DEBUG:colcon.colcon_core.shell:Skip shell extension 'dsv' for command environment
[19.342s] INFO:colcon.colcon_ros.task.ament_python.build:Building ROS package in '/home/martin/autonomous_new/src/fsae_autonomous/visualization/fsae_visualization' with build type 'ament_python'
[19.343s] Level 1:colcon.colcon_core.shell:create_environment_hook('fsae_visualization', 'ament_prefix_path')
[19.343s] INFO:colcon.colcon_core.shell:Creating environment hook '/home/martin/autonomous_new/install/fsae_visualization/share/fsae_visualization/hook/ament_prefix_path.ps1'
[19.349s] INFO:colcon.colcon_core.shell:Creating environment descriptor '/home/martin/autonomous_new/install/fsae_visualization/share/fsae_visualization/hook/ament_prefix_path.dsv'
[19.350s] INFO:colcon.colcon_core.shell:Creating environment hook '/home/martin/autonomous_new/install/fsae_visualization/share/fsae_visualization/hook/ament_prefix_path.sh'
[19.352s] INFO:colcon.colcon_core.shell:Skip shell extension 'powershell' for command environment: Not usable outside of PowerShell
[19.352s] DEBUG:colcon.colcon_core.shell:Skip shell extension 'dsv' for command environment
[19.602s] DEBUG:colcon.colcon_core.event_handler.log_command:Invoking command in '/home/martin/autonomous_new/build/fsae_camera': AMENT_PREFIX_PATH=/home/martin/autonomous_new/install/fsae_interfaces:${AMENT_PREFIX_PATH} CMAKE_PREFIX_PATH=/home/martin/autonomous_new/install/fsae_interfaces:/opt/ros/jazzy/opt/sdformat_vendor:/opt/ros/jazzy/opt/gz_math_vendor:/opt/ros/jazzy/opt/gz_utils_vendor:/opt/ros/jazzy/opt/gz_tools_vendor:/opt/ros/jazzy/opt/gz_cmake_vendor:/opt/ros/jazzy LD_LIBRARY_PATH=/home/martin/autonomous_new/install/fsae_interfaces/lib:${LD_LIBRARY_PATH} PYTHONPATH=/home/martin/autonomous_new/install/fsae_interfaces/lib/python3.12/site-packages:${PYTHONPATH} /usr/bin/cmake /home/martin/autonomous_new/src/fsae_autonomous/perception/fsae_camera -DCMAKE_INSTALL_PREFIX=/home/martin/autonomous_new/install/fsae_camera
[19.926s] INFO:colcon.colcon_core.task.python.build:Building Python package in '/home/martin/autonomous_new/src/fsae_autonomous/control/fsae_can_bridge'
[19.927s] INFO:colcon.colcon_core.shell:Skip shell extension 'powershell' for command environment: Not usable outside of PowerShell
[19.927s] DEBUG:colcon.colcon_core.shell:Skip shell extension 'dsv' for command environment
[20.249s] INFO:colcon.colcon_core.task.python.build:Building Python package in '/home/martin/autonomous_new/src/fsae_autonomous/perception/fsae_lidar'
[20.249s] INFO:colcon.colcon_core.shell:Skip shell extension 'powershell' for command environment: Not usable outside of PowerShell
[20.250s] DEBUG:colcon.colcon_core.shell:Skip shell extension 'dsv' for command environment
[20.559s] INFO:colcon.colcon_core.task.python.build:Building Python package in '/home/martin/autonomous_new/src/fsae_autonomous/control/fsae_control'
[20.559s] INFO:colcon.colcon_core.shell:Skip shell extension 'powershell' for command environment: Not usable outside of PowerShell
[20.559s] DEBUG:colcon.colcon_core.shell:Skip shell extension 'dsv' for command environment
[20.887s] INFO:colcon.colcon_core.task.python.build:Building Python package in '/home/martin/autonomous_new/src/fsae_autonomous/planning/fsae_mission_control'
[20.888s] INFO:colcon.colcon_core.shell:Skip shell extension 'powershell' for command environment: Not usable outside of PowerShell
[20.888s] DEBUG:colcon.colcon_core.shell:Skip shell extension 'dsv' for command environment
[21.215s] INFO:colcon.colcon_core.task.python.build:Building Python package in '/home/martin/autonomous_new/src/fsae_autonomous/planning/fsae_planning'
[21.216s] INFO:colcon.colcon_core.shell:Skip shell extension 'powershell' for command environment: Not usable outside of PowerShell
[21.216s] DEBUG:colcon.colcon_core.shell:Skip shell extension 'dsv' for command environment
[21.229s] DEBUG:colcon.colcon_core.event_handler.log_command:Invoking command in '/home/martin/autonomous_new/build/fsae_slam': AMENT_PREFIX_PATH=/home/martin/autonomous_new/install/fsae_interfaces:${AMENT_PREFIX_PATH} CMAKE_PREFIX_PATH=/home/martin/autonomous_new/install/fsae_interfaces:/opt/ros/jazzy/opt/sdformat_vendor:/opt/ros/jazzy/opt/gz_math_vendor:/opt/ros/jazzy/opt/gz_utils_vendor:/opt/ros/jazzy/opt/gz_tools_vendor:/opt/ros/jazzy/opt/gz_cmake_vendor:/opt/ros/jazzy LD_LIBRARY_PATH=/home/martin/autonomous_new/install/fsae_interfaces/lib:${LD_LIBRARY_PATH} PYTHONPATH=/home/martin/autonomous_new/install/fsae_interfaces/lib/python3.12/site-packages:${PYTHONPATH} /usr/bin/cmake /home/martin/autonomous_new/src/fsae_autonomous/perception/fsae_slam -DCMAKE_INSTALL_PREFIX=/home/martin/autonomous_new/install/fsae_slam
[21.610s] INFO:colcon.colcon_core.task.python.build:Building Python package in '/home/martin/autonomous_new/src/fsae_autonomous/visualization/fsae_visualization'
[21.611s] INFO:colcon.colcon_core.shell:Skip shell extension 'powershell' for command environment: Not usable outside of PowerShell
[21.611s] DEBUG:colcon.colcon_core.shell:Skip shell extension 'dsv' for command environment
[22.696s] DEBUG:colcon.colcon_core.event_handler.log_command:Invoking command in '/home/martin/autonomous_new/src/fsae_autonomous/control/fsae_can_bridge': AMENT_PREFIX_PATH=/home/martin/autonomous_new/install/fsae_interfaces:${AMENT_PREFIX_PATH} CMAKE_PREFIX_PATH=/home/martin/autonomous_new/install/fsae_interfaces:${CMAKE_PREFIX_PATH} LD_LIBRARY_PATH=/home/martin/autonomous_new/install/fsae_interfaces/lib:${LD_LIBRARY_PATH} PYTHONPATH=/home/martin/autonomous_new/build/fsae_can_bridge/prefix_override:/usr/lib/python3/dist-packages/colcon_core/task/python/colcon_distutils_commands:/home/martin/autonomous_new/install/fsae_can_bridge/lib/python3.12/site-packages:/home/martin/autonomous_new/install/fsae_interfaces/lib/python3.12/site-packages:${PYTHONPATH} /usr/bin/python3 -W ignore:setup.py install is deprecated -W ignore:easy_install command is deprecated setup.py egg_info --egg-base ../../../../build/fsae_can_bridge build --build-base /home/martin/autonomous_new/build/fsae_can_bridge/build install --record /home/martin/autonomous_new/build/fsae_can_bridge/install.log --single-version-externally-managed install_data
[22.700s] DEBUG:colcon.colcon_core.event_handler.log_command:Invoking command in '/home/martin/autonomous_new/src/fsae_autonomous/planning/fsae_mission_control': AMENT_PREFIX_PATH=/home/martin/autonomous_new/install/fsae_interfaces:${AMENT_PREFIX_PATH} CMAKE_PREFIX_PATH=/home/martin/autonomous_new/install/fsae_interfaces:${CMAKE_PREFIX_PATH} LD_LIBRARY_PATH=/home/martin/autonomous_new/install/fsae_interfaces/lib:${LD_LIBRARY_PATH} PYTHONPATH=/home/martin/autonomous_new/build/fsae_mission_control/prefix_override:/usr/lib/python3/dist-packages/colcon_core/task/python/colcon_distutils_commands:/home/martin/autonomous_new/install/fsae_mission_control/lib/python3.12/site-packages:/home/martin/autonomous_new/install/fsae_interfaces/lib/python3.12/site-packages:${PYTHONPATH} /usr/bin/python3 -W ignore:setup.py install is deprecated -W ignore:easy_install command is deprecated setup.py egg_info --egg-base ../../../../build/fsae_mission_control build --build-base /home/martin/autonomous_new/build/fsae_mission_control/build install --record /home/martin/autonomous_new/build/fsae_mission_control/install.log --single-version-externally-managed install_data
[22.753s] DEBUG:colcon.colcon_core.event_handler.log_command:Invoking command in '/home/martin/autonomous_new/src/fsae_autonomous/control/fsae_control': AMENT_PREFIX_PATH=/home/martin/autonomous_new/install/fsae_interfaces:${AMENT_PREFIX_PATH} CMAKE_PREFIX_PATH=/home/martin/autonomous_new/install/fsae_interfaces:${CMAKE_PREFIX_PATH} LD_LIBRARY_PATH=/home/martin/autonomous_new/install/fsae_interfaces/lib:${LD_LIBRARY_PATH} PYTHONPATH=/home/martin/autonomous_new/build/fsae_control/prefix_override:/usr/lib/python3/dist-packages/colcon_core/task/python/colcon_distutils_commands:/home/martin/autonomous_new/install/fsae_control/lib/python3.12/site-packages:/home/martin/autonomous_new/install/fsae_interfaces/lib/python3.12/site-packages:${PYTHONPATH} /usr/bin/python3 -W ignore:setup.py install is deprecated -W ignore:easy_install command is deprecated setup.py egg_info --egg-base ../../../../build/fsae_control build --build-base /home/martin/autonomous_new/build/fsae_control/build install --record /home/martin/autonomous_new/build/fsae_control/install.log --single-version-externally-managed install_data
[22.759s] DEBUG:colcon.colcon_core.event_handler.log_command:Invoking command in '/home/martin/autonomous_new/src/fsae_autonomous/perception/fsae_lidar': AMENT_PREFIX_PATH=/home/martin/autonomous_new/install/fsae_interfaces:${AMENT_PREFIX_PATH} CMAKE_PREFIX_PATH=/home/martin/autonomous_new/install/fsae_interfaces:${CMAKE_PREFIX_PATH} LD_LIBRARY_PATH=/home/martin/autonomous_new/install/fsae_interfaces/lib:${LD_LIBRARY_PATH} PYTHONPATH=/home/martin/autonomous_new/build/fsae_lidar/prefix_override:/usr/lib/python3/dist-packages/colcon_core/task/python/colcon_distutils_commands:/home/martin/autonomous_new/install/fsae_lidar/lib/python3.12/site-packages:/home/martin/autonomous_new/install/fsae_interfaces/lib/python3.12/site-packages:${PYTHONPATH} /usr/bin/python3 -W ignore:setup.py install is deprecated -W ignore:easy_install command is deprecated setup.py egg_info --egg-base ../../../../build/fsae_lidar build --build-base /home/martin/autonomous_new/build/fsae_lidar/build install --record /home/martin/autonomous_new/build/fsae_lidar/install.log --single-version-externally-managed install_data
[22.761s] DEBUG:colcon.colcon_core.event_handler.log_command:Invoking command in '/home/martin/autonomous_new/src/fsae_autonomous/planning/fsae_planning': AMENT_PREFIX_PATH=/home/martin/autonomous_new/install/fsae_interfaces:${AMENT_PREFIX_PATH} CMAKE_PREFIX_PATH=/home/martin/autonomous_new/install/fsae_interfaces:${CMAKE_PREFIX_PATH} LD_LIBRARY_PATH=/home/martin/autonomous_new/install/fsae_interfaces/lib:${LD_LIBRARY_PATH} PYTHONPATH=/home/martin/autonomous_new/build/fsae_planning/prefix_override:/usr/lib/python3/dist-packages/colcon_core/task/python/colcon_distutils_commands:/home/martin/autonomous_new/install/fsae_planning/lib/python3.12/site-packages:/home/martin/autonomous_new/install/fsae_interfaces/lib/python3.12/site-packages:${PYTHONPATH} /usr/bin/python3 -W ignore:setup.py install is deprecated -W ignore:easy_install command is deprecated setup.py egg_info --egg-base ../../../../build/fsae_planning build --build-base /home/martin/autonomous_new/build/fsae_planning/build install --record /home/martin/autonomous_new/build/fsae_planning/install.log --single-version-externally-managed install_data
[22.948s] DEBUG:colcon.colcon_core.event_handler.log_command:Invoking command in '/home/martin/autonomous_new/src/fsae_autonomous/visualization/fsae_visualization': AMENT_PREFIX_PATH=/home/martin/autonomous_new/install/fsae_interfaces:${AMENT_PREFIX_PATH} CMAKE_PREFIX_PATH=/home/martin/autonomous_new/install/fsae_interfaces:${CMAKE_PREFIX_PATH} LD_LIBRARY_PATH=/home/martin/autonomous_new/install/fsae_interfaces/lib:${LD_LIBRARY_PATH} PYTHONPATH=/home/martin/autonomous_new/build/fsae_visualization/prefix_override:/usr/lib/python3/dist-packages/colcon_core/task/python/colcon_distutils_commands:/home/martin/autonomous_new/install/fsae_visualization/lib/python3.12/site-packages:/home/martin/autonomous_new/install/fsae_interfaces/lib/python3.12/site-packages:${PYTHONPATH} /usr/bin/python3 -W ignore:setup.py install is deprecated -W ignore:easy_install command is deprecated setup.py egg_info --egg-base ../../../../build/fsae_visualization build --build-base /home/martin/autonomous_new/build/fsae_visualization/build install --record /home/martin/autonomous_new/build/fsae_visualization/install.log --single-version-externally-managed install_data
[23.983s] Level 1:colcon.colcon_core.environment:checking '/home/martin/autonomous_new/install/fsae_can_bridge' for CMake module files
[23.984s] DEBUG:colcon.colcon_core.event_handler.log_command:Invoked command in '/home/martin/autonomous_new/src/fsae_autonomous/control/fsae_can_bridge' returned '0': AMENT_PREFIX_PATH=/home/martin/autonomous_new/install/fsae_interfaces:${AMENT_PREFIX_PATH} CMAKE_PREFIX_PATH=/home/martin/autonomous_new/install/fsae_interfaces:${CMAKE_PREFIX_PATH} LD_LIBRARY_PATH=/home/martin/autonomous_new/install/fsae_interfaces/lib:${LD_LIBRARY_PATH} PYTHONPATH=/home/martin/autonomous_new/build/fsae_can_bridge/prefix_override:/usr/lib/python3/dist-packages/colcon_core/task/python/colcon_distutils_commands:/home/martin/autonomous_new/install/fsae_can_bridge/lib/python3.12/site-packages:/home/martin/autonomous_new/install/fsae_interfaces/lib/python3.12/site-packages:${PYTHONPATH} /usr/bin/python3 -W ignore:setup.py install is deprecated -W ignore:easy_install command is deprecated setup.py egg_info --egg-base ../../../../build/fsae_can_bridge build --build-base /home/martin/autonomous_new/build/fsae_can_bridge/build install --record /home/martin/autonomous_new/build/fsae_can_bridge/install.log --single-version-externally-managed install_data
[23.985s] Level 1:colcon.colcon_core.environment:checking '/home/martin/autonomous_new/install/fsae_can_bridge' for CMake config files
[23.987s] Level 1:colcon.colcon_core.environment:checking '/home/martin/autonomous_new/install/fsae_can_bridge/lib'
[23.987s] Level 1:colcon.colcon_core.environment:checking '/home/martin/autonomous_new/install/fsae_can_bridge/bin'
[23.987s] Level 1:colcon.colcon_core.environment:checking '/home/martin/autonomous_new/install/fsae_can_bridge/lib/pkgconfig/fsae_can_bridge.pc'
[23.987s] Level 1:colcon.colcon_core.environment:checking '/home/martin/autonomous_new/install/fsae_can_bridge/lib/python3.12/site-packages'
[23.988s] Level 1:colcon.colcon_core.shell:create_environment_hook('fsae_can_bridge', 'pythonpath')
[23.988s] INFO:colcon.colcon_core.shell:Creating environment hook '/home/martin/autonomous_new/install/fsae_can_bridge/share/fsae_can_bridge/hook/pythonpath.ps1'
[23.989s] INFO:colcon.colcon_core.shell:Creating environment descriptor '/home/martin/autonomous_new/install/fsae_can_bridge/share/fsae_can_bridge/hook/pythonpath.dsv'
[23.989s] INFO:colcon.colcon_core.shell:Creating environment hook '/home/martin/autonomous_new/install/fsae_can_bridge/share/fsae_can_bridge/hook/pythonpath.sh'
[23.991s] Level 1:colcon.colcon_core.environment:checking '/home/martin/autonomous_new/install/fsae_can_bridge/bin'
[23.991s] Level 1:colcon.colcon_core.environment:create_environment_scripts_only(fsae_can_bridge)
[23.991s] INFO:colcon.colcon_core.shell:Creating package script '/home/martin/autonomous_new/install/fsae_can_bridge/share/fsae_can_bridge/package.ps1'
[23.992s] INFO:colcon.colcon_core.shell:Creating package descriptor '/home/martin/autonomous_new/install/fsae_can_bridge/share/fsae_can_bridge/package.dsv'
[23.993s] INFO:colcon.colcon_core.shell:Creating package script '/home/martin/autonomous_new/install/fsae_can_bridge/share/fsae_can_bridge/package.sh'
[23.994s] INFO:colcon.colcon_core.shell:Creating package script '/home/martin/autonomous_new/install/fsae_can_bridge/share/fsae_can_bridge/package.bash'
[23.994s] INFO:colcon.colcon_core.shell:Creating package script '/home/martin/autonomous_new/install/fsae_can_bridge/share/fsae_can_bridge/package.zsh'
[23.995s] Level 1:colcon.colcon_core.environment:create_file_with_runtime_dependencies(/home/martin/autonomous_new/install/fsae_can_bridge/share/colcon-core/packages/fsae_can_bridge)
[24.000s] Level 1:colcon.colcon_core.environment:checking '/home/martin/autonomous_new/install/fsae_mission_control' for CMake module files
[24.002s] DEBUG:colcon.colcon_core.event_handler.log_command:Invoked command in '/home/martin/autonomous_new/src/fsae_autonomous/planning/fsae_mission_control' returned '0': AMENT_PREFIX_PATH=/home/martin/autonomous_new/install/fsae_interfaces:${AMENT_PREFIX_PATH} CMAKE_PREFIX_PATH=/home/martin/autonomous_new/install/fsae_interfaces:${CMAKE_PREFIX_PATH} LD_LIBRARY_PATH=/home/martin/autonomous_new/install/fsae_interfaces/lib:${LD_LIBRARY_PATH} PYTHONPATH=/home/martin/autonomous_new/build/fsae_mission_control/prefix_override:/usr/lib/python3/dist-packages/colcon_core/task/python/colcon_distutils_commands:/home/martin/autonomous_new/install/fsae_mission_control/lib/python3.12/site-packages:/home/martin/autonomous_new/install/fsae_interfaces/lib/python3.12/site-packages:${PYTHONPATH} /usr/bin/python3 -W ignore:setup.py install is deprecated -W ignore:easy_install command is deprecated setup.py egg_info --egg-base ../../../../build/fsae_mission_control build --build-base /home/martin/autonomous_new/build/fsae_mission_control/build install --record /home/martin/autonomous_new/build/fsae_mission_control/install.log --single-version-externally-managed install_data
[24.003s] Level 1:colcon.colcon_core.environment:checking '/home/martin/autonomous_new/install/fsae_mission_control' for CMake config files
[24.004s] Level 1:colcon.colcon_core.environment:checking '/home/martin/autonomous_new/install/fsae_mission_control/lib'
[24.004s] Level 1:colcon.colcon_core.environment:checking '/home/martin/autonomous_new/install/fsae_mission_control/bin'
[24.004s] Level 1:colcon.colcon_core.environment:checking '/home/martin/autonomous_new/install/fsae_mission_control/lib/pkgconfig/fsae_mission_control.pc'
[24.004s] Level 1:colcon.colcon_core.environment:checking '/home/martin/autonomous_new/install/fsae_mission_control/lib/python3.12/site-packages'
[24.005s] Level 1:colcon.colcon_core.shell:create_environment_hook('fsae_mission_control', 'pythonpath')
[24.005s] INFO:colcon.colcon_core.shell:Creating environment hook '/home/martin/autonomous_new/install/fsae_mission_control/share/fsae_mission_control/hook/pythonpath.ps1'
[24.006s] INFO:colcon.colcon_core.shell:Creating environment descriptor '/home/martin/autonomous_new/install/fsae_mission_control/share/fsae_mission_control/hook/pythonpath.dsv'
[24.007s] INFO:colcon.colcon_core.shell:Creating environment hook '/home/martin/autonomous_new/install/fsae_mission_control/share/fsae_mission_control/hook/pythonpath.sh'
[24.008s] Level 1:colcon.colcon_core.environment:checking '/home/martin/autonomous_new/install/fsae_mission_control/bin'
[24.008s] Level 1:colcon.colcon_core.environment:create_environment_scripts_only(fsae_mission_control)
[24.009s] INFO:colcon.colcon_core.shell:Creating package script '/home/martin/autonomous_new/install/fsae_mission_control/share/fsae_mission_control/package.ps1'
[24.010s] INFO:colcon.colcon_core.shell:Creating package descriptor '/home/martin/autonomous_new/install/fsae_mission_control/share/fsae_mission_control/package.dsv'
[24.011s] INFO:colcon.colcon_core.shell:Creating package script '/home/martin/autonomous_new/install/fsae_mission_control/share/fsae_mission_control/package.sh'
[24.012s] INFO:colcon.colcon_core.shell:Creating package script '/home/martin/autonomous_new/install/fsae_mission_control/share/fsae_mission_control/package.bash'
[24.013s] INFO:colcon.colcon_core.shell:Creating package script '/home/martin/autonomous_new/install/fsae_mission_control/share/fsae_mission_control/package.zsh'
[24.013s] Level 1:colcon.colcon_core.environment:create_file_with_runtime_dependencies(/home/martin/autonomous_new/install/fsae_mission_control/share/colcon-core/packages/fsae_mission_control)
[24.019s] Level 1:colcon.colcon_core.environment:checking '/home/martin/autonomous_new/install/fsae_control' for CMake module files
[24.020s] DEBUG:colcon.colcon_core.event_handler.log_command:Invoked command in '/home/martin/autonomous_new/src/fsae_autonomous/control/fsae_control' returned '0': AMENT_PREFIX_PATH=/home/martin/autonomous_new/install/fsae_interfaces:${AMENT_PREFIX_PATH} CMAKE_PREFIX_PATH=/home/martin/autonomous_new/install/fsae_interfaces:${CMAKE_PREFIX_PATH} LD_LIBRARY_PATH=/home/martin/autonomous_new/install/fsae_interfaces/lib:${LD_LIBRARY_PATH} PYTHONPATH=/home/martin/autonomous_new/build/fsae_control/prefix_override:/usr/lib/python3/dist-packages/colcon_core/task/python/colcon_distutils_commands:/home/martin/autonomous_new/install/fsae_control/lib/python3.12/site-packages:/home/martin/autonomous_new/install/fsae_interfaces/lib/python3.12/site-packages:${PYTHONPATH} /usr/bin/python3 -W ignore:setup.py install is deprecated -W ignore:easy_install command is deprecated setup.py egg_info --egg-base ../../../../build/fsae_control build --build-base /home/martin/autonomous_new/build/fsae_control/build install --record /home/martin/autonomous_new/build/fsae_control/install.log --single-version-externally-managed install_data
[24.023s] Level 1:colcon.colcon_core.environment:checking '/home/martin/autonomous_new/install/fsae_control' for CMake config files
[24.026s] Level 1:colcon.colcon_core.environment:checking '/home/martin/autonomous_new/install/fsae_control/lib'
[24.026s] Level 1:colcon.colcon_core.environment:checking '/home/martin/autonomous_new/install/fsae_control/bin'
[24.027s] Level 1:colcon.colcon_core.environment:checking '/home/martin/autonomous_new/install/fsae_control/lib/pkgconfig/fsae_control.pc'
[24.027s] Level 1:colcon.colcon_core.environment:checking '/home/martin/autonomous_new/install/fsae_control/lib/python3.12/site-packages'
[24.028s] Level 1:colcon.colcon_core.shell:create_environment_hook('fsae_control', 'pythonpath')
[24.028s] INFO:colcon.colcon_core.shell:Creating environment hook '/home/martin/autonomous_new/install/fsae_control/share/fsae_control/hook/pythonpath.ps1'
[24.029s] INFO:colcon.colcon_core.shell:Creating environment descriptor '/home/martin/autonomous_new/install/fsae_control/share/fsae_control/hook/pythonpath.dsv'
[24.030s] INFO:colcon.colcon_core.shell:Creating environment hook '/home/martin/autonomous_new/install/fsae_control/share/fsae_control/hook/pythonpath.sh'
[24.031s] Level 1:colcon.colcon_core.environment:checking '/home/martin/autonomous_new/install/fsae_control/bin'
[24.031s] Level 1:colcon.colcon_core.environment:create_environment_scripts_only(fsae_control)
[24.032s] INFO:colcon.colcon_core.shell:Creating package script '/home/martin/autonomous_new/install/fsae_control/share/fsae_control/package.ps1'
[24.033s] INFO:colcon.colcon_core.shell:Creating package descriptor '/home/martin/autonomous_new/install/fsae_control/share/fsae_control/package.dsv'
[24.034s] INFO:colcon.colcon_core.shell:Creating package script '/home/martin/autonomous_new/install/fsae_control/share/fsae_control/package.sh'
[24.035s] INFO:colcon.colcon_core.shell:Creating package script '/home/martin/autonomous_new/install/fsae_control/share/fsae_control/package.bash'
[24.035s] INFO:colcon.colcon_core.shell:Creating package script '/home/martin/autonomous_new/install/fsae_control/share/fsae_control/package.zsh'
[24.036s] Level 1:colcon.colcon_core.environment:create_file_with_runtime_dependencies(/home/martin/autonomous_new/install/fsae_control/share/colcon-core/packages/fsae_control)
[24.059s] Level 1:colcon.colcon_core.environment:checking '/home/martin/autonomous_new/install/fsae_lidar' for CMake module files
[24.060s] DEBUG:colcon.colcon_core.event_handler.log_command:Invoked command in '/home/martin/autonomous_new/src/fsae_autonomous/perception/fsae_lidar' returned '0': AMENT_PREFIX_PATH=/home/martin/autonomous_new/install/fsae_interfaces:${AMENT_PREFIX_PATH} CMAKE_PREFIX_PATH=/home/martin/autonomous_new/install/fsae_interfaces:${CMAKE_PREFIX_PATH} LD_LIBRARY_PATH=/home/martin/autonomous_new/install/fsae_interfaces/lib:${LD_LIBRARY_PATH} PYTHONPATH=/home/martin/autonomous_new/build/fsae_lidar/prefix_override:/usr/lib/python3/dist-packages/colcon_core/task/python/colcon_distutils_commands:/home/martin/autonomous_new/install/fsae_lidar/lib/python3.12/site-packages:/home/martin/autonomous_new/install/fsae_interfaces/lib/python3.12/site-packages:${PYTHONPATH} /usr/bin/python3 -W ignore:setup.py install is deprecated -W ignore:easy_install command is deprecated setup.py egg_info --egg-base ../../../../build/fsae_lidar build --build-base /home/martin/autonomous_new/build/fsae_lidar/build install --record /home/martin/autonomous_new/build/fsae_lidar/install.log --single-version-externally-managed install_data
[24.061s] Level 1:colcon.colcon_core.environment:checking '/home/martin/autonomous_new/install/fsae_lidar' for CMake config files
[24.062s] Level 1:colcon.colcon_core.environment:checking '/home/martin/autonomous_new/install/fsae_lidar/lib'
[24.062s] Level 1:colcon.colcon_core.environment:checking '/home/martin/autonomous_new/install/fsae_lidar/bin'
[24.063s] Level 1:colcon.colcon_core.environment:checking '/home/martin/autonomous_new/install/fsae_lidar/lib/pkgconfig/fsae_lidar.pc'
[24.063s] Level 1:colcon.colcon_core.environment:checking '/home/martin/autonomous_new/install/fsae_lidar/lib/python3.12/site-packages'
[24.063s] Level 1:colcon.colcon_core.shell:create_environment_hook('fsae_lidar', 'pythonpath')
[24.064s] INFO:colcon.colcon_core.shell:Creating environment hook '/home/martin/autonomous_new/install/fsae_lidar/share/fsae_lidar/hook/pythonpath.ps1'
[24.065s] INFO:colcon.colcon_core.shell:Creating environment descriptor '/home/martin/autonomous_new/install/fsae_lidar/share/fsae_lidar/hook/pythonpath.dsv'
[24.065s] INFO:colcon.colcon_core.shell:Creating environment hook '/home/martin/autonomous_new/install/fsae_lidar/share/fsae_lidar/hook/pythonpath.sh'
[24.066s] Level 1:colcon.colcon_core.environment:checking '/home/martin/autonomous_new/install/fsae_lidar/bin'
[24.066s] Level 1:colcon.colcon_core.environment:create_environment_scripts_only(fsae_lidar)
[24.067s] INFO:colcon.colcon_core.shell:Creating package script '/home/martin/autonomous_new/install/fsae_lidar/share/fsae_lidar/package.ps1'
[24.068s] INFO:colcon.colcon_core.shell:Creating package descriptor '/home/martin/autonomous_new/install/fsae_lidar/share/fsae_lidar/package.dsv'
[24.068s] INFO:colcon.colcon_core.shell:Creating package script '/home/martin/autonomous_new/install/fsae_lidar/share/fsae_lidar/package.sh'
[24.070s] INFO:colcon.colcon_core.shell:Creating package script '/home/martin/autonomous_new/install/fsae_lidar/share/fsae_lidar/package.bash'
[24.071s] INFO:colcon.colcon_core.shell:Creating package script '/home/martin/autonomous_new/install/fsae_lidar/share/fsae_lidar/package.zsh'
[24.072s] Level 1:colcon.colcon_core.environment:create_file_with_runtime_dependencies(/home/martin/autonomous_new/install/fsae_lidar/share/colcon-core/packages/fsae_lidar)
[24.078s] Level 1:colcon.colcon_core.environment:checking '/home/martin/autonomous_new/install/fsae_planning' for CMake module files
[24.080s] DEBUG:colcon.colcon_core.event_handler.log_command:Invoked command in '/home/martin/autonomous_new/src/fsae_autonomous/planning/fsae_planning' returned '0': AMENT_PREFIX_PATH=/home/martin/autonomous_new/install/fsae_interfaces:${AMENT_PREFIX_PATH} CMAKE_PREFIX_PATH=/home/martin/autonomous_new/install/fsae_interfaces:${CMAKE_PREFIX_PATH} LD_LIBRARY_PATH=/home/martin/autonomous_new/install/fsae_interfaces/lib:${LD_LIBRARY_PATH} PYTHONPATH=/home/martin/autonomous_new/build/fsae_planning/prefix_override:/usr/lib/python3/dist-packages/colcon_core/task/python/colcon_distutils_commands:/home/martin/autonomous_new/install/fsae_planning/lib/python3.12/site-packages:/home/martin/autonomous_new/install/fsae_interfaces/lib/python3.12/site-packages:${PYTHONPATH} /usr/bin/python3 -W ignore:setup.py install is deprecated -W ignore:easy_install command is deprecated setup.py egg_info --egg-base ../../../../build/fsae_planning build --build-base /home/martin/autonomous_new/build/fsae_planning/build install --record /home/martin/autonomous_new/build/fsae_planning/install.log --single-version-externally-managed install_data
[24.080s] Level 1:colcon.colcon_core.environment:checking '/home/martin/autonomous_new/install/fsae_planning' for CMake config files
[24.081s] Level 1:colcon.colcon_core.environment:checking '/home/martin/autonomous_new/install/fsae_planning/lib'
[24.082s] Level 1:colcon.colcon_core.environment:checking '/home/martin/autonomous_new/install/fsae_planning/bin'
[24.082s] Level 1:colcon.colcon_core.environment:checking '/home/martin/autonomous_new/install/fsae_planning/lib/pkgconfig/fsae_planning.pc'
[24.082s] Level 1:colcon.colcon_core.environment:checking '/home/martin/autonomous_new/install/fsae_planning/lib/python3.12/site-packages'
[24.082s] Level 1:colcon.colcon_core.shell:create_environment_hook('fsae_planning', 'pythonpath')
[24.083s] INFO:colcon.colcon_core.shell:Creating environment hook '/home/martin/autonomous_new/install/fsae_planning/share/fsae_planning/hook/pythonpath.ps1'
[24.084s] INFO:colcon.colcon_core.shell:Creating environment descriptor '/home/martin/autonomous_new/install/fsae_planning/share/fsae_planning/hook/pythonpath.dsv'
[24.084s] INFO:colcon.colcon_core.shell:Creating environment hook '/home/martin/autonomous_new/install/fsae_planning/share/fsae_planning/hook/pythonpath.sh'
[24.086s] Level 1:colcon.colcon_core.environment:checking '/home/martin/autonomous_new/install/fsae_planning/bin'
[24.086s] Level 1:colcon.colcon_core.environment:create_environment_scripts_only(fsae_planning)
[24.087s] INFO:colcon.colcon_core.shell:Creating package script '/home/martin/autonomous_new/install/fsae_planning/share/fsae_planning/package.ps1'
[24.088s] INFO:colcon.colcon_core.shell:Creating package descriptor '/home/martin/autonomous_new/install/fsae_planning/share/fsae_planning/package.dsv'
[24.089s] INFO:colcon.colcon_core.shell:Creating package script '/home/martin/autonomous_new/install/fsae_planning/share/fsae_planning/package.sh'
[24.090s] INFO:colcon.colcon_core.shell:Creating package script '/home/martin/autonomous_new/install/fsae_planning/share/fsae_planning/package.bash'
[24.091s] INFO:colcon.colcon_core.shell:Creating package script '/home/martin/autonomous_new/install/fsae_planning/share/fsae_planning/package.zsh'
[24.092s] Level 1:colcon.colcon_core.environment:create_file_with_runtime_dependencies(/home/martin/autonomous_new/install/fsae_planning/share/colcon-core/packages/fsae_planning)
[24.272s] Level 1:colcon.colcon_core.environment:checking '/home/martin/autonomous_new/install/fsae_visualization' for CMake module files
[24.273s] DEBUG:colcon.colcon_core.event_handler.log_command:Invoked command in '/home/martin/autonomous_new/src/fsae_autonomous/visualization/fsae_visualization' returned '0': AMENT_PREFIX_PATH=/home/martin/autonomous_new/install/fsae_interfaces:${AMENT_PREFIX_PATH} CMAKE_PREFIX_PATH=/home/martin/autonomous_new/install/fsae_interfaces:${CMAKE_PREFIX_PATH} LD_LIBRARY_PATH=/home/martin/autonomous_new/install/fsae_interfaces/lib:${LD_LIBRARY_PATH} PYTHONPATH=/home/martin/autonomous_new/build/fsae_visualization/prefix_override:/usr/lib/python3/dist-packages/colcon_core/task/python/colcon_distutils_commands:/home/martin/autonomous_new/install/fsae_visualization/lib/python3.12/site-packages:/home/martin/autonomous_new/install/fsae_interfaces/lib/python3.12/site-packages:${PYTHONPATH} /usr/bin/python3 -W ignore:setup.py install is deprecated -W ignore:easy_install command is deprecated setup.py egg_info --egg-base ../../../../build/fsae_visualization build --build-base /home/martin/autonomous_new/build/fsae_visualization/build install --record /home/martin/autonomous_new/build/fsae_visualization/install.log --single-version-externally-managed install_data
[24.274s] Level 1:colcon.colcon_core.environment:checking '/home/martin/autonomous_new/install/fsae_visualization' for CMake config files
[24.275s] Level 1:colcon.colcon_core.environment:checking '/home/martin/autonomous_new/install/fsae_visualization/lib'
[24.275s] Level 1:colcon.colcon_core.environment:checking '/home/martin/autonomous_new/install/fsae_visualization/bin'
[24.275s] Level 1:colcon.colcon_core.environment:checking '/home/martin/autonomous_new/install/fsae_visualization/lib/pkgconfig/fsae_visualization.pc'
[24.275s] Level 1:colcon.colcon_core.environment:checking '/home/martin/autonomous_new/install/fsae_visualization/lib/python3.12/site-packages'
[24.275s] Level 1:colcon.colcon_core.shell:create_environment_hook('fsae_visualization', 'pythonpath')
[24.276s] INFO:colcon.colcon_core.shell:Creating environment hook '/home/martin/autonomous_new/install/fsae_visualization/share/fsae_visualization/hook/pythonpath.ps1'
[24.276s] INFO:colcon.colcon_core.shell:Creating environment descriptor '/home/martin/autonomous_new/install/fsae_visualization/share/fsae_visualization/hook/pythonpath.dsv'
[24.277s] INFO:colcon.colcon_core.shell:Creating environment hook '/home/martin/autonomous_new/install/fsae_visualization/share/fsae_visualization/hook/pythonpath.sh'
[24.278s] Level 1:colcon.colcon_core.environment:checking '/home/martin/autonomous_new/install/fsae_visualization/bin'
[24.278s] Level 1:colcon.colcon_core.environment:create_environment_scripts_only(fsae_visualization)
[24.278s] INFO:colcon.colcon_core.shell:Creating package script '/home/martin/autonomous_new/install/fsae_visualization/share/fsae_visualization/package.ps1'
[24.279s] INFO:colcon.colcon_core.shell:Creating package descriptor '/home/martin/autonomous_new/install/fsae_visualization/share/fsae_visualization/package.dsv'
[24.279s] INFO:colcon.colcon_core.shell:Creating package script '/home/martin/autonomous_new/install/fsae_visualization/share/fsae_visualization/package.sh'
[24.280s] INFO:colcon.colcon_core.shell:Creating package script '/home/martin/autonomous_new/install/fsae_visualization/share/fsae_visualization/package.bash'
[24.281s] INFO:colcon.colcon_core.shell:Creating package script '/home/martin/autonomous_new/install/fsae_visualization/share/fsae_visualization/package.zsh'
[24.281s] Level 1:colcon.colcon_core.environment:create_file_with_runtime_dependencies(/home/martin/autonomous_new/install/fsae_visualization/share/colcon-core/packages/fsae_visualization)
[24.608s] DEBUG:colcon.colcon_core.event_handler.log_command:Invoked command in '/home/martin/autonomous_new/build/fsae_camera' returned '1': AMENT_PREFIX_PATH=/home/martin/autonomous_new/install/fsae_interfaces:${AMENT_PREFIX_PATH} CMAKE_PREFIX_PATH=/home/martin/autonomous_new/install/fsae_interfaces:/opt/ros/jazzy/opt/sdformat_vendor:/opt/ros/jazzy/opt/gz_math_vendor:/opt/ros/jazzy/opt/gz_utils_vendor:/opt/ros/jazzy/opt/gz_tools_vendor:/opt/ros/jazzy/opt/gz_cmake_vendor:/opt/ros/jazzy LD_LIBRARY_PATH=/home/martin/autonomous_new/install/fsae_interfaces/lib:${LD_LIBRARY_PATH} PYTHONPATH=/home/martin/autonomous_new/install/fsae_interfaces/lib/python3.12/site-packages:${PYTHONPATH} /usr/bin/cmake /home/martin/autonomous_new/src/fsae_autonomous/perception/fsae_camera -DCMAKE_INSTALL_PREFIX=/home/martin/autonomous_new/install/fsae_camera
[24.625s] Level 1:colcon.colcon_core.environment:create_environment_scripts_only(fsae_camera)
[24.625s] Level 1:colcon.colcon_core.environment:checking '/home/martin/autonomous_new/install/fsae_camera' for CMake module files
[24.626s] Level 1:colcon.colcon_core.environment:checking '/home/martin/autonomous_new/install/fsae_camera' for CMake config files
[24.627s] Level 1:colcon.colcon_core.environment:checking '/home/martin/autonomous_new/install/fsae_camera/bin'
[24.627s] Level 1:colcon.colcon_core.environment:checking '/home/martin/autonomous_new/install/fsae_camera/lib/pkgconfig/fsae_camera.pc'
[24.627s] Level 1:colcon.colcon_core.environment:checking '/home/martin/autonomous_new/install/fsae_camera/lib/python3.12/site-packages'
[24.628s] Level 1:colcon.colcon_core.environment:checking '/home/martin/autonomous_new/install/fsae_camera/bin'
[24.628s] INFO:colcon.colcon_core.shell:Creating package script '/home/martin/autonomous_new/install/fsae_camera/share/fsae_camera/package.ps1'
[24.631s] INFO:colcon.colcon_core.shell:Creating package descriptor '/home/martin/autonomous_new/install/fsae_camera/share/fsae_camera/package.dsv'
[24.632s] INFO:colcon.colcon_core.shell:Creating package script '/home/martin/autonomous_new/install/fsae_camera/share/fsae_camera/package.sh'
[24.632s] INFO:colcon.colcon_core.shell:Creating package script '/home/martin/autonomous_new/install/fsae_camera/share/fsae_camera/package.bash'
[24.633s] INFO:colcon.colcon_core.shell:Creating package script '/home/martin/autonomous_new/install/fsae_camera/share/fsae_camera/package.zsh'
[24.634s] Level 1:colcon.colcon_core.environment:create_file_with_runtime_dependencies(/home/martin/autonomous_new/install/fsae_camera/share/colcon-core/packages/fsae_camera)
[27.409s] DEBUG:colcon.colcon_parallel_executor.executor.parallel:closing loop
[27.409s] DEBUG:colcon.colcon_parallel_executor.executor.parallel:loop closed
[27.409s] DEBUG:colcon.colcon_parallel_executor.executor.parallel:run_until_complete finished with '1'
[27.410s] DEBUG:colcon.colcon_core.event_reactor:joining thread
[27.494s] INFO:colcon.colcon_core.plugin_system:Skipping extension 'colcon_notification.desktop_notification.notify_send': Could not find 'notify-send'
[27.494s] INFO:colcon.colcon_core.plugin_system:Skipping extension 'colcon_notification.desktop_notification.terminal_notifier': Not used on non-Darwin systems
[27.494s] INFO:colcon.colcon_core.plugin_system:Skipping extension 'colcon_notification.desktop_notification.win32': Not used on non-Windows systems
[27.494s] INFO:colcon.colcon_notification.desktop_notification:Sending desktop notification using 'notify2'
[27.539s] DEBUG:colcon.colcon_notification.desktop_notification.notify2:Failed to initialize notify2: org.freedesktop.DBus.Error.ServiceUnknown: The name org.freedesktop.Notifications was not provided by any .service files
[27.539s] DEBUG:colcon.colcon_core.event_reactor:joined thread
[27.540s] INFO:colcon.colcon_core.shell:Creating prefix script '/home/martin/autonomous_new/install/local_setup.ps1'
[27.542s] INFO:colcon.colcon_core.shell:Creating prefix util module '/home/martin/autonomous_new/install/_local_setup_util_ps1.py'
[27.543s] INFO:colcon.colcon_core.shell:Creating prefix chain script '/home/martin/autonomous_new/install/setup.ps1'
[27.544s] INFO:colcon.colcon_core.shell:Creating prefix script '/home/martin/autonomous_new/install/local_setup.sh'
[27.545s] INFO:colcon.colcon_core.shell:Creating prefix util module '/home/martin/autonomous_new/install/_local_setup_util_sh.py'
[27.546s] INFO:colcon.colcon_core.shell:Creating prefix chain script '/home/martin/autonomous_new/install/setup.sh'
[27.547s] INFO:colcon.colcon_core.shell:Creating prefix script '/home/martin/autonomous_new/install/local_setup.bash'
[27.548s] INFO:colcon.colcon_core.shell:Creating prefix chain script '/home/martin/autonomous_new/install/setup.bash'
[27.549s] INFO:colcon.colcon_core.shell:Creating prefix script '/home/martin/autonomous_new/install/local_setup.zsh'
[27.550s] INFO:colcon.colcon_core.shell:Creating prefix chain script '/home/martin/autonomous_new/install/setup.zsh'
